product_id,sku,category,marketplace,price,cost,rating,launch_date,total_orders,total_sales,total_returns,total_revenue,total_ad_spend,avg_daily_sales,sales_std,avg_discount,days_with_data,return_rate,ad_spend_per_sale,sales_volatility,top_return_reason,verification_fail_rate,avg_damage_probability,avg_anomaly_score,days_since_launch,margin_pct,price_tier
MCH-P-000001,SKU-A385151E,audio_headphones,meesho,17722.91,14187.35,2.7,2024-09-19,6486,6098,921,101160597.98,113061.73,16.706849315068492,5.408995579382657,0.047972602739726034,365,0.15103312561495572,18.54078878320761,0.3237591647219859,damage,0.3333333333333333,0.075,0.08666666666666667,703,0.19949094138603646,luxury
MCH-P-000002,SKU-C7C87603,bedding_linen,purplle,7812.27,5987.32,2.8,2024-11-07,1752,1392,128,10145873.16,110692.59,3.813698630136986,2.371610656648533,0.052301369863013696,365,0.09195402298850575,79.52053879310344,0.621866300055111,not_needed,0.0,0.010333333333333333,0.043333333333333335,654,0.2336004771980488,premium
MCH-P-000003,SKU-145EA0A3,sports_fitness,purplle,14957.13,12330.18,4.6,2025-06-28,6027,5657,517,79041551.77,108043.92,15.498630136986302,5.6537572149671,0.049369863013698626,365,0.09139119674739261,19.099155029167402,0.3647907695709725,damage,0.0,0.08800000000000001,0.07733333333333332,421,0.17563195613062124,luxury
MCH-P-000004,SKU-97670A5D,home_decor,croma,6734.14,3902.66,2.7,2026-05-05,2825,2460,250,15543068.58,113907.42,6.739726027397261,3.011093943722051,0.04983561643835617,365,0.1016260162601626,46.30382926829268,0.4467680038449384,damage,0.0,0.05333333333333334,0.03766666666666667,110,0.42046645896877705,premium
MCH-P-000005,SKU-F8A6E004,books_media,indiamart,1931.46,1478.21,4.9,2024-08-03,652,344,6,614918.94,114723.96,0.9424657534246575,1.1834385790525357,0.05027397260273973,365,0.01744186046511628,333.49988372093026,1.25568337602958,not_needed,0.0,0.011000000000000001,0.083,750,0.2346670394416659,mid
MCH-P-000006,SKU-5D14A833,winterwear,snapdeal,8091.42,6250.09,3.7,2024-10-01,6457,6072,791,45660854.04,110361.91,16.635616438356163,5.551590452813771,0.0558904109589041,365,0.13027009222661395,18.175545125164692,0.33371714678475406,not_needed,0.0,0.052,0.07466666666666667,691,0.22756574247783454,premium
MCH-P-000007,SKU-F0B2AA1D,makeup_cosmetics,walmart_marketplace,700.88,518.0,4.9,2026-06-16,1203,857,46,559393.33,108531.05,2.347945205479452,1.8802114088698265,0.05153424657534246,365,0.05367561260210035,126.64066511085181,0.8007901566365073,damage,0.0,0.06166666666666667,0.08633333333333333,68,0.26092911768063004,mid
MCH-P-000008,SKU-480205A2,garden_outdoor,pepperfry,4987.83,3140.64,3.0,2026-05-19,6438,6048,355,28196851.32,109529.7,16.56986301369863,5.741565360019951,0.04975342465753425,365,0.05869708994708995,18.110069444444445,0.3465065073424739,damage,0.0,0.048999999999999995,0.07733333333333332,96,0.3703394061144827,premium
MCH-P-000009,SKU-43E007D7,skincare,reliance_digital,2430.43,1408.24,3.6,2026-04-02,4145,3779,113,8610017.06,111371.75,10.353424657534246,4.008030475738089,0.04715068493150685,365,0.02990209050013231,29.471222545646995,0.38712122880243516,not_needed,0.0,0.023000000000000003,0.08033333333333333,143,0.4205798973844134,premium
MCH-P-000010,SKU-ED0FBB46,kitchenware_dining,nykaa,8343.35,6216.57,4.6,2026-05-01,6787,6401,563,50135774.2,109493.78,17.53698630136986,5.57534572055025,0.04742465753424658,365,0.08795500703015154,17.10573035463209,0.31791926074064075,damage,0.0,0.08866666666666667,0.077,114,0.25490720154374447,premium
MCH-P-000011,SKU-017A5E71,watches_eyewear,tata_cliq,19557.06,11752.13,2.8,2024-08-23,3696,3331,480,60912027.97,112682.95,9.126027397260273,3.4823742767891765,0.05112328767123288,365,0.1441008706094266,33.82856499549685,0.38158709427440696,damage,0.0,0.08,0.05466666666666666,730,0.39908503629891207,luxury
MCH-P-000012,SKU-A75D18AF,bedding_linen,purplle,1838.49,923.98,4.2,2024-08-30,7016,6623,512,11339879.86,116557.59,18.145205479452056,5.769687773559807,0.052410958904109586,365,0.07730635663596558,17.598911369470027,0.3179731296012878,size_issue,0.0,0.042666666666666665,0.06266666666666666,723,0.497424516858944,mid
MCH-P-000013,SKU-044CAE81,skincare,urban_ladder,3925.35,2593.17,2.8,2024-11-18,6744,6357,185,23289729.58,111850.07,17.416438356164385,5.477903006240395,0.051726027397260274,365,0.029101777568035236,17.594788422211735,0.3145248697935731,size_issue,0.0,0.05833333333333333,0.05466666666666667,643,0.3393786541327525,premium
MCH-P-000014,SKU-2E691B2A,personal_care,pepperfry,329.71,241.99,3.9,2025-01-01,4809,4441,141,1364728.99,108943.68,12.167123287671233,4.521865522181354,0.05134246575342466,365,0.03174960594460707,24.53133978833596,0.3716462318388188,not_needed,0.0,0.030666666666666665,0.035,599,0.26605198507779554,budget
MCH-P-000015,SKU-BC346C60,audio_headphones,meesho,25497.95,17689.27,3.3,2024-09-27,1893,1531,241,36533462.75,109629.34,4.1945205479452055,2.560900554758489,0.04805479452054794,365,0.1574134552580013,71.60636185499673,0.6105347501547018,damage,0.0,0.07966666666666666,0.04700000000000001,695,0.3062473649842438,luxury
MCH-P-000016,SKU-56F417AF,personal_care,snapdeal,124.53,81.3,3.5,2024-03-22,2827,2464,65,287903.37,109402.61,6.750684931506849,3.2089813559394234,0.04542465753424658,365,0.026379870129870128,44.4004099025974,0.4753564102751175,size_issue,0.0,0.03233333333333333,0.052333333333333336,884,0.34714526620091546,budget
MCH-P-000017,SKU-6B5AF7E9,industrial_scientific,etsy,23623.0,12293.55,3.2,2024-07-12,2990,2626,132,57777605.86,109260.78,7.1945205479452055,3.4383059658934663,0.04967123287671232,365,0.05026656511805026,41.607303884234575,0.477906198610478,damage,0.0,0.08533333333333333,0.047999999999999994,772,0.47959403970706516,luxury
MCH-P-000018,SKU-A9BA09C6,ethnic_wear,purplle,16716.62,11617.4,4.2,2025-05-11,2205,1842,296,28685887.11,111959.77,5.046575342465753,2.7547203340123505,0.051424657534246576,365,0.16069489685124863,60.781634093376766,0.5458593495735656,size_issue,0.0,0.019666666666666666,0.07433333333333333,469,0.305038937297133,luxury
MCH-P-000019,SKU-DBE6E3D4,jewellery,shopsy,81439.05,45478.87,2.7,2025-08-05,5789,5413,901,413369958.77,112945.2,14.830136986301369,5.003698767392936,0.048493150684931506,365,0.16645113615370405,20.86554590799926,0.3374007112688752,damage,0.0,0.09466666666666668,0.06133333333333333,383,0.4415594238881716,luxury
MCH-P-000020,SKU-AEB9D567,mobiles_tablets,ajio,109186.55,72244.05,3.8,2024-11-08,6747,6365,885,648274395.19,113841.48,17.438356164383563,5.845507106687745,0.05063013698630137,365,0.13904163393558522,17.885542812254517,0.33520975552883375,damage,0.3333333333333333,0.09833333333333334,0.004,653,0.33834295524494545,luxury
MCH-P-000021,SKU-B90052D6,automotive_accessories,ajio,17453.26,11452.04,3.3,2026-03-14,4449,4082,381,66642306.22,109360.03,11.183561643835617,4.17498482258971,0.04857534246575342,365,0.09333659970602645,26.79079617834395,0.37331441946233324,damage,0.0,0.077,0.056999999999999995,162,0.34384521860099476,luxury
MCH-P-000022,SKU-996071B7,bags_luggage,meesho,12716.2,7968.41,2.8,2024-04-11,6916,6531,612,78025077.28,117080.14,17.893150684931506,5.390476155014612,0.047287671232876714,365,0.09370693615066605,17.926832031848107,0.3012591940867147,not_needed,0.0,0.050666666666666665,0.06,864,0.3733654708167535,luxury
MCH-P-000023,SKU-1DBB2E06,innerwear_sleepwear,pepperfry,2285.07,1702.14,4.9,2024-04-09,1880,1518,153,3212328.5500000003,112064.06,4.158904109589041,2.5195845864015993,0.05254794520547945,365,0.1007905138339921,73.82349143610013,0.6058289684035467,size_issue,0.0,0.02666666666666667,0.014333333333333335,866,0.255103782378658,premium
MCH-P-000024,SKU-BC21B39C,kids_apparel,pepperfry,3159.03,2372.15,3.2,2024-09-06,7514,7123,829,21125791.98,116133.59,19.515068493150686,5.934895669044119,0.048794520547945204,365,0.11638354625859891,16.30402779727643,0.3041186184474383,not_needed,0.3333333333333333,0.018333333333333333,0.055999999999999994,716,0.24908911912834006,premium
MCH-P-000025,SKU-E01B6D50,audio_headphones,1mg,36133.22,23830.64,3.3,2026-05-02,4701,4333,648,147000778.91,117044.54,11.871232876712329,4.476111178024627,0.045780821917808225,365,0.14954996538195245,27.012356335102698,0.3770552919406852,damage,0.0,0.074,0.044000000000000004,113,0.34047837419416266,luxury
MCH-P-000026,SKU-9B847234,mens_apparel,etsy,4759.57,2674.26,4.4,2025-06-17,2093,1729,258,7688085.84,107474.94,4.736986301369863,2.7249108690592667,0.05046575342465754,365,0.1492192018507808,62.16017351069983,0.5752414500905912,size_issue,0.0,0.056333333333333326,0.04133333333333334,432,0.43812991509737215,premium
MCH-P-000027,SKU-A2C2C515,makeup_cosmetics,myntra,1784.59,1284.12,4.1,2024-11-06,5147,4778,271,7965321.16,112132.75,13.09041095890411,4.652783769816815,0.05101369863013699,365,0.056718292172457094,23.468553788195898,0.35543450732171145,damage,0.0,0.13066666666666668,0.023000000000000003,655,0.28043976487596595,mid
MCH-P-000028,SKU-D3A27C23,health_wellness,flipkart,597.31,385.58,3.7,2024-09-08,3573,3208,124,1799456.09,110885.7,8.789041095890411,3.645995908649501,0.04687671232876712,365,0.03865336658354115,34.56536783042394,0.41483432252402364,wrong_item,0.3333333333333333,0.010333333333333333,0.026333333333333334,714,0.35447255194120303,mid
MCH-P-000029,SKU-E3BD8B09,computer_accessories,ajio,2338.1,1253.67,2.9,2025-10-11,2397,2032,244,4426701.29,110147.04,5.567123287671233,2.878303395762006,0.052575342465753426,365,0.12007874015748031,54.20622047244094,0.5170180804395336,damage,0.0,0.08066666666666666,0.05466666666666667,316,0.4638082203498567,premium
MCH-P-000030,SKU-B4BBEFB1,health_wellness,shopsy,5558.13,3909.43,4.0,2025-07-01,803,480,24,2498712.9,111662.13,1.3150684931506849,1.3574854777193293,0.046493150684931504,365,0.05,232.62943750000002,1.03225458201574,size_issue,0.3333333333333333,0.019666666666666666,0.08433333333333333,418,0.2966285423334827,premium
MCH-P-000031,SKU-9694E514,ethnic_wear,pepperfry,23984.66,16041.09,2.7,2026-07-05,1874,1513,235,33670145.35,109849.2,4.145205479452055,2.6035183873705376,0.05134246575342465,365,0.1553205551883675,72.60356906807667,0.6280794523398852,size_issue,0.0,0.0,0.03333333333333333,49,0.33119377135218925,luxury
MCH-P-000032,SKU-D23E58A3,toys_games,own_shopify_store,3969.75,2666.67,3.9,2025-07-06,5272,4905,570,18061171.57,114581.3,13.438356164383562,4.697983847932621,0.053835616438356174,365,0.1162079510703364,23.360101936799186,0.3495951283374937,damage,0.0,0.07933333333333333,0.051,413,0.32825240884186657,premium
MCH-P-000033,SKU-7CC5BE5B,fragrances,croma,2281.68,1405.63,3.6,2025-06-08,3227,2862,221,6139818.34,113037.53,7.841095890410959,3.4156972650856874,0.04736986301369863,365,0.07721872816212438,39.49599231306779,0.43561478048786717,damage,0.3333333333333333,0.06366666666666666,0.017333333333333333,441,0.3839495459485992,premium
MCH-P-000034,SKU-7F195B2E,haircare,walmart_marketplace,161.7,127.61,2.9,2026-07-16,626,339,12,50720.4,107045.38,0.9287671232876712,1.1976946092131042,0.0461095890410959,365,0.035398230088495575,315.7680825958702,1.2895531928105695,not_needed,0.0,0.063,0.04733333333333334,38,0.21082251082251077,budget
MCH-P-000035,SKU-C35AF263,footwear,myntra,1658.59,1219.53,4.1,2025-03-29,3313,2948,591,4574822.45,108220.53,8.076712328767123,3.5073909618583445,0.04953424657534247,365,0.20047489823609227,36.70981343283582,0.4342597357796119,not_needed,0.0,0.03833333333333334,0.019333333333333334,512,0.26471882743776337,mid
MCH-P-000036,SKU-B11759CF,ethnic_wear,meesho,18311.1,14081.72,4.8,2025-10-19,4045,3676,607,63049328.76,110924.39,10.07123287671233,4.0674761814703,0.049013698630136986,365,0.16512513601741022,30.175296517954298,0.40387073074990737,size_issue,0.3333333333333333,0.017333333333333333,0.03766666666666666,308,0.23097356248395778,luxury
MCH-P-000037,SKU-348253E3,industrial_scientific,croma,4029.07,2796.97,4.6,2026-01-05,2096,1733,74,6554128.47,109966.28,4.747945205479452,2.586318057759025,0.04835616438356164,365,0.04270051933064051,63.45428736295441,0.5447236532498813,damage,0.0,0.08733333333333333,0.034,230,0.3058025797516549,premium
MCH-P-000038,SKU-4F8428F1,winterwear,own_shopify_store,7369.95,4503.03,3.2,2026-01-29,4195,3828,490,26336295.18,114745.0,10.487671232876712,4.34349156929012,0.04824657534246575,365,0.12800417972831765,29.975182863113897,0.41415214806449685,size_issue,0.0,0.041,0.04533333333333334,206,0.3890012822339365,premium
MCH-P-000039,SKU-DDD1FD1C,furniture,ajio,21220.5,17562.41,2.6,2025-05-02,3007,2642,190,52464715.29,115596.67,7.238356164383561,3.2081040127020377,0.048493150684931506,365,0.07191521574564724,43.753470855412566,0.443208919241576,damage,0.3333333333333333,0.05533333333333334,0.038,478,0.17238472232039773,luxury
MCH-P-000040,SKU-106F4F53,small_kitchen_appliances,walmart_marketplace,11159.31,9455.63,4.4,2026-03-15,5183,4810,434,50285971.15,109546.52,13.178082191780822,4.821946354075043,0.04789041095890411,365,0.09022869022869023,22.774744282744283,0.36590653206598556,damage,0.0,0.059666666666666666,0.017,161,0.15266893741638152,luxury
MCH-P-000041,SKU-76F4501B,sports_fitness,pepperfry,35759.07,24373.4,4.4,2024-06-10,3735,3370,274,112290631.56,107610.53,9.232876712328768,4.108155076231032,0.05038356164383562,365,0.08130563798219585,31.931908011869435,0.4449485468321444,damage,0.0,0.08933333333333333,0.04633333333333334,804,0.3183994997632768,luxury
MCH-P-000042,SKU-8F536472,footwear,meesho,8074.93,5093.51,4.4,2024-06-13,7431,7030,1394,52944489.8,114708.19,19.26027397260274,6.39287764157249,0.05150684931506849,365,0.19829302987197725,16.316954480796586,0.33192038964067694,size_issue,0.0,0.03866666666666667,0.015333333333333332,801,0.36921929973386763,premium
MCH-P-000043,SKU-66CFB61E,bags_luggage,amazon,18755.16,10959.38,4.6,2025-12-08,4066,3699,310,65017575.44,111315.31,10.134246575342466,4.133228362584789,0.048794520547945204,365,0.08380643417139767,30.093352257366856,0.40784762161217836,not_needed,0.0,0.026333333333333334,0.07133333333333333,258,0.4156605435517479,luxury
MCH-P-000044,SKU-3086A4CA,wearables_smartwatch,paytm_mall,10042.93,5651.6,4.7,2025-09-08,8378,7963,1316,75340152.69,120050.49,21.816438356164383,6.532400516702315,0.0453972602739726,365,0.16526434760768555,15.076037925404998,0.29942561705341514,damage,0.0,0.11499999999999999,0.051666666666666666,349,0.43725586059048505,luxury
MCH-P-000045,SKU-20CAFB80,laptops_computers,nykaa,87926.06,67886.98,3.8,2026-02-04,6442,6057,676,501297242.16,109685.64,16.594520547945205,5.279545081420079,0.046082191780821916,365,0.11160640581145782,18.108905398712235,0.3181499017200477,damage,0.0,0.126,0.030666666666666665,200,0.2279083129620502,luxury
MCH-P-000046,SKU-638DCB51,groceries_gourmet,tata_cliq,473.64,239.13,2.8,2026-02-23,8523,8099,199,3598707.24,107202.66,22.18904109589041,6.72455647550547,0.04706849315068493,365,0.024570934683294233,13.23653043585628,0.3030575519890723,size_issue,0.0,0.03233333333333333,0.05433333333333334,181,0.4951228781352926,budget
MCH-P-000047,SKU-6CCEF58A,mobiles_tablets,own_shopify_store,20908.5,14159.56,4.0,2024-12-12,5264,4893,689,96815345.68,114739.62,13.405479452054795,4.561541647383358,0.04254794520547946,365,0.1408134069078275,23.449748620478232,0.34027441269056313,damage,0.0,0.09633333333333333,0.03766666666666666,619,0.32278451347538084,luxury
MCH-P-000048,SKU-2CCFAEA5,bedding_linen,1mg,1837.47,1435.88,4.3,2026-07-03,5170,4799,387,8255183.14,113143.47,13.147945205479452,4.73588445123515,0.04819178082191781,365,0.08064180037507813,23.57646801416962,0.3601995883935882,not_needed,0.0,0.03933333333333334,0.057333333333333326,51,0.2185559492127762,mid
MCH-P-000049,SKU-EC96527A,sports_fitness,meesho,5124.53,4225.93,3.3,2026-04-01,7928,7526,664,35875655.88,115012.66,20.61917808219178,6.460800173588006,0.052931506849315066,365,0.08822747807600319,15.282043582248207,0.3133393653148581,damage,0.0,0.10899999999999999,0.058666666666666666,144,0.17535266648843884,premium
MCH-P-000050,SKU-10705F05,bags_luggage,own_shopify_store,9924.59,7264.82,3.2,2025-10-25,569,303,23,2767471.93,112115.25,0.8301369863013699,1.125953189781353,0.05161643835616438,365,0.07590759075907591,370.01732673267327,1.3563462517168114,wrong_item,0.0,0.029333333333333333,0.055333333333333325,302,0.2679979727122229,premium
MCH-P-000051,SKU-29AF51B0,groceries_gourmet,ajio,122.36,84.96,2.8,2024-05-11,2893,2529,46,288007.32,114634.01,6.928767123287671,3.343908659666242,0.05063013698630137,365,0.01818900751285093,45.32780150257018,0.48261236092454657,not_needed,0.3333333333333333,0.055,0.03166666666666667,834,0.3056554429552142,budget
MCH-P-000052,SKU-E2909D6E,home_decor,woocommerce_store,2233.18,1444.18,4.0,2026-07-19,830,504,39,1039835.5599999999,112131.01,1.3808219178082193,1.4200930102496974,0.054767123287671235,365,0.07738095238095238,222.48216269841268,1.028440374486388,damage,0.0,0.06633333333333334,0.052,35,0.35330783904566576,premium
MCH-P-000053,SKU-DF6D096D,computer_accessories,shopclues,12104.35,8032.25,2.5,2024-05-04,2686,2323,294,26517725.85,117915.54,6.364383561643836,3.057389259359286,0.044821917808219175,365,0.12656048213517004,50.76002582866982,0.4803904776866722,damage,0.0,0.08266666666666667,0.050666666666666665,841,0.3364162470516798,luxury
MCH-P-000054,SKU-65E6F09D,toys_games,purplle,1005.89,794.95,3.1,2025-12-19,1025,673,77,635239.7,107343.57,1.8438356164383563,1.570765395897097,0.04706849315068493,365,0.11441307578008915,159.5001040118871,0.8519009948030318,damage,0.0,0.066,0.072,247,0.2097048385012277,mid
MCH-P-000055,SKU-1B0B0659,innerwear_sleepwear,netmeds,1573.74,1264.83,3.5,2025-04-19,6994,6602,664,9745306.29,111578.96,18.087671232876712,5.829348473704324,0.049013698630136986,365,0.1005755831566192,16.90078158133899,0.32228297378098736,not_needed,0.0,0.021333333333333333,0.072,491,0.19629036562583405,mid
MCH-P-000056,SKU-60C7ED53,furniture,shopclues,30559.91,19835.18,4.7,2026-04-17,5849,5479,441,156467961.58,117573.53,15.01095890410959,5.2219833724087135,0.049698630136986305,365,0.08048914035407921,21.45893958751597,0.34787806733513055,damage,0.0,0.10099999999999999,0.04633333333333334,128,0.3509411513319247,luxury
MCH-P-000057,SKU-5A0390C5,kids_apparel,woocommerce_store,1141.04,665.03,4.5,2025-06-25,5502,5128,597,5460515.36,114695.32,14.04931506849315,5.155577457975434,0.049287671232876716,365,0.11641965678627145,22.366482059282372,0.366962904087565,not_needed,0.0,0.051333333333333335,0.06033333333333333,424,0.4171720535651686,mid
MCH-P-000058,SKU-1FB52A27,garden_outdoor,paytm_mall,1712.48,896.13,2.9,2025-06-06,5490,5121,304,8156285.41,104225.79,14.03013698630137,4.762106749692715,0.05432876712328768,365,0.05936340558484671,20.352624487404803,0.33941983277442705,damage,0.0,0.11866666666666666,0.012000000000000002,443,0.4767062972998225,mid
MCH-P-000059,SKU-B474D852,computer_accessories,walmart_marketplace,4792.26,2637.45,2.9,2024-08-06,8370,7955,950,35667305.64,113717.36,21.794520547945204,6.847552911962894,0.04871232876712329,365,0.11942174732872407,14.295079824010056,0.31418690293732954,damage,0.0,0.044333333333333336,0.04033333333333333,747,0.44964380062851356,premium
MCH-P-000060,SKU-2DD2121F,musical_instruments,myntra,17440.13,9657.73,2.6,2025-06-23,5763,5389,474,88056611.57000001,114251.31,14.764383561643836,5.299734854009769,0.0476986301369863,365,0.0879569493412507,21.20083688996103,0.3589540214721777,damage,0.0,0.042,0.05933333333333333,426,0.44623520581555304,luxury
MCH-P-000061,SKU-AB2C9338,home_improvement_tools,firstcry,3574.54,1854.06,4.2,2026-06-06,6225,5843,406,19452789.669999998,112180.13,16.008219178082193,5.272512001785471,0.05093150684931507,365,0.06948485367105939,19.19906383707,0.32936280688887504,damage,0.0,0.082,0.02333333333333333,78,0.48131507830378173,premium
MCH-P-000062,SKU-F70996AC,health_wellness,urban_ladder,2421.81,1480.44,4.7,2024-03-20,5920,5548,231,12616394.98,114548.17,15.2,5.028599525396031,0.04778082191780822,365,0.0416366258111031,20.64675018024513,0.33082891614447574,not_needed,0.3333333333333333,0.020666666666666667,0.04733333333333333,886,0.38870514202187617,premium
MCH-P-000063,SKU-FF6B5CA5,toys_games,walmart_marketplace,490.32,276.31,3.1,2024-07-14,2223,1860,215,851877.04,117402.23,5.095890410958904,2.8136460232234635,0.04742465753424657,365,0.11559139784946236,63.11947849462366,0.5521402142347119,damage,0.3333333333333333,0.10533333333333333,0.04,770,0.43647006036873875,budget
MCH-P-000064,SKU-5F060FC5,womens_apparel,flipkart,5840.53,3771.18,3.4,2025-11-21,5428,5060,937,27647433.68,114650.02,13.863013698630137,5.030989319212635,0.04967123287671232,365,0.18517786561264823,22.65810671936759,0.3629073323147454,not_needed,0.0,0.07833333333333334,0.037333333333333336,275,0.35430859870593934,premium
MCH-P-000065,SKU-C3E260B3,automotive_accessories,meesho,2675.65,2118.34,4.8,2025-04-25,7814,7415,691,18571472.56,113661.05,20.315068493150687,6.343805303074627,0.04767123287671232,365,0.09318948078219824,15.328530006743089,0.31227092860717987,damage,0.0,0.08833333333333333,0.04566666666666667,485,0.20828957449591684,premium
MCH-P-000066,SKU-A46FCC0B,cameras_accessories,walmart_marketplace,20722.61,16479.68,4.9,2024-08-27,670,375,41,7251877.36,116151.28,1.0273972602739727,1.194913702568466,0.04794520547945205,365,0.10933333333333334,309.73674666666665,1.1630493371666402,wrong_item,0.0,0.08366666666666667,0.059,726,0.20474882266278235,luxury
MCH-P-000067,SKU-78214C91,footwear,paytm_mall,9441.72,6844.01,2.8,2024-08-26,3280,2915,634,25695263.38,111736.58,7.986301369863014,3.5475310664134345,0.050219178082191784,365,0.21749571183533448,38.33158833619211,0.44420200317012126,not_needed,0.0,0.02966666666666667,0.06166666666666667,727,0.27513101426435005,premium
MCH-P-000068,SKU-A9CFF15A,toys_games,etsy,4357.67,2963.12,3.7,2024-04-04,5799,5422,658,22069506.84,116245.45,14.854794520547944,5.0923623346363165,0.051041095890410955,365,0.12135743268166728,21.439588712652156,0.3428093419664802,damage,0.0,0.08,0.04666666666666667,871,0.3200219383294284,premium
MCH-P-000069,SKU-2C02E9CF,toys_games,flipkart,5170.21,3067.29,3.7,2025-08-23,5555,5179,647,24984109.169999998,108370.36,14.189041095890412,5.015896752508267,0.049945205479452054,365,0.12492759219926627,20.924958486194246,0.3535049844884181,damage,0.0,0.05733333333333334,0.04700000000000001,365,0.4067378307650947,premium
MCH-P-000070,SKU-CDE4C61F,large_appliances,shopsy,54691.61,31797.67,3.4,2025-10-03,2903,2538,146,130885773.39,111755.21,6.953424657534247,3.216632692251769,0.04375342465753425,365,0.05752561071710008,44.032785657998424,0.4625969001859321,damage,0.0,0.07833333333333332,0.05266666666666667,324,0.41860058608623885,luxury
MCH-P-000071,SKU-BA97B472,garden_outdoor,tata_cliq,5784.42,4280.53,4.9,2025-10-13,5127,4752,254,25597157.54,120419.84,13.01917808219178,4.796652264753912,0.05243835616438356,365,0.05345117845117845,25.34087542087542,0.3684297299316452,damage,0.0,0.06666666666666667,0.034999999999999996,314,0.25998976561176407,premium
MCH-P-000072,SKU-7B8BD310,ethnic_wear,nykaa,22950.44,15338.21,3.8,2024-09-22,1000,667,91,14175109.77,111589.78,1.8273972602739725,1.7463667365601943,0.05123287671232876,365,0.136431784107946,167.30101949025487,0.9556579592870629,size_issue,0.3333333333333333,0.028666666666666663,0.026333333333333334,700,0.3316812226693693,luxury
MCH-P-000073,SKU-23C30D0F,groceries_gourmet,croma,1974.79,1543.37,4.1,2024-07-16,941,612,20,1131238.68,107834.25,1.6767123287671233,1.5652932657100564,0.050164383561643835,365,0.032679738562091505,176.19975490196077,0.9335490882094291,size_issue,0.3333333333333333,0.026,0.032,768,0.21846373538452193,mid
MCH-P-000074,SKU-A66F392B,fragrances,snapdeal,2446.9,1852.82,4.2,2026-06-24,2332,1968,165,4498870.37,111935.5,5.391780821917808,2.919701617331225,0.0492054794520548,365,0.08384146341463415,56.87779471544715,0.5415097003688502,damage,0.3333333333333333,0.11133333333333333,0.06533333333333334,60,0.2427888348522621,premium
MCH-P-000075,SKU-F890B519,haircare,shopclues,482.23,344.81,4.3,2024-07-06,4127,3759,107,1694970.94,114421.83,10.2986301369863,4.228516910357243,0.0469041095890411,365,0.028465017291832935,30.439433359936153,0.4105902293909002,not_needed,0.0,0.057666666666666665,0.04033333333333333,778,0.28496775397631835,budget
MCH-P-000076,SKU-E3956E6B,audio_headphones,myntra,3653.47,3023.53,4.9,2024-11-02,4756,4386,662,14967389.75,108267.42,12.016438356164384,4.359498083905956,0.04898630136986301,365,0.15093479252165984,24.684774281805744,0.36279452818642816,damage,0.0,0.041666666666666664,0.018333333333333333,659,0.17242238200943202,premium
MCH-P-000077,SKU-1EC0BE48,small_kitchen_appliances,woocommerce_store,15044.8,11643.45,4.9,2024-08-27,7154,6764,637,95103897.83,111349.31,18.53150684931507,6.217859705443173,0.04887671232876712,365,0.09417504435245416,16.462050561797753,0.3355290940991659,damage,0.3333333333333333,0.064,0.023000000000000003,726,0.2260814367754971,luxury
MCH-P-000078,SKU-1D176374,toys_games,meesho,2138.31,1510.77,4.0,2026-06-11,2279,1915,231,3830311.91,111334.7,5.2465753424657535,2.8331864846992767,0.04772602739726028,365,0.1206266318537859,58.13822454308094,0.5400068234544313,damage,0.0,0.08133333333333333,0.05366666666666667,73,0.2934747534267716,premium
MCH-P-000079,SKU-3A0D60D7,small_kitchen_appliances,pepperfry,14340.85,10043.62,3.8,2026-02-25,2000,1638,132,21867931.92,111107.79,4.487671232876712,2.493505035916853,0.05013698630136987,365,0.08058608058608059,67.83137362637362,0.5556345165504587,damage,0.3333333333333333,0.09266666666666667,0.06466666666666666,179,0.29964960235969273,luxury
MCH-P-000080,SKU-70454869,skincare,urban_ladder,3842.99,2996.52,4.0,2025-04-30,6818,6431,190,23131687.0,107972.37,17.61917808219178,5.612991639649132,0.049369863013698626,365,0.02954439433991603,16.78935935313326,0.31857284224411964,not_needed,0.3333333333333333,0.0,0.044000000000000004,480,0.22026338866351458,premium
MCH-P-000081,SKU-BEDBF01F,large_appliances,1mg,21410.16,11582.6,4.1,2024-05-05,7796,7390,457,146555114.39,112288.15,20.246575342465754,6.631552993653305,0.05463013698630138,365,0.061840324763193504,15.194607577807847,0.3275394915674501,damage,0.0,0.08533333333333333,0.03833333333333334,840,0.45901385136776185,luxury
MCH-P-000082,SKU-3DC2906B,audio_headphones,indiamart,16918.17,13044.12,3.3,2026-01-24,5890,5509,781,87235836.72,106597.92,15.093150684931507,4.913770982218569,0.04967123287671232,365,0.14176801597386096,19.349776728988928,0.325562971230673,damage,0.0,0.12066666666666666,0.10466666666666667,211,0.22898753233949048,luxury
MCH-P-000083,SKU-94BEB2ED,garden_outdoor,purplle,11473.36,6823.06,3.3,2024-06-03,1959,1599,93,16985965.27,110924.13,4.380821917808219,2.6144493639084634,0.05369863013698631,365,0.058161350844277676,69.37093808630394,0.5967942575525886,damage,0.0,0.08833333333333333,0.027,811,0.40531282902305865,luxury
MCH-P-000084,SKU-4A074E00,winterwear,own_shopify_store,1838.86,1014.54,3.6,2026-05-10,4931,4565,637,7841892.05,115521.86,12.506849315068493,4.3586571921224175,0.0510958904109589,365,0.13953997809419497,25.30599342825849,0.34850161558043424,not_needed,0.0,0.050666666666666665,0.055,105,0.4482777372937581,mid
MCH-P-000085,SKU-19A63FEF,garden_outdoor,own_shopify_store,10985.56,7619.01,4.5,2025-08-25,3119,2754,143,28370538.28,110829.83,7.545205479452055,3.3300596097315585,0.048493150684931506,365,0.05192447349310094,40.243220769789396,0.4413477696267316,damage,0.0,0.07166666666666667,0.023333333333333334,363,0.3064522882766103,luxury
MCH-P-000086,SKU-BB146B71,automotive_accessories,woocommerce_store,12061.81,7619.76,4.3,2025-01-03,2589,2226,188,24906913.93,113568.33,6.098630136986301,3.1072625469860835,0.05273972602739726,365,0.08445642407906559,51.01901617250674,0.509501720417754,damage,0.0,0.042666666666666665,0.008,597,0.3682739157721768,luxury
MCH-P-000087,SKU-7E20CD7A,sports_fitness,etsy,4914.57,3920.29,2.8,2024-04-18,7121,6722,613,31084311.19,107822.51,18.416438356164385,5.563494970864309,0.04671232876712329,365,0.09119309729247248,16.040242487354952,0.30209396970625896,damage,0.0,0.09733333333333333,0.03833333333333334,857,0.20231271504933288,premium
MCH-P-000088,SKU-02F6FE9C,home_decor,amazon,8885.22,6576.25,3.6,2025-04-07,3052,2687,291,22187549.419999998,119463.53,7.361643835616438,3.453881004562485,0.049342465753424665,365,0.10829921845924823,44.45981764049125,0.46917252201909454,damage,0.0,0.08833333333333333,0.09899999999999999,503,0.2598663848503469,premium
MCH-P-000089,SKU-F31A3EF2,home_improvement_tools,nykaa,5976.94,3947.72,3.3,2024-08-05,3991,3624,258,20129377.6,118726.85,9.92876712328767,3.9006015122231994,0.053342465753424655,365,0.07119205298013245,32.76127207505519,0.3928585960158576,damage,0.0,0.05100000000000001,0.05833333333333334,748,0.3395081764247257,premium
MCH-P-000090,SKU-6D354E94,watches_eyewear,meesho,45946.48,35537.44,5.0,2025-04-06,3693,3327,471,143576317.5,108444.32,9.115068493150686,3.720734567705386,0.045835616438356167,365,0.14156898106402163,32.59522693116922,0.4081960075781382,damage,0.0,0.07533333333333332,0.016,504,0.22654706084122223,luxury
MCH-P-000091,SKU-63FCC4CC,laptops_computers,flipkart,81718.48,64795.71,5.0,2024-06-20,1747,1385,143,105520621.62,115022.85,3.7945205479452055,2.2639003110550835,0.049589041095890414,365,0.10324909747292418,83.0489891696751,0.5966235476787765,damage,0.3333333333333333,0.09100000000000001,0.04533333333333334,794,0.20708620620452067,luxury
MCH-P-000092,SKU-275A09AB,wearables_smartwatch,meesho,40275.07,29301.88,4.7,2025-01-28,4112,3746,606,140944621.18,111755.28,10.263013698630138,4.122689391131217,0.0484109589041096,365,0.16177255739455418,29.833230112119594,0.4017035845603027,damage,0.0,0.09200000000000001,0.07466666666666667,572,0.27245613725811024,luxury
MCH-P-000093,SKU-C171428A,books_media,etsy,797.64,438.75,3.0,2026-06-29,1634,1275,28,952390.12,114878.06,3.493150684931507,2.3552798279378657,0.04827397260273973,365,0.02196078431372549,90.10043921568628,0.6742565781939772,damage,0.0,0.036333333333333336,0.03866666666666666,55,0.4499398224763051,mid
MCH-P-000094,SKU-63BAFC9B,toys_games,amazon,7298.42,5325.61,2.5,2024-05-24,1403,1046,118,7070125.42,117032.47,2.8657534246575342,1.9961652232153109,0.05380821917808219,365,0.11281070745697896,111.88572657743786,0.6965586103954,damage,0.0,0.08333333333333333,0.032,821,0.27030644988915414,premium
MCH-P-000095,SKU-B8C93368,small_kitchen_appliances,woocommerce_store,15344.77,11976.88,4.6,2026-06-10,3109,2744,238,39360869.53,110043.14,7.517808219178082,3.3818902992388895,0.04671232876712329,365,0.08673469387755102,40.10318513119533,0.4498505682296628,damage,0.0,0.06566666666666666,0.056666666666666664,74,0.21948129558149135,luxury
MCH-P-000096,SKU-4E43E517,womens_apparel,own_shopify_store,854.21,666.57,4.4,2024-04-03,4950,4581,854,3656232.31,114082.15,12.550684931506849,4.490622808798207,0.049643835616438356,365,0.18642217856363238,24.903328967474348,0.35779902318518786,not_needed,0.0,0.011000000000000001,0.05466666666666667,872,0.2196649535828426,mid
MCH-P-000097,SKU-8879204B,sports_fitness,pepperfry,33551.45,17247.22,2.8,2024-11-24,1125,778,59,24195963.66,109684.68,2.1315068493150684,1.8997452628777858,0.05249315068493151,365,0.07583547557840617,140.9828791773779,0.8912686644606579,damage,0.0,0.07166666666666667,0.056333333333333326,637,0.4859471051176625,luxury
MCH-P-000098,SKU-CE4470B2,mens_apparel,shopclues,4184.39,3183.55,4.6,2025-04-04,3251,2886,406,11226258.09,111033.76,7.906849315068493,3.469186526522192,0.052712328767123284,365,0.14067914067914067,38.47323631323631,0.4387571317327097,not_needed,0.0,0.047999999999999994,0.05399999999999999,506,0.23918420606109853,premium
MCH-P-000099,SKU-776E8211,watches_eyewear,amazon,36810.4,20892.28,4.3,2026-03-11,6616,6232,908,214901323.78,116199.25,17.073972602739726,5.514965339107312,0.04679452054794521,365,0.14569961489088576,18.645579268292682,0.32300422798045075,damage,0.0,0.06799999999999999,0.06266666666666666,165,0.43243539869167413,luxury
MCH-P-000100,SKU-DFF4DE53,kids_apparel,flipkart,3924.76,2802.44,4.0,2025-05-07,2637,2272,268,8322178.850000001,111997.34,6.2246575342465755,3.138548906228897,0.04928767123287671,365,0.11795774647887323,49.29460387323944,0.5042123022770895,size_issue,0.0,0.051666666666666666,0.05533333333333334,473,0.2859588866580377,premium
MCH-P-000101,SKU-E8E55229,mobiles_tablets,firstcry,132969.3,99507.89,2.7,2026-06-18,8231,7817,1080,972917752.4,109182.04,21.416438356164385,6.5976813630059095,0.04805479452054794,365,0.13816041959831138,13.9672559805552,0.30806622713280757,damage,0.3333333333333333,0.09699999999999999,0.076,66,0.2516476359580745,luxury
MCH-P-000102,SKU-73C7F91E,small_kitchen_appliances,pepperfry,4995.75,4211.46,4.5,2025-02-24,7056,6664,603,30979844.69,114102.49,18.257534246575343,5.997204426757852,0.05191780821917808,365,0.09048619447779112,17.12222238895558,0.3284783336984718,damage,0.0,0.072,0.05466666666666667,545,0.15699144272631738,premium
MCH-P-000103,SKU-7567F6B5,kids_apparel,tata_cliq,2374.74,1308.0,3.3,2025-01-17,2821,2457,304,5410488.89,110671.53,6.7315068493150685,3.314838298159875,0.05369863013698631,365,0.12372812372812372,45.04335775335775,0.49243629581943604,size_issue,0.6666666666666666,0.041666666666666664,0.04,583,0.4492028601025796,premium
MCH-P-000104,SKU-6A585D9C,automotive_accessories,shopclues,14513.31,10811.28,4.9,2025-12-12,4847,4479,402,61058220.839999996,114347.46,12.271232876712329,4.499129325172865,0.04682191780821918,365,0.08975217682518419,25.529685197588748,0.3666403669765786,damage,0.6666666666666666,0.03233333333333333,0.05633333333333334,254,0.2550782695332766,luxury
MCH-P-000105,SKU-3F0D7DDA,small_kitchen_appliances,walmart_marketplace,12954.15,8308.95,2.8,2026-03-17,928,602,55,7242276.609999999,114046.22,1.6493150684931508,1.5890355157262372,0.05049315068493151,365,0.09136212624584718,189.44554817275747,0.9634517661795292,damage,0.0,0.041333333333333326,0.07166666666666667,159,0.35858778846933215,luxury
MCH-P-000106,SKU-CFACD64F,skincare,nykaa,756.2,451.7,3.6,2026-05-04,972,633,24,446951.99,112566.19,1.7342465753424658,1.4555897541684484,0.048849315068493146,365,0.037914691943127965,177.8296840442338,0.8393211062740658,quality_issue,0.0,0.0003333333333333333,0.044333333333333336,111,0.4026712509918012,mid
MCH-P-000107,SKU-E39FF00D,toys_games,ajio,5131.47,3305.35,3.0,2025-02-08,2385,2022,226,9726393.5,113319.38,5.53972602739726,2.9420567171505367,0.044931506849315066,365,0.11177052423343224,56.04321463897132,0.5310834331157003,damage,0.0,0.11,0.028333333333333335,561,0.35586683737798336,premium
MCH-P-000108,SKU-1DECBDA1,jewellery,amazon,58912.55,35993.47,3.5,2024-05-15,7626,7227,1186,397482974.93,116999.97,19.8,5.954590066255015,0.051041095890410955,365,0.1641068216410682,16.18928601079286,0.3007368720330816,damage,0.3333333333333333,0.079,0.057666666666666665,830,0.38903561295513434,luxury
MCH-P-000109,SKU-FB244158,makeup_cosmetics,shopsy,979.04,685.68,4.3,2025-06-07,3577,3212,188,2949602.78,109986.6,8.8,3.518553648904589,0.046410958904109595,365,0.058530510585305104,34.24240348692404,0.399835641920976,damage,0.0,0.09666666666666668,0.04733333333333334,442,0.29964046412812556,mid
MCH-P-000110,SKU-EBD392DD,personal_care,nykaa,1637.12,1192.4,4.5,2025-02-03,7818,7418,252,11326463.82,114978.06,20.323287671232876,6.284870210046331,0.050684931506849315,365,0.03397142086815853,15.499873281207872,0.3092447595938138,size_issue,0.0,0.017333333333333336,0.03833333333333334,566,0.2716477716966379,mid
MCH-P-000111,SKU-CD88ED57,innerwear_sleepwear,croma,1163.26,836.51,3.8,2025-04-03,661,362,38,395903.96,112123.63,0.9917808219178083,1.2235951155402869,0.0456986301369863,365,0.10497237569060773,309.73378453038674,1.2337354065530517,size_issue,0.0,0.061,0.03933333333333333,507,0.2808916321372694,mid
MCH-P-000112,SKU-B3B79968,winterwear,walmart_marketplace,6761.74,5478.64,3.8,2026-04-04,1361,1007,132,6338928.4,114132.59,2.758904109589041,1.8918445281792435,0.05082191780821918,365,0.13108242303872888,113.33921549155909,0.685723190452258,not_needed,0.0,0.0,0.049999999999999996,141,0.18975884905364587,premium
MCH-P-000113,SKU-E56DD809,garden_outdoor,croma,12027.88,7337.7,3.7,2025-04-28,6211,5832,355,65554110.98,113500.07,15.978082191780821,5.122087662876627,0.05046575342465754,365,0.060871056241426615,19.461603223593965,0.3205696153892265,damage,0.0,0.072,0.035666666666666666,482,0.3899423672334609,luxury
MCH-P-000114,SKU-131A8E9C,sports_fitness,ebay,4810.21,2526.42,2.6,2024-06-29,6899,6515,607,29283115.4,116836.23,17.84931506849315,5.595993545417046,0.050410958904109585,365,0.09316960859554874,17.933419800460474,0.3135130689297347,damage,0.3333333333333333,0.123,0.09233333333333332,785,0.47477968737331633,premium
MCH-P-000115,SKU-ABC8A864,audio_headphones,1mg,13564.3,7603.44,4.4,2025-11-22,8151,7735,1135,97953642.91,111598.24,21.19178082191781,6.484252975873605,0.049123287671232876,365,0.14673561732385262,14.427697478991597,0.3059796168317861,damage,0.0,0.034333333333333334,0.07633333333333334,274,0.4394520911510362,luxury
MCH-P-000116,SKU-DBBC513D,footwear,etsy,569.34,449.5,3.4,2024-11-17,1890,1532,286,821876.48,113816.45,4.197260273972603,2.5331848413238847,0.04391780821917809,365,0.1866840731070496,74.29272193211489,0.603532941960325,size_issue,0.0,0.04466666666666667,0.05566666666666667,644,0.21048933853233573,mid
MCH-P-000117,SKU-67384667,home_improvement_tools,urban_ladder,12056.32,6533.14,4.9,2026-03-13,6170,5794,446,65471363.5,107945.8,15.873972602739727,5.1254061055198425,0.04824657534246575,365,0.07697618225750777,18.630617880566103,0.32288112331976915,damage,0.3333333333333333,0.08133333333333333,0.05466666666666667,163,0.4581149140036097,luxury
MCH-P-000118,SKU-081192CD,winterwear,nykaa,8961.44,6902.43,4.2,2025-07-20,5266,4893,632,40995809.93,112228.76,13.405479452054795,4.811841232518663,0.04852054794520548,365,0.12916411199673003,22.93659513590844,0.3589458511893137,size_issue,0.0,0.023999999999999997,0.048666666666666664,399,0.22976329697012982,premium
MCH-P-000119,SKU-C8265A39,large_appliances,shopsy,51438.27,37257.31,3.0,2024-11-18,2267,1902,105,91272580.66,102339.2,5.210958904109589,2.528277529226173,0.05065753424657535,365,0.055205047318611984,53.806098843322815,0.4851846993520259,damage,0.0,0.061,0.05933333333333333,643,0.27568889855743595,luxury
MCH-P-000120,SKU-1F13DAA7,mobiles_tablets,ajio,80187.51,44689.54,4.6,2024-11-12,1548,1186,157,88465266.67,104373.21,3.249315068493151,2.2399423123257085,0.049424657534246574,365,0.13237774030354132,88.00439291736932,0.6893583001676927,damage,0.0,0.11633333333333334,0.042666666666666665,649,0.44268702195641185,luxury
MCH-P-000121,SKU-4104F50A,musical_instruments,purplle,33579.74,26651.38,2.9,2024-03-16,6964,6573,611,205836082.85,118835.75,18.008219178082193,6.039925619599179,0.051424657534246576,365,0.09295603225315685,18.079377757492775,0.33539827341452916,damage,0.0,0.08033333333333333,0.076,890,0.20632559990041607,luxury
MCH-P-000122,SKU-28B19F4E,industrial_scientific,meesho,44989.54,28676.35,4.4,2025-10-12,8194,7782,356,328283724.56,105780.22,21.32054794520548,6.123611277958997,0.048438356164383564,365,0.045746594705731176,13.592934978154716,0.287216411777825,damage,0.0,0.10433333333333333,0.09400000000000001,315,0.3625996176000022,luxury
MCH-P-000123,SKU-18B41A43,laptops_computers,nykaa,125291.83,69253.25,4.8,2025-07-12,1850,1489,148,172117145.65,114226.8,4.079452054794521,2.4799724666203327,0.052054794520547946,365,0.09939556749496306,76.71376762928139,0.6079180324489062,damage,0.3333333333333333,0.08366666666666667,0.09533333333333334,407,0.44726443855118087,luxury
MCH-P-000124,SKU-A0117DD7,computer_accessories,jiomart,859.85,500.0,3.7,2026-02-07,3051,2686,310,2138360.99,101217.23,7.358904109589041,3.4242122546588134,0.05295890410958905,365,0.1154132539091586,37.683257632166786,0.4653155148735916,damage,0.0,0.027333333333333334,0.03333333333333333,197,0.41850322730708844,mid
MCH-P-000125,SKU-62FE7B23,industrial_scientific,jiomart,49480.5,26196.97,4.6,2025-03-01,597,307,4,13956469.82,118326.4,0.8410958904109589,1.0751738444199728,0.05041095890410959,365,0.013029315960912053,385.42801302931593,1.2783011505318895,wrong_item,0.3333333333333333,0.10099999999999999,0.01933333333333333,540,0.4705597154434575,luxury
MCH-P-000126,SKU-A719A9BF,womens_apparel,indiamart,6484.25,4715.36,4.4,2025-08-05,745,428,80,2572301.92,112196.0,1.1726027397260275,1.2754292828247977,0.05345205479452055,365,0.18691588785046728,262.14018691588785,1.0876908603529232,not_needed,0.0,0.07466666666666667,0.059,383,0.27279793345413894,premium
MCH-P-000127,SKU-C741EFB2,furniture,etsy,29961.43,20638.47,4.6,2026-06-04,5737,5365,420,150521730.14,109466.49,14.698630136986301,4.785753042547653,0.04884931506849315,365,0.0782851817334576,20.403819198508856,0.32559177269895495,damage,0.0,0.09666666666666666,0.024666666666666667,80,0.31116538830089213,luxury
MCH-P-000128,SKU-67E7974C,innerwear_sleepwear,etsy,1283.53,987.06,3.8,2024-12-02,5337,4969,522,5975833.28,115684.94,13.613698630136986,4.684710783891242,0.04723287671232877,365,0.10505131817267056,23.281332260012075,0.34411741519829003,not_needed,0.3333333333333333,0.053,0.059,629,0.23098018745179313,mid
MCH-P-000129,SKU-41F9ADF4,watches_eyewear,limeroad,29479.65,23512.85,3.7,2024-05-24,458,198,38,5457862.42,107083.14,0.5424657534246575,0.877984362457302,0.043452054794520543,365,0.1919191919191919,540.8239393939394,1.6185065267520973,damage,0.0,0.09999999999999999,0.039,821,0.20240403125545936,luxury
MCH-P-000130,SKU-B6E21D8B,innerwear_sleepwear,limeroad,1398.35,750.55,4.8,2026-07-05,7652,7242,718,9523588.5,101363.89,19.84109589041096,5.93989666762802,0.047397260273972605,365,0.09914388290527479,13.996670809168737,0.2993734166921054,size_issue,0.0,0.04633333333333334,0.025333333333333333,49,0.4632602710337183,mid
MCH-P-000131,SKU-D96CBD1A,home_decor,nykaa,2785.15,1722.89,2.6,2025-01-22,2724,2359,257,6131619.14,109840.9,6.463013698630137,3.1373112153402536,0.05027397260273973,365,0.1089444679949131,46.562484103433654,0.4854254317927904,damage,0.0,0.09000000000000001,0.017333333333333336,578,0.38140136078846737,premium
MCH-P-000132,SKU-AFE29FDF,computer_accessories,nykaa,13926.34,9147.83,4.0,2025-07-24,7586,7189,830,93961851.54,115262.16,19.695890410958903,6.181157968707086,0.04652054794520548,365,0.11545416608707748,16.033128390596744,0.3138298314895099,damage,0.0,0.060666666666666674,0.04833333333333334,395,0.34312748360301415,luxury
MCH-P-000133,SKU-8E2B6FA1,personal_care,croma,730.43,544.95,5.0,2026-07-18,6857,6467,212,4417501.89,114068.46,17.71780821917808,5.386168245581681,0.04967123287671232,365,0.032781815370341735,17.638543374052883,0.30399743461223344,not_needed,0.0,0.03866666666666667,0.051,36,0.25393261503497927,mid
MCH-P-000134,SKU-476B5E49,home_decor,netmeds,9361.93,6245.6,4.8,2024-03-20,3172,2806,291,24501855.86,107665.96,7.6876712328767125,3.3308392997960423,0.04915068493150685,365,0.1037063435495367,38.36990734141126,0.4332702581701908,damage,0.3333333333333333,0.09466666666666666,0.042,886,0.3328726021237074,premium
MCH-P-000135,SKU-922D5EE0,haircare,pepperfry,2893.28,2238.54,2.8,2024-11-04,5572,5191,153,14046874.42,107908.0,14.221917808219178,4.6959839802406185,0.050410958904109585,365,0.029474089770757078,20.787516856097092,0.3301934411072675,not_needed,0.3333333333333333,0.016666666666666666,0.032999999999999995,657,0.22629679809766085,premium
MCH-P-000136,SKU-6CD7E3B1,books_media,croma,2223.73,1454.39,4.1,2025-01-05,7432,7035,145,14609439.13,112908.85,19.273972602739725,5.854603415526407,0.05049315068493151,365,0.02061122956645345,16.04958777540867,0.30375696470037505,size_issue,0.0,0.06,0.05833333333333333,595,0.34596826053522683,premium
MCH-P-000137,SKU-203031E9,jewellery,ebay,98460.88,59163.16,4.4,2024-04-02,3085,2720,428,249915374.81,112722.83,7.4520547945205475,3.448367570037772,0.04824657534246575,365,0.15735294117647058,41.4422169117647,0.4627405011263922,damage,0.0,0.10366666666666667,0.04700000000000001,873,0.399120137865922,luxury
MCH-P-000138,SKU-0B2CB87A,garden_outdoor,flipkart,5294.77,2876.94,4.4,2025-11-07,1941,1579,101,7806450.05,113868.38,4.326027397260274,2.300383830685239,0.050328767123287675,365,0.06396453451551615,72.11423685877138,0.531754337048836,damage,0.0,0.05666666666666667,0.059000000000000004,289,0.45664495341629574,premium
MCH-P-000139,SKU-F5932FC5,groceries_gourmet,nykaa,2957.33,1959.94,3.5,2025-05-24,5246,4876,93,13496514.77,103714.6,13.35890410958904,4.740514983860756,0.04956164383561644,365,0.01907301066447908,21.27042657916325,0.35485807405848563,not_needed,0.0,0.0,0.034,456,0.33726029898590953,premium
MCH-P-000140,SKU-A07E646D,industrial_scientific,croma,79429.9,42072.97,4.5,2026-01-12,3365,3000,123,222443434.9,107654.28,8.219178082191782,3.648899334807998,0.04939726027397261,365,0.041,35.88476,0.4439494190683064,damage,0.0,0.04700000000000001,0.057333333333333326,223,0.4703131944016044,luxury
MCH-P-000141,SKU-0FCE3FF8,kids_apparel,flipkart,3325.64,1705.85,2.6,2024-05-11,3014,2649,303,8241634.29,111518.09,7.257534246575342,3.409662973911734,0.04832876712328767,365,0.1143827859569649,42.09818422046055,0.4698101115431419,not_needed,0.3333333333333333,0.042,0.058666666666666666,834,0.48706113710443705,premium
MCH-P-000142,SKU-27ABDFA7,winterwear,1mg,1428.01,1051.53,4.4,2024-09-29,5910,5533,719,7402489.65,107198.23,15.158904109589042,5.51640499514404,0.047287671232876714,365,0.12994758720404845,19.374341225375023,0.36390526355098035,size_issue,0.0,0.028666666666666663,0.08566666666666667,693,0.2636396103668742,mid
MCH-P-000143,SKU-424FE491,mobiles_tablets,limeroad,111696.17,87157.09,3.1,2024-07-02,7760,7359,930,760990474.03,115323.67,20.161643835616438,6.265522046976617,0.05663013698630137,365,0.1263758662861802,15.671106128550074,0.31076444450964336,damage,0.0,0.09633333333333334,0.08233333333333333,782,0.21969490986127815,luxury
MCH-P-000144,SKU-F463A9B4,laptops_computers,amazon,161145.98,128972.2,3.8,2025-07-03,6550,6171,665,926349277.5600001,114991.98,16.90684931506849,5.746196275739243,0.05186301369863014,365,0.1077621131097067,18.634253767622752,0.33987386819718424,damage,0.0,0.107,0.054,416,0.19965611304731282,luxury
MCH-P-000145,SKU-72D7FD52,kids_apparel,indiamart,311.54,199.53,4.2,2024-12-12,6469,6087,743,1767487.87,111420.53,16.676712328767124,5.843154173901708,0.04956164383561644,365,0.12206341383275834,18.304670609495645,0.35037806365600843,size_issue,0.0,0.006333333333333333,0.018333333333333333,619,0.3595364961160686,budget
MCH-P-000146,SKU-9A67AF33,stationery_office,shopsy,1225.65,978.65,4.6,2025-04-24,5227,4854,135,5573962.08,111156.3,13.2986301369863,4.992975646909138,0.047506849315068496,365,0.02781211372064277,22.899938195302845,0.37545037311945517,not_needed,0.0,0.04,0.033999999999999996,486,0.2015257210459757,mid
MCH-P-000147,SKU-182A3AEF,musical_instruments,myntra,35623.65,22760.98,4.7,2025-11-06,5258,4887,445,163602681.37,112852.19,13.389041095890411,4.927707088991785,0.04717808219178082,365,0.09105790873746675,23.092324534479232,0.36804032893022337,damage,0.3333333333333333,0.14233333333333334,0.016333333333333335,290,0.3610710862025649,luxury
MCH-P-000148,SKU-F00050B8,kids_apparel,shopsy,912.04,483.09,4.3,2024-12-14,7431,7036,829,6010918.2,110391.28,19.276712328767122,5.939958757486816,0.04893150684931507,365,0.11782262649232518,15.689494030699262,0.30814169222323595,size_issue,0.0,0.07133333333333335,0.058666666666666666,617,0.4703192842419192,mid
MCH-P-000149,SKU-F7572D13,jewellery,netmeds,99874.59,60296.96,2.8,2024-08-21,6422,6035,997,563326644.92,113660.83,16.534246575342465,5.491457381224295,0.049972602739726035,365,0.1652029826014913,18.833608947804475,0.33212625420826314,damage,0.0,0.10733333333333334,0.09066666666666667,732,0.3962732663032709,luxury
MCH-P-000150,SKU-6C341B90,jewellery,indiamart,57571.79,48887.26,4.0,2024-07-10,8206,7795,1319,419029364.9,110264.39,21.356164383561644,6.75792140610895,0.05219178082191781,365,0.16921103271327775,14.145527902501604,0.3164389112546205,damage,0.0,0.12866666666666668,0.04599999999999999,774,0.1508469686282118,luxury
MCH-P-000151,SKU-366428F2,cameras_accessories,shopsy,183144.37,123424.8,3.4,2025-08-17,4957,4589,409,783934824.22,115565.13,12.572602739726028,4.474999547976299,0.051205479452054795,365,0.08912617127914578,25.183074743952933,0.35593262911556967,damage,0.0,0.07866666666666668,0.03866666666666666,371,0.3260792018886521,luxury
MCH-P-000152,SKU-E452AA2B,large_appliances,amazon,15522.67,8858.67,3.6,2025-03-29,3283,2918,161,42152120.88,111399.68,7.994520547945205,3.406518090002778,0.05178082191780822,365,0.055174777244688146,38.176723783413294,0.4261066150963036,damage,0.0,0.08533333333333333,0.008666666666666668,512,0.4293075869035417,luxury
MCH-P-000153,SKU-57CA2007,groceries_gourmet,etsy,1062.06,687.29,4.4,2025-01-18,6040,5661,104,5614590.81,108913.57,15.509589041095891,5.297007354965715,0.05035616438356164,365,0.018371312488959547,19.239281045751635,0.3415311225158958,size_issue,0.0,0.024999999999999998,0.04766666666666666,582,0.3528708359226409,mid
MCH-P-000154,SKU-00312FE2,groceries_gourmet,walmart_marketplace,1645.07,986.37,3.1,2025-09-26,7551,7151,135,10968652.27,116681.12,19.59178082191781,6.425861070804408,0.04980821917808219,365,0.018878478534470704,16.316755698503705,0.32798759485996487,size_issue,0.0,0.021666666666666667,0.018333333333333333,331,0.4004084932556061,mid
MCH-P-000155,SKU-F91E02F2,personal_care,woocommerce_store,2277.12,1560.6,4.0,2025-10-14,2827,2462,69,5228017.04,113743.2,6.745205479452054,3.4701648746295546,0.05060273972602739,365,0.028025995125913892,46.199512591389116,0.5144639233305391,wrong_item,0.0,0.066,0.05433333333333334,313,0.3146606239460371,premium
MCH-P-000156,SKU-48DBEA2F,garden_outdoor,tata_cliq,9853.23,5959.08,3.3,2024-07-11,6045,5668,318,52003377.24,112353.47,15.528767123287672,5.1741506563203945,0.05191780821917808,365,0.0561044460127029,19.822418842625265,0.3331977751511898,damage,0.0,0.07333333333333333,0.044333333333333336,773,0.3952155790537722,premium
MCH-P-000157,SKU-6972426D,computer_accessories,flipkart,13139.73,7872.49,4.5,2026-03-11,6797,6406,782,78593455.45,114070.6,17.55068493150685,5.601783548583825,0.05010958904109589,365,0.12207305650952233,17.806837339993756,0.3191774891091314,damage,0.0,0.09266666666666667,0.06033333333333333,165,0.40086364027266924,luxury
MCH-P-000158,SKU-76722373,personal_care,pepperfry,1970.15,1287.37,5.0,2024-07-05,4062,3697,117,6837050.96,119238.29,10.128767123287671,4.014721517173341,0.04646575342465754,365,0.03164728157965918,32.25271571544496,0.39636823201738425,not_needed,0.3333333333333333,0.07133333333333333,0.07266666666666667,779,0.34656244448392265,mid
MCH-P-000159,SKU-93712F38,health_wellness,jiomart,4906.18,4002.92,3.0,2024-12-15,1542,1180,57,5392284.32,111150.87,3.232876712328767,2.1745313246792155,0.04917808219178082,365,0.048305084745762714,94.19565254237288,0.6726304521253506,quality_issue,0.0,0.026333333333333334,0.043333333333333335,616,0.1841065757880877,premium
MCH-P-000160,SKU-79F9AF70,toys_games,shopclues,4562.6,2444.02,4.9,2025-07-18,948,614,70,2589184.24,116239.25,1.6821917808219178,1.5558594022605603,0.04854794520547945,365,0.11400651465798045,189.31473941368077,0.9249001332656426,damage,0.3333333333333333,0.10166666666666667,0.082,401,0.46433612413974495,premium
MCH-P-000161,SKU-3BDBF1F8,toys_games,own_shopify_store,3548.27,1818.65,2.8,2025-05-04,8216,7807,948,25816751.19,111861.11,21.389041095890413,6.414003430934754,0.05197260273972602,365,0.12142948635839632,14.328309209683617,0.29987335113246893,damage,0.0,0.09300000000000001,0.05933333333333333,476,0.4874544496332015,premium
MCH-P-000162,SKU-48846373,groceries_gourmet,flipkart,170.22,99.77,3.6,2025-03-14,7670,7262,133,1153781.8,110879.58,19.895890410958906,6.042896982739422,0.04950684931506849,365,0.01831451390801432,15.268463233269072,0.30372588800604366,not_needed,0.0,0.0023333333333333335,0.041,527,0.41387616026318885,budget
MCH-P-000163,SKU-9F5CBEA3,kids_apparel,etsy,1387.08,718.28,3.5,2025-05-02,1057,718,74,913905.36,111999.37,1.9671232876712328,1.7662942204570367,0.051726027397260274,365,0.10306406685236769,155.98798050139274,0.8979072290624212,size_issue,0.0,0.07733333333333332,0.037,478,0.4821639703549903,mid
MCH-P-000164,SKU-3780A36E,wearables_smartwatch,snapdeal,4570.24,3401.93,3.3,2025-06-29,1444,1093,175,4645100.49,113817.13,2.9945205479452053,2.2906816977426874,0.046,365,0.16010978956999086,104.1327813357731,0.7649577490174574,damage,0.0,0.083,0.056666666666666664,420,0.25563427741212713,premium
MCH-P-000165,SKU-C2414F52,makeup_cosmetics,jiomart,1724.19,863.1,4.7,2025-08-16,3981,3615,215,5827400.08,115863.29,9.904109589041095,4.042916691272853,0.05145205479452055,365,0.059474412171507604,32.05070262793914,0.408205972977757,damage,0.0,0.079,0.034666666666666665,372,0.4994171176030484,mid
MCH-P-000166,SKU-7E662D0A,wearables_smartwatch,urban_ladder,1071.75,726.49,3.3,2025-11-27,6400,6016,979,6025850.07,111094.23,16.482191780821918,5.5095158057372435,0.05128767123287671,365,0.16273271276595744,18.466461103723404,0.33427082265526825,damage,0.3333333333333333,0.058666666666666666,0.05566666666666666,269,0.3221460228598087,mid
MCH-P-000167,SKU-13C915BC,jewellery,croma,78101.78,62045.72,3.3,2025-07-14,5230,4862,773,353317613.4,111844.39,13.32054794520548,4.867332203153415,0.05317808219178082,365,0.15898807075277663,23.003782394076513,0.36540029908494376,damage,0.3333333333333333,0.09399999999999999,0.06533333333333334,405,0.20557866926976565,luxury
MCH-P-000168,SKU-94218BA6,kids_apparel,indiamart,1120.68,748.56,3.1,2024-07-03,3491,3126,376,3285060.52,109488.46,8.564383561643835,3.5330997606082915,0.04909589041095891,365,0.12028150991682661,35.02509916826616,0.41253404114588177,not_needed,0.0,0.06566666666666666,0.042,781,0.3320483991862085,mid
MCH-P-000169,SKU-EF847A22,garden_outdoor,urban_ladder,13966.14,7220.48,4.3,2025-10-10,8050,7644,460,99912927.58,115367.67,20.942465753424656,6.159463321495748,0.050054794520547945,365,0.06017791732077447,15.092578492935635,0.29411356781082526,damage,0.0,0.09533333333333334,0.06633333333333334,317,0.4830010296330983,luxury
MCH-P-000170,SKU-06F0E198,skincare,myntra,836.38,432.06,4.8,2025-10-20,5456,5086,141,3995119.58,116244.69,13.934246575342465,4.924267647286294,0.047041095890410965,365,0.0277231616201337,22.85581793157688,0.3533931756310455,size_issue,0.3333333333333333,0.027333333333333334,0.061,307,0.48341662880508857,mid
MCH-P-000171,SKU-F424A099,audio_headphones,ajio,7775.57,3972.92,4.1,2026-07-16,5969,5589,903,40709152.26,118183.53,15.312328767123288,5.34943627525778,0.04893150684931507,365,0.1615673644659152,21.14573805689748,0.34935484710486486,damage,0.6666666666666666,0.09166666666666667,0.073,38,0.4890509634663439,premium
MCH-P-000172,SKU-ABDD2B97,wearables_smartwatch,reliance_digital,15255.94,10667.32,4.6,2026-01-05,903,570,93,8088394.29,112862.68,1.5616438356164384,1.446730886313629,0.050054794520547945,365,0.1631578947368421,198.00470175438596,0.9264153921131133,damage,0.0,0.06133333333333333,0.053,230,0.3007759600522813,luxury
MCH-P-000173,SKU-44DA669A,makeup_cosmetics,pepperfry,3427.99,2456.81,4.4,2026-07-20,7560,7166,419,22810942.37,111975.54,19.632876712328766,6.392991844494198,0.054246575342465755,365,0.058470555400502375,15.62594753000279,0.32562685225235594,damage,0.0,0.05566666666666667,0.032,34,0.2833088777971931,premium
MCH-P-000174,SKU-4145FE6D,small_kitchen_appliances,walmart_marketplace,21459.4,12639.42,3.6,2025-12-20,1871,1510,137,30220200.07,113137.29,4.136986301369863,2.5176032367122785,0.050301369863013694,365,0.09072847682119205,74.92535761589403,0.6085597227814449,damage,0.6666666666666666,0.129,0.06933333333333334,246,0.4110077634975815,luxury
MCH-P-000175,SKU-B071C15D,groceries_gourmet,1mg,2954.7,1851.23,3.3,2025-02-15,754,446,8,1223363.94,106005.13,1.2219178082191782,1.3577460491142272,0.049369863013698626,365,0.017937219730941704,237.67966367713007,1.1111598832437062,not_needed,0.3333333333333333,0.0,0.04766666666666666,554,0.3734626188783971,premium
MCH-P-000176,SKU-E9BB863E,pet_supplies,snapdeal,4815.16,3420.0,3.5,2025-11-09,5734,5359,265,24150627.55,106239.18,14.682191780821919,5.063642828970343,0.0483013698630137,365,0.04944952416495615,19.824441127075946,0.34488330520137617,not_needed,0.0,0.082,0.057999999999999996,287,0.28974322763937227,premium
MCH-P-000177,SKU-AE29B60E,home_decor,1mg,1308.99,668.16,2.5,2025-10-21,2007,1646,178,1996196.65,103374.75,4.50958904109589,2.552318725121307,0.05306849315068493,365,0.10814094775212636,62.80361482381531,0.5659759019861951,damage,0.3333333333333333,0.042333333333333334,0.041,306,0.48956065363371765,mid
MCH-P-000178,SKU-7399C6DD,innerwear_sleepwear,1mg,538.06,405.6,4.3,2024-07-19,7831,7424,714,3750321.21,112040.18000000001,20.339726027397262,6.006378014062195,0.047397260273972605,365,0.09617456896551724,15.091619073275863,0.29530279837455564,size_issue,0.3333333333333333,0.02766666666666667,0.06733333333333334,765,0.2461807233394044,mid
MCH-P-000179,SKU-C6A66F5E,sports_fitness,tata_cliq,35622.66,25215.17,2.9,2025-10-22,2653,2289,174,75555661.85,117697.76,6.271232876712329,3.160603966314537,0.05128767123287671,365,0.07601572739187418,51.41885539536916,0.5039844681978183,damage,0.0,0.08600000000000001,0.030666666666666665,305,0.29215926042580775,luxury
MCH-P-000180,SKU-E79F783D,large_appliances,urban_ladder,85626.69,47996.36,5.0,2024-09-01,5620,5248,318,417610786.06,113365.72,14.378082191780821,4.979580462913772,0.05367123287671233,365,0.06059451219512195,21.60169969512195,0.3463313393604281,damage,0.3333333333333333,0.081,0.04133333333333333,721,0.4394696326577613,luxury
MCH-P-000181,SKU-FBA2CF69,kids_apparel,reliance_digital,262.02,222.08,2.8,2026-07-21,1534,1177,145,288761.75,112256.32,3.2246575342465755,2.128804340025003,0.04764383561643836,365,0.1231945624468989,95.37495327102805,0.6601644724801411,wrong_item,0.0,0.06933333333333334,0.07233333333333333,33,0.15243111212884503,budget
MCH-P-000182,SKU-3B0FF04E,health_wellness,croma,5393.98,4359.05,4.1,2025-07-28,5269,4899,212,24687005.82,117448.4,13.421917808219177,4.908230544823467,0.04868493150684931,365,0.043274137579097774,23.973953868136352,0.3656877217514933,size_issue,0.0,0.03766666666666667,0.05933333333333333,391,0.19186760054727667,premium
MCH-P-000183,SKU-F725373F,computer_accessories,myntra,946.74,670.39,4.2,2025-11-29,3012,2647,318,2343418.19,111608.49,7.252054794520548,3.3671045045026538,0.04923287671232877,365,0.12013600302228938,42.1641443143181,0.46429661660123484,damage,0.0,0.09466666666666668,0.05933333333333333,267,0.29189640239136405,mid
MCH-P-000184,SKU-7EE5387E,ethnic_wear,paytm_mall,20987.84,10627.32,3.1,2026-06-09,7752,7348,1209,144377869.87,109037.83,20.13150684931507,6.23656526860265,0.048739726027397255,365,0.164534567229178,14.839116766467066,0.30979127967337605,not_needed,0.3333333333333333,0.06633333333333334,0.05466666666666667,75,0.4936439385853904,luxury
MCH-P-000185,SKU-772299FA,sports_fitness,snapdeal,10295.1,7348.33,3.5,2024-06-24,6843,6459,606,61813324.73,114124.16,17.695890410958903,6.220588784280961,0.053890410958904116,365,0.09382257315373897,17.66901377922279,0.3515273116988003,damage,0.3333333333333333,0.09166666666666667,0.07766666666666668,790,0.2862303425901643,luxury
MCH-P-000186,SKU-02383D12,personal_care,reliance_digital,1709.85,1289.26,4.4,2024-09-29,5822,5451,163,8702897.06,117001.15,14.934246575342465,4.852330899558869,0.051726027397260274,365,0.02990277013392038,21.464162538983672,0.3249130028139768,size_issue,0.0,0.09333333333333334,0.05033333333333334,693,0.24598064157674646,mid
MCH-P-000187,SKU-5216AA4B,home_improvement_tools,own_shopify_store,8442.94,5742.08,4.5,2024-03-21,4009,3642,288,28727609.91,115231.24,9.978082191780821,4.148952157378409,0.04923287671232877,365,0.07907742998352553,31.63954969796815,0.4158065726093134,damage,0.0,0.09700000000000002,0.03766666666666667,885,0.3198956761507248,premium
MCH-P-000188,SKU-3D7D60A0,mobiles_tablets,meesho,79473.34,51084.39,4.7,2024-04-28,7676,7268,968,542101957.32,111158.42,19.912328767123288,6.050427857123213,0.046657534246575344,365,0.13318657127132635,15.294223995597138,0.3038533527586644,damage,0.0,0.058666666666666666,0.028333333333333332,847,0.3572135007790034,luxury
MCH-P-000189,SKU-04BE7183,kitchenware_dining,shopsy,6857.24,3787.12,2.9,2025-08-15,1869,1508,149,9588684.379999999,111166.66,4.131506849315069,2.472756876306502,0.04904109589041097,365,0.09880636604774536,73.71794429708223,0.5985121086550883,damage,0.3333333333333333,0.054,0.007666666666666666,373,0.4477194906405493,premium
MCH-P-000190,SKU-8C13FCFA,groceries_gourmet,walmart_marketplace,637.85,510.69,3.0,2024-03-21,745,437,7,259624.09,111991.21,1.1972602739726028,1.3299149566650734,0.04986301369863014,365,0.016018306636155607,256.27279176201375,1.1107985335989743,size_issue,0.3333333333333333,0.07533333333333334,0.008333333333333333,885,0.19935721564631187,mid
MCH-P-000191,SKU-0E6CCF6B,innerwear_sleepwear,shopclues,1873.45,1512.68,3.8,2025-06-11,6660,6274,623,11030161.66,111327.48,17.18904109589041,5.632508703744454,0.04684931506849315,365,0.09929869301880778,17.74425884603124,0.32768021626820626,size_issue,0.0,0.08166666666666667,0.023000000000000003,438,0.19256985774907256,mid
MCH-P-000192,SKU-1FE49922,bags_luggage,purplle,14911.56,11271.61,3.9,2025-04-16,1812,1452,124,20055004.41,113087.83,3.978082191780822,2.4993541240052406,0.05427397260273972,365,0.08539944903581267,77.88418044077135,0.6282811675357526,size_issue,0.0,0.020666666666666667,0.024000000000000004,494,0.2441025620391159,luxury
MCH-P-000193,SKU-9063DB0A,watches_eyewear,etsy,45227.38,36315.34,2.7,2026-04-24,6896,6511,987,276154311.78,110457.07,17.838356164383562,5.761625374901644,0.04731506849315068,365,0.1515896175702657,16.964685916141914,0.32299082504056215,damage,0.0,0.09033333333333333,0.064,121,0.19704966327919066,luxury
MCH-P-000194,SKU-55C6D74A,toys_games,amazon,1753.72,1333.28,4.9,2025-06-23,6276,5902,689,9705612.58,110549.27,16.16986301369863,5.482606987263233,0.04673972602739725,365,0.11674008810572688,18.73081497797357,0.3390632921638563,damage,0.0,0.04933333333333334,0.064,426,0.23974180598955366,mid
MCH-P-000195,SKU-C7134893,industrial_scientific,paytm_mall,72015.18,58379.1,3.3,2025-08-30,5835,5459,258,367122585.3,110074.51,14.956164383561644,5.307391339447908,0.05041095890410959,365,0.04726140318739696,20.163859681260302,0.3548631322400598,damage,0.3333333333333333,0.068,0.04633333333333333,358,0.18935007869174245,luxury
MCH-P-000196,SKU-67DB00F9,bags_luggage,firstcry,12291.81,8645.4,4.0,2025-08-24,4374,4007,376,46123542.01,109516.79,10.978082191780821,4.049767547777051,0.05027397260273973,365,0.09383578737209883,27.331367606688293,0.36889572122251657,not_needed,0.0,0.043666666666666666,0.068,364,0.29665362546280816,luxury
MCH-P-000197,SKU-EFBC62EC,health_wellness,shopsy,2858.55,1626.11,3.5,2024-05-02,5525,5152,206,13771121.85,116015.52,14.115068493150686,4.779525679742475,0.048,365,0.03998447204968944,22.51854037267081,0.3386115825128112,size_issue,0.0,0.030333333333333334,0.055,843,0.431141662731105,premium
MCH-P-000198,SKU-0FD9FBF4,bags_luggage,indiamart,2881.97,1605.27,3.3,2025-10-30,7545,7150,617,19301532.93,111107.07,19.589041095890412,6.176069592907644,0.04871232876712329,365,0.0862937062937063,15.53945034965035,0.3152818743232573,size_issue,0.0,0.046000000000000006,0.08800000000000001,297,0.44299558982223963,premium
MCH-P-000199,SKU-15D2D3CD,mobiles_tablets,pepperfry,38807.97,20747.66,4.7,2024-04-15,3206,2842,391,103209408.16,108132.13,7.786301369863014,3.282207908570166,0.048493150684931506,365,0.13757916959887403,38.04789936664321,0.4215362021914534,damage,0.0,0.07233333333333335,0.063,860,0.46537631316453815,luxury
MCH-P-000200,SKU-3190C48A,baby_products,snapdeal,3408.83,1945.52,3.8,2024-03-28,5605,5231,361,16701971.66,113591.84,14.331506849315069,5.393037756186284,0.045780821917808225,365,0.06901166125023896,21.715129038424774,0.376306400498565,size_issue,0.0,0.013666666666666667,0.052333333333333336,878,0.42927045349870774,premium
MCH-P-000201,SKU-C5D62CB9,cameras_accessories,amazon,52627.79,27145.97,4.9,2025-06-12,6534,6153,571,303267113.54,111564.36,16.85753424657534,5.047192610156292,0.05024657534246575,365,0.09280026003575492,18.131701608971234,0.2994027795720862,damage,0.3333333333333333,0.076,0.076,437,0.48418943679755505,luxury
MCH-P-000202,SKU-7588DEF5,makeup_cosmetics,meesho,2644.48,1780.87,3.1,2024-06-16,5483,5110,309,12629058.03,115638.97,14.0,5.023023913019848,0.04945205479452055,365,0.06046966731898239,22.62993542074364,0.3587874223585606,damage,0.3333333333333333,0.052333333333333336,0.034,798,0.32657081921587616,premium
MCH-P-000203,SKU-BCDB7961,large_appliances,netmeds,93658.0,75567.84,5.0,2025-11-10,4802,4434,254,388591724.9,106879.58,12.147945205479452,4.5699721543456695,0.04805479452054794,365,0.05728461885430762,24.104551195308975,0.3761930167650359,damage,0.3333333333333333,0.079,0.042333333333333334,286,0.1931512524290504,luxury
MCH-P-000204,SKU-377B8267,musical_instruments,flipkart,58950.8,49138.42,2.8,2025-02-27,4415,4048,363,221607847.35,106664.29,11.09041095890411,4.3049985125765335,0.05087671232876712,365,0.08967391304347826,26.349874011857708,0.38817303781878326,damage,0.0,0.044000000000000004,0.03966666666666666,542,0.16645032807018742,luxury
MCH-P-000205,SKU-DC993F55,automotive_accessories,ebay,13889.07,7415.96,4.0,2025-11-02,6058,5678,526,73414568.42,112061.8,15.556164383561644,5.5107533813487475,0.05145205479452055,365,0.0926382529059528,19.736139485734412,0.3542488524466877,damage,0.0,0.10266666666666667,0.06866666666666667,294,0.4660578426057324,luxury
MCH-P-000206,SKU-B58FFCDC,sports_fitness,tata_cliq,21785.65,12153.32,2.9,2026-05-14,1399,1048,103,21112037.78,109192.95,2.871232876712329,2.134841750578962,0.051671232876712325,365,0.0982824427480916,104.1917461832061,0.7435278997722529,damage,0.0,0.08366666666666667,0.07766666666666666,101,0.4421410423834038,luxury
MCH-P-000207,SKU-04D91050,wearables_smartwatch,1mg,35469.03,26860.53,3.4,2024-07-13,3996,3631,591,120194611.34,111974.61,9.947945205479453,3.812937403805754,0.04950684931506849,365,0.1627650784907739,30.8385045442027,0.38328894309807215,damage,0.0,0.11466666666666668,0.08333333333333333,771,0.24270469195238778,luxury
MCH-P-000208,SKU-49377C8F,ethnic_wear,netmeds,10418.35,7980.51,3.0,2026-06-28,5473,5096,815,49737307.13,112711.09,13.961643835616439,4.878598422201413,0.05027397260273973,365,0.1599293563579278,22.117560832025116,0.34942865465139633,size_issue,0.0,0.064,0.043666666666666666,56,0.23399482643604794,luxury
MCH-P-000209,SKU-5BC3DD8A,furniture,1mg,10530.89,8568.38,3.2,2024-04-26,4718,4352,337,42851560.44,109547.25,11.923287671232877,4.125720734502738,0.05112328767123288,365,0.07743566176470588,25.171702665441178,0.3460220744700136,damage,0.0,0.06666666666666667,0.047999999999999994,849,0.18635746836212327,luxury
MCH-P-000210,SKU-B04984C8,wearables_smartwatch,firstcry,50942.08,28671.33,3.6,2025-01-04,7338,6935,1174,331427134.8,114984.74,19.0,5.714354395191652,0.04821917808219178,365,0.16928622927180967,16.580351838500363,0.30075549448377115,damage,0.0,0.16966666666666666,0.05933333333333333,596,0.43717786945487896,luxury
MCH-P-000211,SKU-6C8805DB,computer_accessories,reliance_digital,10711.34,8547.3,3.3,2025-12-23,1413,1058,124,10546813.81,106871.8,2.8986301369863012,2.1363220133429466,0.05076712328767124,365,0.11720226843100189,101.01304347826087,0.7370109025237954,damage,0.0,0.083,0.07066666666666667,243,0.20203261216617163,luxury
MCH-P-000212,SKU-07427687,books_media,tata_cliq,1639.0,962.0,2.9,2025-10-08,8372,7955,152,12224153.7,112959.63,21.794520547945204,6.2453475081468595,0.04876712328767124,365,0.019107479572595853,14.199827781269642,0.2865558567534386,size_issue,0.3333333333333333,0.075,0.07166666666666667,319,0.41305674191580233,mid
MCH-P-000213,SKU-0907B825,laptops_computers,nykaa,223677.37,172695.83,3.7,2024-04-28,6905,6512,653,1362492674.23,110934.15,17.84109589041096,5.896260586644296,0.04824657534246575,365,0.10027641277641278,17.035342444717443,0.3304875789504251,damage,0.0,0.052,0.030666666666666665,847,0.2279244431387941,luxury
MCH-P-000214,SKU-9983B34F,haircare,firstcry,1635.79,1125.09,2.8,2024-08-05,2167,1802,50,2765695.55,114885.62,4.936986301369863,2.6309394787833162,0.04621917808219178,365,0.02774694783573807,63.75450610432852,0.5329039454805274,not_needed,0.0,0.043333333333333335,0.039,748,0.3122038892522879,mid
MCH-P-000215,SKU-27DA5987,winterwear,ebay,8594.07,5746.95,2.9,2026-04-06,1209,856,108,6875943.52,110850.99,2.345205479452055,1.7654374902097278,0.05087671232876712,365,0.1261682242990654,129.49882009345794,0.7527858457085872,not_needed,0.0,0.005666666666666667,0.0033333333333333335,139,0.3312889003696735,premium
MCH-P-000216,SKU-AEA70FF6,groceries_gourmet,tata_cliq,1685.08,965.05,2.6,2026-03-03,1615,1258,19,1966606.3199999998,111620.29,3.4465753424657533,2.2484477057859427,0.04915068493150685,365,0.015103338632750398,88.72837042925278,0.6523715521556989,wrong_item,0.0,0.013333333333333334,0.06033333333333333,173,0.42729722031001494,mid
MCH-P-000217,SKU-8C1B8B3D,bags_luggage,walmart_marketplace,18361.83,11247.29,3.7,2026-04-12,1918,1555,157,26534496.9,108555.82,4.260273972602739,2.4974019316580347,0.05112328767123288,365,0.10096463022508038,69.81081672025724,0.5862068842798602,not_needed,0.0,0.013666666666666667,0.051333333333333335,133,0.387463558915424,luxury
MCH-P-000218,SKU-DA3DB125,furniture,snapdeal,32635.05,22392.87,5.0,2024-12-27,6868,6475,470,197796469.12,108369.52,17.73972602739726,5.725946817575222,0.05046575342465754,365,0.07258687258687259,16.736605405405406,0.3227753804501863,damage,0.0,0.06866666666666667,0.06566666666666666,604,0.3138398746133375,luxury
MCH-P-000219,SKU-E5155067,large_appliances,ebay,91060.84,60470.39,4.8,2024-08-12,2448,2083,127,177310935.82,106084.17,5.706849315068493,2.918128670230784,0.04717808219178082,365,0.060969755160825735,50.92855016802688,0.511337957097569,damage,0.0,0.06166666666666667,0.027999999999999997,741,0.33593419520399764,luxury
MCH-P-000220,SKU-2D603DDC,small_kitchen_appliances,shopsy,8863.32,4587.1,4.5,2024-05-05,6201,5821,520,48192441.18,115187.46,15.947945205479453,5.67624967092354,0.04939726027397261,365,0.08933172994330871,19.78825974918399,0.355923574967719,damage,0.0,0.074,0.057666666666666665,840,0.4824625535352441,premium
MCH-P-000221,SKU-F045F68E,kitchenware_dining,ebay,7533.05,5859.0,4.8,2025-01-29,4476,4106,392,28701824.44,109817.67,11.24931506849315,4.445120898727648,0.05213698630136986,365,0.09547004383828543,26.745657574281537,0.3951459152546497,damage,0.3333333333333333,0.08366666666666667,0.061,571,0.22222738465827258,premium
MCH-P-000222,SKU-B741FD53,mens_apparel,amazon,3671.96,2657.23,5.0,2024-10-07,4438,4071,535,13916875.26,119328.42,11.153424657534247,4.383851554089331,0.051424657534246576,365,0.13141734217636944,29.311820191599114,0.3930498200055529,not_needed,0.0,0.035333333333333335,0.06066666666666667,685,0.2763456028932777,premium
MCH-P-000223,SKU-B2DAB830,ethnic_wear,purplle,2019.61,1333.73,2.9,2025-11-22,2346,1981,329,3723918.46,111282.32,5.427397260273972,2.9301980333806186,0.05010958904109589,365,0.16607773851590105,56.174820797576984,0.539890097013592,size_issue,0.0,0.021,0.076,274,0.3396101227464708,premium
MCH-P-000224,SKU-DF7DEE68,large_appliances,walmart_marketplace,78815.68,50246.93,3.3,2026-03-13,8005,7603,459,558484755.84,110556.79,20.83013698630137,6.245320994299859,0.05273972602739726,365,0.06037090622122846,14.541206102854135,0.2998214077231946,damage,0.0,0.077,0.059,163,0.36247546173553274,luxury
MCH-P-000225,SKU-DEFCADDC,jewellery,shopclues,46217.18,33783.97,3.7,2024-10-31,3433,3067,512,132086389.57000001,115062.4,8.402739726027397,3.881414315512421,0.05043835616438356,365,0.16693837626344962,37.51626997065536,0.46192247315358126,damage,0.0,0.04833333333333333,0.030333333333333334,661,0.26901706248628754,luxury
MCH-P-000226,SKU-4D668482,health_wellness,ajio,5705.31,3537.01,4.2,2025-03-28,8348,7936,324,42285817.86,113906.86,21.742465753424657,7.134845574774859,0.04978082191780822,365,0.040826612903225805,14.353182963709678,0.3281525497470796,not_needed,0.3333333333333333,0.062,0.03933333333333333,513,0.38004946269352585,premium
MCH-P-000227,SKU-26BF9703,industrial_scientific,jiomart,4312.34,2834.81,4.4,2024-07-18,5416,5042,213,20200121.73,112670.2,13.813698630136987,4.706592146574994,0.05358904109589041,365,0.042245140817136054,22.346330821102736,0.34071918554142655,damage,0.0,0.11833333333333333,0.042,766,0.3426283641827871,premium
MCH-P-000228,SKU-00D6BB95,stationery_office,shopclues,4959.44,3402.15,3.3,2024-10-09,7704,7307,238,33748195.63,114168.81,20.019178082191782,6.773182768617771,0.052000000000000005,365,0.032571506774325985,15.624580539208978,0.33833470788907705,not_needed,0.0,0.014333333333333335,0.057666666666666665,683,0.31400521026567507,premium
MCH-P-000229,SKU-FE74675C,winterwear,limeroad,3613.22,2740.55,3.9,2024-04-21,3292,2927,381,9920203.91,109974.68000000001,8.01917808219178,3.641513449338899,0.045095890410958905,365,0.1301674069012641,37.57249060471473,0.4541005838772457,size_issue,0.3333333333333333,0.08666666666666667,0.03133333333333333,854,0.24152141303325003,premium
MCH-P-000230,SKU-919DC91F,jewellery,walmart_marketplace,72034.02,48848.21,3.5,2024-11-01,4736,4364,746,292777952.24,111284.67,11.956164383561644,4.626517758131963,0.051041095890410955,365,0.17094408799266728,25.500611824014666,0.38695668691983653,damage,0.0,0.03166666666666667,0.03566666666666667,660,0.3218730538709349,luxury
MCH-P-000231,SKU-B0390BD1,computer_accessories,pepperfry,5266.31,3385.47,2.8,2025-01-08,6659,6278,803,30878692.69,109036.73,17.2,5.240480642330179,0.051726027397260274,365,0.12790697674418605,17.368067856005098,0.30467910711221974,damage,0.0,0.06033333333333333,0.02666666666666667,592,0.35714570543701385,premium
MCH-P-000232,SKU-B750962C,watches_eyewear,shopclues,4857.76,3563.76,4.2,2026-04-01,5617,5243,776,23679928.39,107291.93,14.364383561643836,4.901933064064034,0.054821917808219184,365,0.14800686629792104,20.4638432195308,0.3412560687361,damage,0.3333333333333333,0.12033333333333333,0.05566666666666667,144,0.2663779190408748,premium
MCH-P-000233,SKU-C7278EDB,footwear,ajio,4187.27,2383.53,4.7,2026-07-07,8089,7678,1545,30035078.38,106804.01,21.035616438356165,6.397230038084341,0.050219178082191784,365,0.20122427715550925,13.910394634019275,0.30411421775212094,not_needed,0.0,0.028,0.039,47,0.4307675406649201,premium
MCH-P-000234,SKU-8F9F6104,toys_games,myntra,2085.69,1530.37,3.2,2026-02-25,5835,5459,693,10664612.73,114246.53,14.956164383561644,5.590734738650976,0.04761643835616438,365,0.12694632716614765,20.928105880197837,0.3738080563487097,damage,0.0,0.061,0.08466666666666667,179,0.2662524152678491,premium
MCH-P-000235,SKU-31FC2AE2,baby_products,walmart_marketplace,3473.18,2556.81,3.0,2026-03-26,5210,4839,316,15700857.47,123799.1,13.257534246575343,4.769924026862297,0.05,365,0.06530274850175656,25.58361231659434,0.35978968171207654,size_issue,0.0,0.028333333333333335,0.04033333333333333,150,0.26384178188288543,premium
MCH-P-000236,SKU-7B1648AF,musical_instruments,own_shopify_store,32753.24,24417.11,4.0,2024-09-23,4438,4068,384,124114145.08,108809.16,11.145205479452056,4.453454058180184,0.051315068493150685,365,0.0943952802359882,26.747581120943952,0.39958474219168316,damage,0.0,0.09133333333333334,0.032,699,0.2545131412953345,luxury
MCH-P-000237,SKU-B616FCAA,garden_outdoor,1mg,9437.98,5777.67,3.5,2025-12-15,2338,1975,118,17409109.12,108665.06999999999,5.410958904109589,2.8256848651429083,0.04805479452054794,365,0.05974683544303797,55.020288607594935,0.5222151776086894,damage,0.3333333333333333,0.057999999999999996,0.018333333333333333,251,0.38782769194255545,premium
MCH-P-000238,SKU-7B8BB115,industrial_scientific,limeroad,68636.83,34876.41,4.7,2025-04-11,5584,5210,241,333185136.61,109312.71,14.273972602739725,4.982552729529715,0.04961643835616438,365,0.04625719769673704,20.981326295585415,0.34906559429526796,damage,0.0,0.068,0.04933333333333333,499,0.4918703267618857,luxury
MCH-P-000239,SKU-953CE6D8,groceries_gourmet,ebay,1359.08,1124.74,3.3,2025-02-09,2944,2579,55,3287981.53,113372.78,7.065753424657534,3.2218441914497693,0.048136986301369866,365,0.021326095385808454,43.95997673516867,0.455980275253651,not_needed,0.0,0.004666666666666667,0.03266666666666667,560,0.1724254642846631,mid
MCH-P-000240,SKU-3E72C075,books_media,shopclues,1678.73,1127.16,3.3,2025-07-04,4189,3823,59,6007234.57,112739.75,10.473972602739726,3.9824486985534384,0.04923287671232877,365,0.015432906094690033,29.48986398116662,0.38022332591472796,not_needed,0.0,0.026333333333333334,0.06233333333333333,415,0.32856385481882133,mid
MCH-P-000241,SKU-87AA375C,pet_supplies,nykaa,5484.68,4515.84,4.9,2025-12-24,8091,7680,344,39372762.64,110375.71,21.041095890410958,6.493949754279701,0.04857534246575342,365,0.04479166666666667,14.371837239583334,0.3086317266031368,size_issue,0.0,0.016333333333333335,0.02766666666666667,242,0.17664476323140094,premium
MCH-P-000242,SKU-544BA56C,sports_fitness,netmeds,29850.41,22914.18,3.7,2026-01-03,8051,7648,683,214745342.03,114366.23,20.953424657534246,6.344983356081465,0.04564383561643836,365,0.08930439330543934,14.953743462343096,0.30281366696780004,damage,0.0,0.09300000000000001,0.07433333333333332,232,0.23236632260662415,luxury
MCH-P-000243,SKU-16952AE7,home_decor,shopclues,3716.6,2697.09,3.1,2025-06-22,4118,3753,402,13028206.8,115227.72,10.282191780821918,4.065377213272587,0.04980821917808219,365,0.10711430855315747,30.702829736211033,0.3953804110963214,damage,0.0,0.11599999999999999,0.042,427,0.2743125437227573,premium
MCH-P-000244,SKU-46A0FC3F,ethnic_wear,snapdeal,14855.64,9559.51,4.5,2025-11-17,5489,5115,822,70991835.28,111975.35,14.013698630136986,4.976574660194211,0.05123287671232876,365,0.16070381231671554,21.89156402737048,0.35512214095227507,not_needed,0.0,0.010333333333333333,0.043333333333333335,279,0.35650635045006474,luxury
MCH-P-000245,SKU-68E194A3,ethnic_wear,flipkart,4607.81,2316.01,4.5,2024-07-06,1993,1629,278,7030642.600000001,112498.38,4.463013698630137,2.5703030805015987,0.04898630136986301,365,0.17065684468999387,69.05977900552486,0.5759119855021998,size_issue,0.0,0.023333333333333334,0.052,778,0.4973729385543241,premium
MCH-P-000246,SKU-724467F0,innerwear_sleepwear,netmeds,2121.9,1163.68,2.8,2024-11-23,7565,7168,686,14152839.58,112634.54,19.638356164383563,6.268327636324932,0.051315068493150685,365,0.095703125,15.713523995535713,0.31918800045460377,not_needed,0.0,0.056999999999999995,0.05266666666666666,638,0.45158584287666714,premium
MCH-P-000247,SKU-65A40922,wearables_smartwatch,own_shopify_store,59917.96,33997.86,3.6,2025-08-19,8234,7814,1325,437011042.06,105327.92,21.40821917808219,6.1147846732473425,0.05232876712328768,365,0.1695674430509342,13.479385717942154,0.2856278993774354,damage,0.0,0.08933333333333333,0.066,369,0.43259316572193046,luxury
MCH-P-000248,SKU-8758D07C,small_kitchen_appliances,woocommerce_store,15681.5,12961.0,2.7,2025-11-15,5851,5474,498,80505684.65,108909.56,14.997260273972604,5.2917614955728505,0.04731506849315068,365,0.09097552064303982,19.895791012056996,0.3528485469280399,damage,0.0,0.09300000000000001,0.058666666666666666,281,0.17348467939929216,luxury
MCH-P-000249,SKU-3289EFFA,automotive_accessories,pepperfry,19799.63,11775.26,4.2,2026-03-26,6147,5773,548,106389549.88,113820.13,15.816438356164383,5.478905945238207,0.05210958904109589,365,0.09492464922917028,19.715941451584964,0.34640579768091906,damage,0.0,0.08600000000000001,0.02666666666666666,150,0.4052787855126586,luxury
MCH-P-000250,SKU-F5D78153,stationery_office,ajio,602.74,477.0,3.6,2025-03-11,4481,4113,125,2298494.78,112945.84,11.26849315068493,4.389575460470779,0.053616438356164385,365,0.030391441769997567,27.460695356187696,0.3895441388455712,size_issue,0.0,0.050666666666666665,0.03766666666666666,530,0.20861399608454725,mid
MCH-P-000251,SKU-4677830E,haircare,purplle,1551.72,1148.52,5.0,2025-03-31,649,353,6,512750.34,111138.0,0.9671232876712329,1.1785694898692651,0.049589041095890414,365,0.0169971671388102,314.8385269121813,1.2186341750772856,damage,0.0,0.043333333333333335,0.06633333333333334,510,0.25984069290851447,mid
MCH-P-000252,SKU-FE35E42A,kitchenware_dining,meesho,9994.28,6803.71,4.3,2026-04-23,7396,7003,642,65789746.730000004,106705.2,19.186301369863013,5.785860822589605,0.04643835616438356,365,0.09167499643010138,15.237069827216907,0.30156207343212993,damage,0.3333333333333333,0.10766666666666667,0.04,122,0.319239605054091,premium
MCH-P-000253,SKU-DFEB08F8,wearables_smartwatch,ajio,19780.58,13083.33,2.6,2024-03-27,7096,6699,1101,124280592.95,104468.99,18.353424657534248,6.036839336404953,0.04621917808219178,365,0.16435288849081953,15.594714136438276,0.32892168350318074,damage,0.3333333333333333,0.06166666666666667,0.057333333333333326,879,0.3385770285805574,luxury
MCH-P-000254,SKU-8D5D8C99,jewellery,purplle,67291.66,41967.67,4.6,2025-10-16,1827,1466,258,91452730.52,112143.62,4.016438356164383,2.6529588343106143,0.050849315068493155,365,0.17598908594815826,76.4963301500682,0.6605252213665582,damage,0.3333333333333333,0.11499999999999999,0.052,311,0.3763317772217241,luxury
MCH-P-000255,SKU-7254D278,musical_instruments,tata_cliq,25291.04,15491.8,4.5,2024-08-09,5265,4890,446,115592192.52,111258.18,13.397260273972602,4.789926833124569,0.05,365,0.09120654396728016,22.75218404907975,0.35753032598987067,damage,0.0,0.09766666666666667,0.075,744,0.38745895779691153,luxury
MCH-P-000256,SKU-1ED8C7AC,garden_outdoor,myntra,7444.66,6049.24,4.7,2025-12-04,6580,6186,347,43233448.48,115433.5,16.947945205479453,5.375977028222714,0.04854794520547945,365,0.05609440672486259,18.66044293566117,0.31720524010690115,damage,0.0,0.09033333333333333,0.06533333333333333,262,0.1874390502722757,premium
MCH-P-000257,SKU-5CDB3333,musical_instruments,jiomart,9633.92,6617.0,2.6,2026-05-02,2233,1871,165,16734118.99,110770.46,5.126027397260274,2.9080235441469973,0.05065753424657535,365,0.08818813468733298,59.203880277926245,0.5673055016641657,damage,0.0,0.10433333333333333,0.07066666666666667,113,0.3131560154122102,premium
MCH-P-000258,SKU-10906FB4,cameras_accessories,netmeds,1102.23,719.44,2.6,2024-07-14,8282,7872,721,8112214.43,114421.53,21.567123287671233,6.571166930892831,0.05049315068493151,365,0.09159044715447154,14.535255335365854,0.3046844422987657,damage,0.0,0.06699999999999999,0.04566666666666667,770,0.3472868639031781,mid
MCH-P-000259,SKU-9A9C731E,innerwear_sleepwear,amazon,2084.17,1164.63,4.7,2025-01-03,5951,5574,548,10913797.93,109936.89,15.271232876712329,4.898460159823461,0.04715068493150685,365,0.09831359885181198,19.72315931108719,0.32076389636447133,size_issue,0.0,0.09233333333333334,0.02066666666666667,597,0.44120201327147013,premium
MCH-P-000260,SKU-D1F97843,large_appliances,ebay,100189.96,68993.77,2.7,2025-06-24,4698,4330,246,405663136.66,117726.45,11.863013698630137,4.459571347893729,0.048958904109589044,365,0.056812933025404154,27.18855658198614,0.3759222960695638,damage,0.0,0.12466666666666666,0.034333333333333334,425,0.3113704207487457,luxury
MCH-P-000261,SKU-0FAF742E,jewellery,nykaa,73831.93,43568.83,3.8,2025-08-15,8043,7634,1286,529027927.98,109757.93,20.915068493150685,6.792523184930862,0.0469041095890411,365,0.16845690332722033,14.377512444328005,0.3247669586717009,damage,0.3333333333333333,0.056999999999999995,0.083,373,0.4098917636312635,luxury
MCH-P-000262,SKU-3172BB88,baby_products,shopsy,9027.92,5982.24,3.0,2025-10-29,5651,5280,358,44317788.46,111348.93,14.465753424657533,4.9594016382385515,0.05227397260273973,365,0.06780303030303031,21.0888125,0.342837423855506,not_needed,0.3333333333333333,0.055,0.05533333333333334,298,0.33736231601520617,premium
MCH-P-000263,SKU-BFDB8CBC,home_decor,netmeds,11309.39,6125.38,2.9,2026-01-24,409,155,14,1629004.52,116660.82,0.4246575342465753,0.7865247007707229,0.047753424657534245,365,0.09032258064516129,752.6504516129032,1.8521388114923476,damage,0.0,0.043000000000000003,0.07733333333333332,211,0.4583810444241466,luxury
MCH-P-000264,SKU-1181FD42,audio_headphones,limeroad,7260.43,5721.86,5.0,2026-06-01,750,430,70,2916805.14,107176.19,1.178082191780822,1.3023907196508062,0.05164383561643836,365,0.16279069767441862,249.2469534883721,1.1055177038896378,damage,0.3333333333333333,0.08433333333333333,0.04733333333333333,83,0.21191169118082545,premium
MCH-P-000265,SKU-92B47B9F,books_media,walmart_marketplace,1994.92,1310.77,4.7,2026-03-27,2633,2268,28,4222986.35,110584.97,6.213698630136986,3.0188653656199835,0.04956164383561644,365,0.012345679012345678,48.75880511463845,0.48584032559580864,not_needed,0.0,0.023999999999999997,0.03733333333333333,149,0.3429460830509494,mid
MCH-P-000266,SKU-E5F67184,bags_luggage,snapdeal,19519.21,15722.74,3.1,2025-06-24,8223,7815,706,142447681.13,117139.65,21.410958904109588,6.487171653039463,0.051068493150684936,365,0.09033909149072297,14.989078694817657,0.3029837048444535,not_needed,0.0,0.04666666666666667,0.018000000000000002,425,0.19449916261979863,luxury
MCH-P-000267,SKU-386EE5FB,skincare,amazon,1515.8,1147.69,3.9,2024-12-31,6506,6125,169,8700328.25,116399.87,16.78082191780822,5.414790934196513,0.048849315068493146,365,0.027591836734693877,19.004060408163266,0.32267733730313913,not_needed,0.0,0.007,0.05633333333333334,600,0.242848660773189,mid
MCH-P-000268,SKU-521D8DCE,personal_care,amazon,2079.77,1557.1,2.6,2025-06-16,8596,8186,264,15923176.64,115014.02,22.427397260273974,6.8370608578663585,0.049287671232876716,365,0.032250183239677495,14.0500879550452,0.304853067813489,not_needed,0.0,0.002,0.06133333333333333,433,0.25131144309226505,premium
MCH-P-000269,SKU-BEFCE951,automotive_accessories,jiomart,12231.36,7229.52,4.4,2025-02-16,7242,6852,566,78621225.06,109280.71,18.77260273972603,5.59634054966231,0.04772602739726028,365,0.08260361938120257,15.948731757151197,0.29811212793735303,damage,0.0,0.13933333333333334,0.05633333333333334,553,0.4089357193312927,luxury
MCH-P-000270,SKU-84DE04DC,jewellery,limeroad,82695.65,57591.57,3.2,2026-03-09,3076,2711,408,208761033.59,106627.25,7.427397260273972,3.394131177325587,0.053205479452054796,365,0.15049797122832903,39.331335300627075,0.4569745037712428,damage,0.0,0.04766666666666667,0.08600000000000001,167,0.30357195330105025,luxury
MCH-P-000271,SKU-99DF8D01,large_appliances,shopclues,43251.96,30165.36,2.7,2025-04-26,2973,2609,173,105706492.64999999,110348.74,7.147945205479452,3.1796100730702084,0.04687671232876712,365,0.06630893062476044,42.295415868148716,0.44482854606003297,damage,0.0,0.12466666666666666,0.035666666666666666,484,0.30256663513052356,luxury
MCH-P-000272,SKU-BA1A50B2,bedding_linen,walmart_marketplace,307.22,176.44,4.1,2025-02-19,5510,5136,354,1462680.59,113052.77,14.07123287671233,4.865822707281511,0.05512328767123288,365,0.0689252336448598,22.011832165109034,0.3457993162300918,size_issue,0.0,0.017666666666666667,0.04766666666666667,550,0.42568843174272514,budget
MCH-P-000273,SKU-10BB0EDC,toys_games,ebay,7138.46,4743.4,4.8,2026-02-25,8119,7707,884,51459730.46,113150.73,21.115068493150684,6.382747850175674,0.04909589041095891,365,0.11470092124043078,14.681553133514987,0.3022840230068926,damage,0.0,0.030333333333333334,0.05366666666666667,179,0.33551494299891016,premium
MCH-P-000274,SKU-DC362850,makeup_cosmetics,reliance_digital,331.06,190.46,3.0,2025-06-07,1512,1149,69,356740.37,113520.09,3.147945205479452,2.040800154771306,0.047753424657534245,365,0.06005221932114883,98.79903394255875,0.6482959586523296,damage,0.3333333333333333,0.04066666666666666,0.026333333333333334,442,0.4246964296502144,budget
MCH-P-000275,SKU-4183D58E,footwear,firstcry,2882.68,1541.38,3.6,2024-12-10,7514,7111,1403,19080660.72,111169.8,19.482191780821918,5.853789569651135,0.05441095890410959,365,0.19729995781184081,15.63349739839685,0.30046873757877435,not_needed,0.3333333333333333,0.03666666666666667,0.058666666666666666,621,0.46529618271885875,premium
MCH-P-000276,SKU-959A189E,mens_apparel,etsy,1655.44,905.76,3.3,2025-01-04,6165,5792,840,8952834.709999999,113552.15,15.868493150684932,5.434850825220324,0.05071232876712329,365,0.14502762430939226,19.60499827348066,0.34249318908933324,not_needed,0.0,0.017666666666666667,0.03166666666666667,596,0.4528584545498478,mid
MCH-P-000277,SKU-790F9D88,innerwear_sleepwear,shopsy,278.94,174.36,4.0,2025-09-14,7302,6911,716,1804217.36,120646.01,18.934246575342467,6.1569271979982965,0.048438356164383564,365,0.10360295181594559,17.457098827955434,0.3251741321472114,size_issue,0.0,0.042666666666666665,0.06899999999999999,343,0.3749193374919337,budget
MCH-P-000278,SKU-7C55F8AD,kids_apparel,own_shopify_store,979.69,794.46,2.7,2026-06-26,7537,7132,876,6542947.88,106896.68,19.53972602739726,5.982730176457333,0.04972602739726028,365,0.12282669657879977,14.988317442512619,0.30618291004023085,size_issue,0.0,0.017666666666666667,0.07466666666666667,58,0.18907001194255327,mid
MCH-P-000279,SKU-93B9BD04,baby_products,limeroad,1471.5,1054.84,4.6,2026-04-22,5729,5352,371,7369227.86,118653.19,14.663013698630136,5.27995137260416,0.04857534246575342,365,0.06931988041853512,22.16987855007474,0.36008636976840774,size_issue,0.0,0.03666666666666667,0.028999999999999998,123,0.28315324498810746,mid
MCH-P-000280,SKU-C05C2798,wearables_smartwatch,croma,45501.77,35806.85,5.0,2024-11-29,464,209,35,8722234.27,115086.98,0.5726027397260274,0.9128599356310835,0.05052054794520548,365,0.1674641148325359,550.6554066985645,1.5942290741882559,quality_issue,0.0,0.15033333333333335,0.024000000000000004,632,0.21306687629953733,luxury
MCH-P-000281,SKU-4C082C6E,watches_eyewear,pepperfry,20242.27,12416.16,3.9,2026-06-16,8059,7655,1158,145267436.1,110188.26,20.972602739726028,6.310144899025364,0.0472054794520548,365,0.1512736773350751,14.394286087524494,0.3008756222265523,damage,0.0,0.079,0.005,68,0.38662215255502475,luxury
MCH-P-000282,SKU-348DA5A6,automotive_accessories,woocommerce_store,20183.65,11295.16,3.7,2024-08-26,1365,1005,98,18778262.47,102806.27,2.7534246575342465,1.9874663720826995,0.051589041095890416,365,0.09751243781094528,102.2947960199005,0.7218161450847616,damage,0.0,0.09733333333333333,0.020666666666666667,727,0.440380704183832,luxury
MCH-P-000283,SKU-2584369D,fragrances,purplle,7772.87,4922.22,4.0,2025-05-21,5081,4708,366,34074396.61,114668.2,12.898630136986302,4.6472399096303105,0.049945205479452054,365,0.07774001699235344,24.35603228547154,0.36028941525383673,damage,0.0,0.07866666666666668,0.05433333333333334,459,0.3667435580422675,premium
MCH-P-000284,SKU-076AB7B1,bags_luggage,snapdeal,2821.76,1727.99,2.8,2026-01-17,4148,3783,327,9969927.13,115290.62,10.364383561643836,3.825355325843577,0.052301369863013696,365,0.08643933386201427,30.475976738038593,0.3690866227684128,size_issue,0.0,0.05200000000000001,0.044333333333333336,218,0.3876197833975959,premium
MCH-P-000285,SKU-25DAFFDD,toys_games,indiamart,4775.84,2987.46,3.6,2024-07-01,3128,2763,349,12375156.62,113030.4,7.5698630136986305,3.442410226570387,0.04589041095890411,365,0.12631197973217517,40.908577633007596,0.45475198432797365,damage,0.0,0.04699999999999999,0.028666666666666663,783,0.3744639686421656,premium
MCH-P-000286,SKU-608EE075,jewellery,own_shopify_store,63387.92,52255.05,3.5,2024-08-26,3483,3119,521,182909012.56,117749.83,8.545205479452054,3.987102872018454,0.05180821917808219,365,0.1670407181789035,37.752430266110935,0.4665894672288348,damage,0.0,0.04766666666666666,0.04800000000000001,727,0.1756307826475454,luxury
MCH-P-000287,SKU-BBE66155,baby_products,limeroad,5466.9,3820.14,4.1,2025-10-11,1973,1609,105,8253433.55,112493.48,4.4082191780821915,2.563573732409372,0.04819178082191781,365,0.06525792417650715,69.91515226848975,0.581544072299205,not_needed,0.0,0.03733333333333333,0.071,316,0.30122372825550126,premium
MCH-P-000288,SKU-13CC04E1,skincare,shopsy,2816.11,1724.16,3.4,2024-04-01,2446,2081,50,5497328.32,106841.77,5.701369863013698,2.822811957798334,0.04764383561643836,365,0.024026910139356077,51.341552138395,0.4951111795273388,size_issue,0.0,0.010333333333333333,0.06766666666666667,874,0.38775118869646424,premium
MCH-P-000289,SKU-63784FC3,fragrances,woocommerce_store,1494.45,1125.46,3.0,2026-05-03,7007,6620,497,9288036.6,114740.02,18.136986301369863,6.066289188543734,0.04717808219178082,365,0.07507552870090635,17.332329305135953,0.3344706274650246,damage,0.0,0.112,0.036,112,0.24690688882197465,mid
MCH-P-000290,SKU-20B0BF44,bags_luggage,tata_cliq,11384.21,8702.53,4.6,2025-04-17,2592,2230,203,23680636.74,115265.12,6.109589041095891,2.996158913883276,0.050410958904109585,365,0.09103139013452914,51.68839461883408,0.49040269218268867,size_issue,0.0,0.0,0.038,493,0.23556136086737672,luxury
MCH-P-000291,SKU-0BE7A6A4,groceries_gourmet,woocommerce_store,1811.91,1330.18,4.9,2024-05-09,5948,5572,113,9447461.8,113550.02,15.265753424657534,5.45038105276615,0.04884931506849315,365,0.02027997128499641,20.378682699210337,0.3570332168448752,not_needed,0.3333333333333333,0.021333333333333333,0.043666666666666666,836,0.2658686137832453,mid
MCH-P-000292,SKU-8723BA50,cameras_accessories,reliance_digital,79103.85,65131.35,2.5,2024-05-14,1910,1546,149,113995767.21,110646.85,4.235616438356164,2.4097654953513996,0.04832876712328767,365,0.0963777490297542,71.56976067270375,0.5689291111275944,damage,0.0,0.14833333333333334,0.059,831,0.1766348919806053,luxury
MCH-P-000293,SKU-00340D0E,furniture,meesho,54752.77,38159.06,4.4,2026-06-21,2360,1996,135,101516015.84,111545.53,5.468493150684932,3.2365052340079186,0.04857534246575342,365,0.06763527054108216,55.88453406813627,0.591845897000446,damage,0.0,0.05933333333333333,0.034666666666666665,63,0.30306612797854793,luxury
MCH-P-000294,SKU-9C95772C,laptops_computers,pepperfry,215254.15,145026.65,2.5,2026-01-29,774,445,49,88396269.17,119108.62,1.2191780821917808,1.30137897427426,0.05049315068493151,365,0.1101123595505618,267.6598202247191,1.0674232036182134,damage,0.0,0.066,0.05266666666666666,206,0.326253872457279,luxury
MCH-P-000295,SKU-49B3E60F,personal_care,woocommerce_store,859.59,694.18,3.9,2024-09-08,2501,2136,54,1709629.97,103982.06999999999,5.852054794520548,2.9751770465852583,0.04893150684931507,365,0.025280898876404494,48.68074438202247,0.5083986994398967,not_needed,0.0,0.039,0.074,714,0.1924289486848382,mid
MCH-P-000296,SKU-5CA04AC3,winterwear,netmeds,2797.18,1555.81,3.7,2025-07-11,2931,2566,334,6662519.11,109225.98,7.03013698630137,3.0457448669200793,0.05328767123287671,365,0.13016367887763056,42.56663289166017,0.4332411833304088,not_needed,0.0,0.043000000000000003,0.06033333333333333,408,0.4437933919161441,premium
MCH-P-000297,SKU-FF10E4A9,mens_apparel,purplle,7733.67,6475.04,3.0,2025-04-14,2883,2517,327,18230734.99,115641.77,6.895890410958904,3.2631996684035953,0.04734246575342466,365,0.1299165673420739,45.94428684942392,0.47320932815546773,not_needed,0.0,0.016,0.06733333333333334,496,0.16274679421283816,premium
MCH-P-000298,SKU-67BA7C93,books_media,limeroad,1822.99,1471.79,2.8,2025-03-07,3669,3304,56,5674803.87,115289.24,9.052054794520547,3.2463043057207317,0.046657534246575344,365,0.01694915254237288,34.8938377723971,0.35862623232084356,not_needed,0.3333333333333333,0.04466666666666667,0.07333333333333333,534,0.19265053565845125,mid
MCH-P-000299,SKU-59577F0F,bags_luggage,shopclues,9790.22,6829.04,4.0,2024-08-18,4578,4209,368,38587760.519999996,109314.94,11.531506849315068,4.397454205832965,0.04783561643835617,365,0.08743169398907104,25.971712995961035,0.38134254814184654,size_issue,0.0,0.043000000000000003,0.07133333333333333,735,0.3024630702885124,premium
MCH-P-000300,SKU-3349DF1C,industrial_scientific,firstcry,42669.87,26860.45,2.8,2026-04-04,1802,1440,67,57205361.18,112801.12,3.9452054794520546,2.4477530117565562,0.0483013698630137,365,0.04652777777777778,78.33411111111111,0.6204373953410716,damage,0.0,0.09799999999999999,0.042,141,0.37050546439443105,luxury
MCH-P-000301,SKU-EC27030F,stationery_office,1mg,4196.54,2515.99,4.7,2024-09-01,1565,1206,28,4689339.67,112139.68000000001,3.304109589041096,2.3021990416811673,0.04986301369863014,365,0.02321724709784411,92.98480928689885,0.6967683666779653,not_needed,0.0,0.04066666666666666,0.042,721,0.40046085584791286,premium
MCH-P-000302,SKU-5245CC84,footwear,pepperfry,677.08,461.88,4.2,2025-05-10,3580,3215,699,2026967.6500000001,108137.09,8.808219178082192,3.7718503862752,0.05139726027397261,365,0.21741835147744945,33.635175738724726,0.42821940621786875,size_issue,0.0,0.05933333333333334,0.072,470,0.31783541088202283,mid
MCH-P-000303,SKU-55D8C79B,health_wellness,purplle,4042.82,2554.48,2.6,2026-03-04,1053,713,21,2671818.87,110882.91,1.9534246575342467,1.7353849837134205,0.048438356164383564,365,0.029453015427769985,155.51600280504908,0.8883808121394088,size_issue,0.0,0.04666666666666667,0.0030000000000000005,172,0.36814401828426696,premium
MCH-P-000304,SKU-8671A42D,furniture,snapdeal,37475.91,25588.09,2.8,2024-05-05,3767,3402,273,118487584.65,114555.33,9.32054794520548,3.86072642000699,0.053260273972602745,365,0.08024691358024691,33.672936507936505,0.41421667939522383,damage,0.3333333333333333,0.06666666666666667,0.048999999999999995,840,0.3172123105216125,luxury
MCH-P-000305,SKU-37D921D3,personal_care,urban_ladder,892.49,476.49,3.5,2026-02-11,3774,3409,100,2831611.94,115579.17,9.33972602739726,4.102355920755413,0.04991780821917808,365,0.02933411557641537,33.904127310061604,0.43923728690986386,not_needed,0.0,0.043666666666666666,0.04533333333333334,193,0.466111665116696,mid
MCH-P-000306,SKU-1F24E340,automotive_accessories,meesho,20252.7,17033.45,4.1,2025-12-23,2325,1961,158,37068719.31,108415.39,5.372602739726028,3.0523482346542417,0.04684931506849315,365,0.08057113717491075,55.285767465578786,0.5681321293466589,damage,0.3333333333333333,0.09700000000000002,0.04833333333333334,243,0.15895411476000731,luxury
MCH-P-000307,SKU-72B4E51A,industrial_scientific,myntra,63532.81,41306.44,2.6,2024-06-26,8324,7914,335,470179007.71999997,118137.22,21.682191780821917,6.635140848843992,0.04868493150684931,365,0.04233004801617387,14.927624462977002,0.3060179946712228,damage,0.3333333333333333,0.12766666666666668,0.11533333333333333,788,0.349840814533467,luxury
MCH-P-000308,SKU-7E4AB8C7,watches_eyewear,own_shopify_store,26869.19,22778.09,2.6,2025-06-03,4224,3858,597,96672121.36,112693.39,10.56986301369863,4.020370005507353,0.05180821917808219,365,0.1547433903576983,29.210313634007257,0.38036159979527834,damage,0.0,0.027,0.033,446,0.15225989320854103,luxury
MCH-P-000309,SKU-E3F4749A,mens_apparel,limeroad,2622.89,2140.4,4.8,2024-11-17,6169,5795,850,14168248.51,114340.72,15.876712328767123,5.326548697764369,0.051589041095890416,365,0.14667817083692838,19.73092666091458,0.33549443911716903,size_issue,0.0,0.057666666666666665,0.04533333333333334,644,0.18395357792358802,premium
MCH-P-000310,SKU-BA5E5CBE,laptops_computers,flipkart,211806.8,114614.28,4.6,2025-11-21,6115,5732,602,1135557678.75,110191.89,15.704109589041096,5.282680553858156,0.048493150684931506,365,0.10502442428471738,19.22398639218423,0.3363884162871994,damage,0.0,0.06533333333333334,0.02033333333333333,275,0.4588734639303365,luxury
MCH-P-000311,SKU-D359564C,automotive_accessories,etsy,13441.75,11029.1,3.5,2026-03-11,8307,7887,724,99193259.74,113347.12,21.60821917808219,6.213017029686111,0.05035616438356164,365,0.09179662736148092,14.371385824774945,0.28753026700081535,damage,0.0,0.08366666666666667,0.04733333333333334,165,0.17948927780980897,luxury
MCH-P-000312,SKU-A7C66874,personal_care,woocommerce_store,1139.73,595.04,3.3,2026-02-25,5849,5476,152,5862702.74,109000.98,15.002739726027396,5.022749690289387,0.047287671232876714,365,0.027757487216946677,19.905219138056975,0.3347888307077477,size_issue,0.0,0.08600000000000001,0.038,179,0.4779114351644688,mid
MCH-P-000313,SKU-46BA1241,toys_games,snapdeal,2394.76,2005.68,4.7,2026-02-10,4279,3914,473,8778208.29,116208.25,10.723287671232876,4.096719424203258,0.04736986301369863,365,0.12084823709759837,29.69040623403168,0.3820394966362261,damage,0.3333333333333333,0.10566666666666667,0.016666666666666666,194,0.16247139588100692,premium
MCH-P-000314,SKU-CDEC3EBE,audio_headphones,woocommerce_store,28401.11,22451.27,4.6,2026-04-05,5085,4714,751,124904389.58,112416.4,12.915068493150685,5.059092327074811,0.04887671232876712,365,0.15931268561731013,23.847348324140857,0.3917201313920887,damage,0.0,0.123,0.07366666666666667,140,0.20949322051145183,luxury
MCH-P-000315,SKU-59D049DE,winterwear,nykaa,1578.08,1228.58,3.9,2024-04-25,1544,1187,173,1754020.0799999998,110755.85,3.252054794520548,2.189391856266488,0.04616438356164384,365,0.14574557708508845,93.30737152485257,0.6732333846143792,wrong_item,0.0,0.05733333333333334,0.03233333333333333,850,0.2214716617661969,mid
MCH-P-000316,SKU-7D78F1C0,fragrances,1mg,7211.49,6058.6,3.7,2025-07-08,491,221,16,1496239.96,114913.7,0.6054794520547945,0.91865441656622,0.044246575342465747,365,0.07239819004524888,519.9714932126697,1.517234669894436,damage,0.0,0.082,0.036333333333333336,411,0.15986848764957026,premium
MCH-P-000317,SKU-FA410C7C,skincare,snapdeal,1992.46,1248.4,2.7,2025-06-22,4679,4311,129,7972310.69,108402.36,11.810958904109588,4.567550430495506,0.05232876712328768,365,0.029923451635351428,25.145525400139178,0.38672138880326135,wrong_item,0.0,0.02966666666666667,0.036,427,0.3734378607349708,mid
MCH-P-000318,SKU-9B1D29BF,bags_luggage,pepperfry,1824.57,1410.31,4.8,2024-11-01,4640,4271,388,7290178.9,106188.88,11.7013698630137,4.647594590856371,0.048027397260273975,365,0.09084523530789042,24.86276750175603,0.397183803714019,not_needed,0.0,0.06733333333333334,0.011999999999999999,660,0.2270452764212938,mid
MCH-P-000319,SKU-0C66DDAB,sports_fitness,etsy,1599.04,887.68,4.9,2025-02-07,7358,6953,643,10387667.67,113237.55,19.04931506849315,5.609331003765044,0.050904109589041104,365,0.0924780670214296,16.286142672227815,0.29446365833082716,damage,0.0,0.06566666666666666,0.061,562,0.4448669201520913,mid
MCH-P-000320,SKU-646EDF06,mens_apparel,own_shopify_store,1983.24,1349.62,4.9,2024-12-24,6739,6354,879,11804422.91,116618.1,17.40821917808219,5.877451637744605,0.047506849315068496,365,0.13833805476864966,18.35349386213409,0.3376250940788135,not_needed,0.0,0.033,0.07866666666666666,607,0.3194873036042033,mid
MCH-P-000321,SKU-26D673F3,laptops_computers,own_shopify_store,26542.65,14698.27,3.0,2025-12-31,7236,6849,729,170663665.57,115706.06,18.764383561643836,5.819571230170291,0.046136986301369864,365,0.10643889618922471,16.893861877646373,0.31013921725976873,damage,0.0,0.034999999999999996,0.054333333333333324,235,0.44623954277361155,luxury
MCH-P-000322,SKU-BC237B94,cameras_accessories,croma,114144.94,93525.46,4.1,2025-12-10,6543,6160,592,655370021.71,116036.71,16.876712328767123,5.8880238048396665,0.051726027397260274,365,0.09610389610389611,18.83712824675325,0.3488845273971556,damage,0.3333333333333333,0.10566666666666667,0.052333333333333336,256,0.18064296148388176,luxury
MCH-P-000323,SKU-91ABFBD4,toys_games,shopclues,6434.38,4608.47,4.9,2026-01-30,6276,5896,676,35392886.26,114944.38,16.153424657534245,5.510581284823143,0.05049315068493151,365,0.11465400271370421,19.495315468113976,0.34114012363643953,damage,0.0,0.07600000000000001,0.072,205,0.28377403883513247,premium
MCH-P-000324,SKU-6E3FACA2,books_media,tata_cliq,1108.26,589.26,3.6,2025-06-09,5182,4810,96,4990129.0200000005,114329.65,13.178082191780822,5.156726285371073,0.04846575342465754,365,0.01995841995841996,23.769158004158005,0.3913108303867862,wrong_item,0.0,0.025333333333333333,0.07466666666666667,440,0.4683016620648584,mid
MCH-P-000325,SKU-1339D163,furniture,myntra,30885.85,23775.02,3.0,2024-04-23,4191,3825,293,111310441.36,110576.93,10.479452054794521,4.378737301811088,0.043068493150684936,365,0.07660130718954249,28.90900130718954,0.4178402915453718,damage,0.0,0.065,0.068,852,0.23022937688294148,luxury
MCH-P-000326,SKU-E41AAFA4,fragrances,indiamart,2701.05,1968.03,3.6,2026-02-23,977,641,40,1606395.49,109808.36,1.7561643835616438,1.61661924246299,0.05134246575342466,365,0.062402496099843996,171.30789391575664,0.9205398182511565,damage,0.0,0.07333333333333333,0.06266666666666666,181,0.2713833509190871,premium
MCH-P-000327,SKU-059D390D,pet_supplies,1mg,4358.97,2437.12,3.0,2026-01-07,4060,3694,195,15095505.43,110315.91,10.12054794520548,4.070361882287292,0.04687671232876712,365,0.052788305360043315,29.863538170005416,0.40218789578637293,size_issue,0.0,0.09233333333333334,0.051666666666666666,228,0.44089544089544097,premium
MCH-P-000328,SKU-3C5C44F4,automotive_accessories,croma,2815.82,1898.36,3.8,2025-04-18,7336,6941,636,18342364.1,116229.84,19.016438356164382,5.943853915411744,0.04884931506849315,365,0.09162944820631033,16.745402679729146,0.31256399353483455,damage,0.0,0.103,0.10266666666666667,492,0.32582338359696295,premium
MCH-P-000329,SKU-A37650BC,automotive_accessories,urban_ladder,24871.14,16668.59,3.6,2025-07-10,3812,3447,329,79959968.98,109492.88,9.443835616438356,3.8035909255528217,0.05043835616438356,365,0.09544531476646359,31.764688134609806,0.40275912034429356,damage,0.0,0.04733333333333334,0.022333333333333334,409,0.32980193107352535,luxury
MCH-P-000330,SKU-37CB3551,makeup_cosmetics,tata_cliq,359.69,254.49,4.1,2025-12-27,7561,7161,409,2392344.93,115179.84,19.61917808219178,6.76733950219581,0.05369863013698631,365,0.05711492808267002,16.084323418516966,0.34493491388094827,damage,0.3333333333333333,0.08433333333333333,0.06166666666666667,239,0.2924740748978287,budget
MCH-P-000331,SKU-3F30EE15,furniture,urban_ladder,78529.56,52155.55,3.7,2026-06-10,7726,7329,538,536921522.33,117269.54,20.07945205479452,6.276306372139047,0.050219178082191784,365,0.07340701323509347,16.000755901214355,0.3125735879152343,damage,0.0,0.04700000000000001,0.071,74,0.3358481825187865,luxury
MCH-P-000332,SKU-77B6D7AF,stationery_office,shopclues,347.7,273.91,4.5,2024-11-05,5096,4725,121,1534455.7,111131.2,12.945205479452055,4.677190416390878,0.04884931506849315,365,0.025608465608465608,23.519830687830687,0.36130677290638524,not_needed,0.0,0.07466666666666666,0.030666666666666665,656,0.21222318090307726,budget
MCH-P-000333,SKU-1D326604,musical_instruments,netmeds,38456.87,30753.2,3.4,2025-07-17,7536,7135,598,257264538.70000002,112174.76,19.54794520547945,5.748963346328527,0.04816438356164384,365,0.08381219341275403,15.721760336370007,0.2940955320826787,damage,0.0,0.07166666666666667,0.04733333333333334,402,0.2003197348094112,luxury
MCH-P-000334,SKU-3B1A6E6F,home_decor,own_shopify_store,9988.23,7342.84,3.4,2024-05-06,6971,6584,691,61470164.37,110830.13,18.03835616438356,5.6610931199158765,0.04923287671232877,365,0.10495139732685298,16.833251822600243,0.3138364199224324,damage,0.0,0.06966666666666667,0.016,839,0.2648507293083959,premium
MCH-P-000335,SKU-5BAD2300,health_wellness,flipkart,4891.34,3311.52,3.6,2025-07-20,3193,2828,109,12955349.82,111007.34,7.747945205479452,3.410879071580425,0.04753424657534247,365,0.03854314002828854,39.252949080622344,0.44023014891331513,not_needed,0.3333333333333333,0.034666666666666665,0.021333333333333333,399,0.32298306803452637,premium
MCH-P-000336,SKU-7C5BA5A5,garden_outdoor,myntra,3349.32,2548.23,3.0,2025-09-23,7945,7545,457,23752004.24,110702.15,20.671232876712327,6.544553130171789,0.044246575342465747,365,0.06056991385023194,14.672253147779985,0.316601973825408,damage,0.0,0.05433333333333334,0.03366666666666667,334,0.23917989323205907,premium
MCH-P-000337,SKU-64E07209,winterwear,1mg,6851.54,5571.27,2.8,2025-01-25,3677,3312,471,21247379.259999998,112828.45,9.073972602739726,3.6400559785145963,0.04783561643835617,365,0.14221014492753623,34.06656099033816,0.40115351212494793,size_issue,0.0,0.057666666666666665,0.09533333333333334,575,0.18685872081313099,premium
MCH-P-000338,SKU-DD3DAC6F,kids_apparel,snapdeal,3832.93,2123.63,3.2,2025-11-21,4070,3704,440,13158295.34,111386.47,10.147945205479452,4.072155165179369,0.05304109589041096,365,0.11879049676025918,30.071941144708422,0.4012787892252888,size_issue,0.0,0.04,0.055333333333333325,275,0.4459512696553289,premium
MCH-P-000339,SKU-81D4122B,innerwear_sleepwear,ajio,2224.52,1704.41,2.9,2025-04-20,8045,7638,762,15894751.53,110960.1,20.926027397260274,6.53078145613668,0.04926027397260274,365,0.0997643362136685,14.527376276512177,0.3120889279248348,not_needed,0.0,0.0033333333333333335,0.045000000000000005,490,0.233807742793951,premium
MCH-P-000340,SKU-6D955858,home_improvement_tools,myntra,7217.24,4817.09,3.2,2024-08-26,7697,7292,511,49201945.93,110095.86,19.97808219178082,6.37556820513128,0.04953424657534247,365,0.07007679648930334,15.098170597915525,0.31912813972475557,damage,0.0,0.09333333333333334,0.061,727,0.3325578753096751,premium
MCH-P-000341,SKU-E980D3BF,womens_apparel,ebay,1533.71,1062.22,2.7,2025-10-29,6157,5781,1036,8306880.1,110499.09,15.838356164383562,4.892094714636487,0.05049315068493151,365,0.17920774952430377,19.114182667358588,0.30887641772051855,size_issue,0.0,0.03933333333333333,0.042333333333333334,298,0.3074179603706046,mid
MCH-P-000342,SKU-2C34B0E2,home_improvement_tools,netmeds,9673.83,7485.36,4.5,2025-03-06,533,267,23,2389532.75,110734.14,0.7315068493150685,1.123778544764376,0.051068493150684936,365,0.08614232209737828,414.73460674157303,1.536251568685383,damage,0.0,0.055,0.06899999999999999,535,0.22622580715187265,premium
MCH-P-000343,SKU-B72EB0EE,mens_apparel,shopsy,6618.11,3866.72,2.9,2025-06-30,6852,6456,904,40134866.32,110691.14,17.687671232876713,5.374030584838539,0.0483013698630137,365,0.14002478314745972,17.1454677819083,0.3038291764972222,not_needed,0.0,0.04533333333333334,0.035,419,0.41573651692099406,premium
MCH-P-000344,SKU-59BBBEA8,winterwear,tata_cliq,4473.09,2850.35,4.4,2024-11-06,2199,1835,269,7685305.41,116445.21,5.027397260273973,2.748489109121502,0.04986301369863014,365,0.14659400544959128,63.45788010899183,0.5467021933674922,not_needed,0.0,0.026,0.04533333333333334,655,0.36277830314167614,premium
MCH-P-000345,SKU-7B5CA14E,small_kitchen_appliances,amazon,7182.98,3920.55,3.3,2025-10-24,692,390,36,2619345.48,115335.35,1.0684931506849316,1.1944096790502843,0.05052054794520548,365,0.09230769230769231,295.7316666666667,1.1178449560342403,damage,0.3333333333333333,0.07833333333333332,0.077,303,0.45418892994272564,premium
MCH-P-000346,SKU-67510132,watches_eyewear,netmeds,18652.23,10866.77,4.8,2025-04-11,3111,2746,392,47748962.76,108098.8,7.523287671232877,3.445434969427863,0.051205479452054795,365,0.14275309541150766,39.365914056809906,0.4579693240499526,damage,0.0,0.04833333333333333,0.06933333333333334,499,0.41740102926030825,luxury
MCH-P-000347,SKU-CA90FC0B,winterwear,paytm_mall,5965.13,4793.04,4.0,2025-05-17,4271,3905,519,21801595.74,116298.25,10.698630136986301,4.201925681994074,0.04682191780821918,365,0.1329065300896287,29.781882202304736,0.3927536168829288,size_issue,0.0,0.032,0.06266666666666666,463,0.19649026928164182,premium
MCH-P-000348,SKU-802608CE,industrial_scientific,purplle,89010.9,72812.06,3.7,2025-05-12,6549,6167,296,513420211.84,106639.8,16.895890410958906,5.558392287624371,0.04917808219178082,365,0.04799740554564618,17.292005837522296,0.3289789500539801,damage,0.0,0.083,0.043666666666666666,468,0.18198714988838444,luxury
MCH-P-000349,SKU-4F9AEB3F,baby_products,pepperfry,287.1,191.5,3.5,2026-05-15,6976,6581,469,1768785.77,117345.46,18.03013698630137,5.86914742230076,0.048602739726027404,365,0.07126576508129463,17.83094666464063,0.32551873714325746,not_needed,0.0,0.02,0.026333333333333334,100,0.3329850226401951,budget
MCH-P-000350,SKU-A2B95E4C,makeup_cosmetics,ebay,2315.42,1605.18,2.8,2025-01-12,1672,1310,74,2828077.15,113474.9,3.589041095890411,2.366406468145807,0.04832876712328767,365,0.05648854961832061,86.62206106870228,0.6593422602085646,damage,0.0,0.07033333333333333,0.07633333333333332,588,0.30674348498328596,premium
MCH-P-000351,SKU-1C35E7FA,home_improvement_tools,netmeds,15880.59,12652.75,4.7,2026-01-10,1180,830,64,12351287.65,111384.17,2.2739726027397262,1.8176505936416962,0.04764383561643836,365,0.07710843373493977,134.1977951807229,0.7993282731074929,damage,0.3333333333333333,0.12166666666666666,0.029333333333333333,225,0.20325693188981014,luxury
MCH-P-000352,SKU-BE3B57A1,industrial_scientific,limeroad,89022.82,54305.86,3.2,2026-04-04,423,172,6,13827914.64,109109.94,0.4712328767123288,0.8102162667560759,0.049945205479452054,365,0.03488372093023256,634.3601162790698,1.7193542870114402,not_needed,0.0,0.09066666666666667,0.06899999999999999,141,0.38997821008141514,luxury
MCH-P-000353,SKU-21A8A3D9,pet_supplies,woocommerce_store,5638.89,3499.63,3.2,2025-02-12,5569,5195,266,27370664.6,118031.36,14.232876712328768,4.970021524554861,0.050575342465753424,365,0.05120307988450433,22.72018479307026,0.3491930426299373,size_issue,0.0,0.10566666666666667,0.09200000000000001,557,0.37937608288156005,premium
MCH-P-000354,SKU-88CC826A,personal_care,flipkart,465.18,264.37,4.9,2024-10-13,2373,2009,70,873547.58,111183.08,5.504109589041096,2.9066255479282734,0.04876712328767124,365,0.03484320557491289,55.3424987555998,0.5280827899421702,not_needed,0.0,0.05566666666666666,0.06233333333333333,679,0.4316823595167462,budget
MCH-P-000355,SKU-A40FA0C7,baby_products,indiamart,10025.87,7403.76,2.9,2025-08-08,8059,7645,512,70891322.62,111991.44,20.945205479452056,6.6780154545313,0.05668493150684932,365,0.06697187704381949,14.648978417266187,0.31883265414047407,not_needed,0.0,0.011000000000000001,0.06466666666666666,380,0.2615344104800881,luxury
MCH-P-000356,SKU-F3CEEF02,computer_accessories,walmart_marketplace,12217.24,7240.54,2.9,2024-05-14,3604,3238,395,36788919.6,112602.79,8.871232876712329,4.009243421956144,0.05183561643835617,365,0.12198888202594194,34.775413835701045,0.4519375691828267,damage,0.0,0.069,0.02366666666666667,831,0.40735059637037496,luxury
MCH-P-000357,SKU-74EC68F6,ethnic_wear,own_shopify_store,20454.42,11911.42,4.9,2024-12-12,846,522,78,9756962.83,112128.61,1.4301369863013698,1.5561544715820983,0.051041095890410955,365,0.14942528735632185,214.80576628352492,1.0881156745736895,not_needed,0.0,0.030333333333333334,0.05366666666666667,619,0.4176603394278596,luxury
MCH-P-000358,SKU-7FECBC3B,ethnic_wear,firstcry,6981.91,4541.63,3.1,2024-03-19,7558,7160,1169,46645372.64,108614.06,19.616438356164384,6.23758136987226,0.051068493150684936,365,0.163268156424581,15.169561452513966,0.3179772625703038,not_needed,0.0,0.021666666666666667,0.06566666666666666,887,0.3495146743512878,premium
MCH-P-000359,SKU-00FE494A,toys_games,1mg,6208.79,3926.51,3.0,2024-09-18,5349,4977,608,28866837.83,102083.22,13.635616438356164,4.970389515962342,0.048109589041095885,365,0.12216194494675507,20.51099457504521,0.3645152046064406,damage,0.0,0.09600000000000002,0.07766666666666666,704,0.36758853174289996,premium
MCH-P-000360,SKU-837F7026,sports_fitness,woocommerce_store,370.37,259.23,2.6,2025-09-11,7520,7121,637,2472153.09,114237.86,19.50958904109589,6.349097114654033,0.0463013698630137,365,0.08945372840893133,16.04239011374807,0.32543469271853986,damage,0.0,0.05833333333333333,0.044333333333333336,346,0.30007830007830005,budget
MCH-P-000361,SKU-9B406B6D,mens_apparel,netmeds,4295.16,3365.17,3.5,2026-01-25,7753,7354,985,29595799.98,109276.64,20.147945205479452,6.34364156842406,0.0489041095890411,365,0.13394071253739462,14.859483274408484,0.314853028620449,size_issue,0.3333333333333333,0.049999999999999996,0.050333333333333334,210,0.21652045558256267,premium
MCH-P-000362,SKU-73A7857F,audio_headphones,snapdeal,29958.66,18875.16,3.0,2025-12-31,3111,2746,455,76421246.26,117472.48,7.523287671232877,3.520369320189914,0.052630136986301375,365,0.1656955571740714,42.779490167516386,0.4679296437980039,damage,0.0,0.09666666666666666,0.06566666666666666,235,0.3699598046107536,luxury
MCH-P-000363,SKU-79E1D931,personal_care,croma,1224.05,981.24,4.2,2025-08-02,3281,2916,86,3338412.68,112167.86,7.989041095890411,3.51759945788441,0.04846575342465754,365,0.029492455418381344,38.466344307270234,0.44030308714945465,wrong_item,0.0,0.004333333333333333,0.05466666666666667,386,0.1983660798170009,mid
MCH-P-000364,SKU-817A5A00,home_decor,limeroad,14747.34,9499.43,4.8,2025-01-03,1017,673,63,9209271.44,111802.01,1.8438356164383563,1.708172526268121,0.04939726027397261,365,0.09361069836552749,166.12482912332837,0.9264234354945976,damage,0.3333333333333333,0.083,0.019,597,0.35585468294621264,luxury
MCH-P-000365,SKU-E87213A5,cameras_accessories,woocommerce_store,146232.96,111736.69,3.7,2025-12-23,7119,6726,609,921580586.55,109386.63,18.427397260273974,5.78348492497949,0.04758904109589041,365,0.09054415700267618,16.263251561106156,0.31385251228330563,damage,0.0,0.08466666666666667,0.035666666666666666,243,0.23589941693035546,luxury
MCH-P-000366,SKU-F57AE384,audio_headphones,pepperfry,8261.53,4666.78,3.2,2025-08-07,3386,3021,443,23262733.560000002,111865.74,8.276712328767124,3.3834812258204505,0.04980821917808219,365,0.14664018536908308,37.02937437934459,0.4087953152679458,damage,0.0,0.09266666666666667,0.058666666666666666,381,0.43511916073657064,premium
MCH-P-000367,SKU-6ED54116,computer_accessories,shopclues,13632.46,10646.3,3.2,2024-08-31,5984,5609,678,71992475.92,116908.27,15.367123287671232,5.219575758373064,0.04479452054794521,365,0.12087716170440364,20.842979140666785,0.33965861148264725,damage,0.0,0.10766666666666667,0.03233333333333333,722,0.21904777274241038,luxury
MCH-P-000368,SKU-29EF4F8C,kids_apparel,own_shopify_store,1167.22,638.78,3.5,2026-07-04,8091,7681,925,8411395.87,117052.72,21.043835616438358,6.5723569103875645,0.047397260273972605,365,0.12042702773076422,15.239255305298789,0.3123174420376853,not_needed,0.0,0.03366666666666667,0.058666666666666666,50,0.45273384623292956,mid
MCH-P-000369,SKU-4BE679E2,automotive_accessories,tata_cliq,21189.62,13555.39,2.9,2026-01-10,6542,6163,577,122466468.25,109693.99,16.884931506849316,5.664417354421899,0.04679452054794521,365,0.09362323543728704,17.798797663475582,0.3354717401207193,damage,0.0,0.09900000000000002,0.058666666666666666,225,0.3602815907033727,luxury
MCH-P-000370,SKU-6E38FAC9,laptops_computers,snapdeal,165223.83,127886.03,4.8,2026-03-07,837,511,51,79008383.28,112321.94,1.4,1.4521677619308349,0.04673972602739725,365,0.09980430528375733,219.80810176125246,1.0372626870934536,size_issue,0.0,0.06933333333333333,0.05366666666666667,169,0.22598314056755608,luxury
MCH-P-000371,SKU-9B4F1E68,furniture,croma,68021.93,39431.05,4.7,2024-07-14,3397,3031,227,192131342.41,112923.36,8.304109589041095,3.7626138899255315,0.05301369863013699,365,0.07489277466182778,37.2561398878258,0.45310262943675983,damage,0.0,0.07766666666666666,0.059666666666666666,770,0.4203185649098753,luxury
MCH-P-000372,SKU-1978D9DE,cameras_accessories,netmeds,61853.55,44325.54,2.8,2025-04-13,1372,1021,98,59162920.64,112542.25,2.797260273972603,2.1284295274920244,0.05265753424657534,365,0.09598432908912831,110.22747306562194,0.7608979211896071,damage,0.0,0.071,0.04533333333333334,497,0.28337920782234816,luxury
MCH-P-000373,SKU-697DC0E3,wearables_smartwatch,woocommerce_store,56372.11,42557.07,4.7,2024-09-13,3009,2644,430,139485457.82,116653.45,7.243835616438356,3.2128257008267376,0.04736986301369863,365,0.16263237518910742,44.120064296520425,0.44352548441821454,damage,0.3333333333333333,0.043000000000000003,0.09066666666666667,709,0.24506870507419362,luxury
MCH-P-000374,SKU-86361EDC,watches_eyewear,ebay,26514.17,20168.53,4.4,2026-06-14,3724,3358,520,82858902.4,115015.45,9.2,3.8525002585020354,0.05336986301369863,365,0.15485407980941035,34.251176295413934,0.41875002809804734,damage,0.3333333333333333,0.09066666666666667,0.06866666666666667,70,0.23933013931795716,luxury
MCH-P-000375,SKU-61B6BDF3,furniture,nykaa,10308.79,6014.34,3.8,2025-11-16,5029,4660,371,45019929.19,108302.79,12.767123287671232,4.742027861606559,0.047506849315068496,365,0.0796137339055794,23.240942060085835,0.3714249290743335,damage,0.0,0.05633333333333334,0.07466666666666666,280,0.41658138346013457,luxury
MCH-P-000376,SKU-3A0A4F91,haircare,purplle,1789.25,1142.05,4.8,2024-07-31,549,265,9,439547.13,106859.13,0.726027397260274,1.03324244217041,0.05054794520547945,365,0.033962264150943396,403.242,1.4231452505366025,quality_issue,0.0,0.064,0.09200000000000001,753,0.36171580271063297,mid
MCH-P-000377,SKU-9925BCFB,toys_games,tata_cliq,5931.44,4373.19,3.0,2025-12-22,7571,7165,807,40057564.79,110616.43000000001,19.63013698630137,5.869241038311391,0.04504109589041096,365,0.11263084438241451,15.438441032798327,0.298991343891648,damage,0.0,0.10433333333333333,0.07433333333333333,244,0.26271023562575024,premium
MCH-P-000378,SKU-E5FC507B,haircare,1mg,2405.97,2011.92,4.8,2026-07-18,1398,1046,30,2328569.93,116523.31,2.8657534246575342,2.1020802868682638,0.04956164383561644,365,0.028680688336520075,111.39895793499043,0.7335174997198052,wrong_item,0.3333333333333333,0.03,0.08033333333333333,36,0.16378009700869078,premium
MCH-P-000379,SKU-A2240260,small_kitchen_appliances,shopclues,9124.59,6600.53,5.0,2024-03-20,757,442,35,3778127.73,110620.28,1.210958904109589,1.2825500058622494,0.04989041095890411,365,0.07918552036199095,250.27212669683257,1.0591193487324007,damage,0.3333333333333333,0.06633333333333334,0.014333333333333332,886,0.2766217441002829,premium
MCH-P-000380,SKU-B48DC2DB,skincare,etsy,558.75,360.02,3.2,2025-02-04,4061,3694,103,1935286.5,112939.1,10.12054794520548,4.105308775048673,0.04852054794520548,365,0.027883053600433135,30.57365998917163,0.40564095909387266,wrong_item,0.0,0.015,0.064,565,0.35566890380313204,mid
MCH-P-000381,SKU-075D9D9D,haircare,pepperfry,1209.45,1019.56,3.3,2024-09-07,6005,5629,166,6332752.78,112390.71,15.421917808219177,5.363958031384729,0.052602739726027394,365,0.029490140344643808,19.966372357434715,0.34781394234418656,not_needed,0.0,0.079,0.065,715,0.15700525032039364,mid
MCH-P-000382,SKU-88C1634A,stationery_office,paytm_mall,3862.23,2386.47,4.1,2026-01-01,746,435,16,1549603.9,114171.21,1.1917808219178083,1.373388508683918,0.05202739726027398,365,0.0367816091954023,262.46255172413794,1.1523834613094943,not_needed,0.0,0.0003333333333333333,0.043666666666666666,234,0.38210049634537563,premium
MCH-P-000383,SKU-D9E6E44A,automotive_accessories,walmart_marketplace,756.63,436.62,3.9,2024-08-02,7430,7036,669,4988673.46,107469.75,19.276712328767122,6.134717466378761,0.04893150684931507,365,0.0950824332006822,15.274268050028425,0.3182450078493814,damage,0.0,0.10833333333333334,0.05033333333333334,751,0.4229411997938226,mid
MCH-P-000384,SKU-A1358191,home_improvement_tools,shopsy,9962.04,5173.52,4.7,2025-06-26,3436,3071,235,28498706.64,113726.57,8.413698630136986,3.6330789120873996,0.049013698630136986,365,0.07652230543796809,37.032422663627486,0.43180521097749947,damage,0.0,0.12333333333333334,0.049666666666666665,423,0.4806766485579259,premium
MCH-P-000385,SKU-904A3611,baby_products,etsy,4816.99,4001.96,4.4,2026-06-28,4261,3895,277,17587745.68,108801.93,10.67123287671233,4.0918533191854936,0.04761643835616438,365,0.07111681643132221,27.9337432605905,0.3834471017978704,not_needed,0.3333333333333333,0.028333333333333332,0.029666666666666664,56,0.16919902262616277,premium
MCH-P-000386,SKU-0C6A7BD1,cameras_accessories,netmeds,52264.17,41984.49,4.7,2026-01-11,6805,6422,570,313234850.03000003,117335.16,17.594520547945205,5.689297123657056,0.05112328767123288,365,0.08875739644970414,18.270812830893803,0.3233561896815362,damage,0.3333333333333333,0.038,0.055,224,0.19668694633436254,luxury
MCH-P-000387,SKU-7BDE4EFC,ethnic_wear,purplle,13516.2,10444.57,3.1,2026-01-18,8382,7969,1248,100419959.54,112286.43,21.832876712328765,6.583947653330137,0.05117808219178082,365,0.1566068515497553,14.090404065754798,0.30156116118277076,not_needed,0.3333333333333333,0.06166666666666667,0.08533333333333333,217,0.22725544161820638,luxury
MCH-P-000388,SKU-FE1AC473,womens_apparel,1mg,562.69,470.12,4.1,2025-07-04,5011,4641,807,2450227.96,114949.82,12.715068493150685,4.422211396508049,0.04526027397260274,365,0.17388493859082094,24.768330101271278,0.34779296697380696,size_issue,0.0,0.028666666666666663,0.025666666666666667,415,0.164513319945263,mid
MCH-P-000389,SKU-D6B6F69B,winterwear,myntra,5018.24,3345.39,4.1,2024-10-15,4765,4397,566,20631690.82,108070.81,12.046575342465754,4.383475532610481,0.04909589041095891,365,0.12872413008869685,24.578305662952012,0.363877318490522,size_issue,0.0,0.018666666666666668,0.04,677,0.33335392488203036,premium
MCH-P-000390,SKU-6DD7515A,watches_eyewear,purplle,10315.49,8364.01,3.4,2024-07-26,5512,5135,800,49463806.089999996,116907.52,14.068493150684931,5.112817246459598,0.04923287671232877,365,0.15579357351509251,22.766800389483933,0.3634232317347134,damage,0.0,0.06733333333333334,0.06533333333333334,758,0.1891795736314998,luxury
MCH-P-000391,SKU-C9C04C23,groceries_gourmet,ajio,465.17,390.89,4.8,2025-03-08,1245,894,20,383160.5,112476.58,2.4493150684931506,1.9947130179766468,0.05049315068493151,365,0.02237136465324385,125.8127293064877,0.8143962545430381,not_needed,0.6666666666666666,0.03933333333333334,0.034333333333333334,533,0.15968355654921862,budget
MCH-P-000392,SKU-CFD75C93,musical_instruments,snapdeal,20263.03,11331.03,2.7,2025-11-13,4238,3871,383,73239100.89,114794.33,10.605479452054794,4.221604898033282,0.04915068493150685,365,0.09894084215964867,29.6549547920434,0.39805884468668246,damage,0.0,0.06833333333333334,0.04133333333333333,283,0.44080278220976815,luxury
MCH-P-000393,SKU-BF6337DF,computer_accessories,meesho,1254.38,1061.75,2.8,2026-04-11,5201,4832,588,5640382.38,111444.84,13.238356164383562,4.834702569831212,0.050301369863013694,365,0.1216887417218543,23.063915562913905,0.3652041469346838,damage,0.0,0.11633333333333333,0.06333333333333334,134,0.15356590506863957,mid
MCH-P-000394,SKU-C359CD9D,cameras_accessories,netmeds,165623.49,116447.24,4.1,2026-05-12,1495,1136,92,173692666.39,114121.04,3.1123287671232878,2.1815878634382218,0.052876712328767124,365,0.08098591549295775,100.45866197183098,0.7009503258406258,damage,0.0,0.10466666666666667,0.07066666666666666,103,0.29691591452396027,luxury
MCH-P-000395,SKU-BA0C91E7,jewellery,own_shopify_store,63918.7,43640.1,3.6,2024-06-17,5200,4829,842,287983785.26,119533.33,13.23013698630137,4.899166920982049,0.04991780821917808,365,0.17436322219921307,24.75322634085732,0.37030356723098945,damage,0.0,0.10866666666666668,0.011000000000000001,797,0.3172561394396319,luxury
MCH-P-000396,SKU-092401AC,home_improvement_tools,ajio,6986.02,4636.47,4.5,2026-05-26,7846,7447,511,48757319.78,111091.21,20.4027397260274,6.58081570403115,0.046493150684931504,365,0.06861823553108634,14.917578890828523,0.3225456871184866,damage,0.0,0.09366666666666668,0.05266666666666667,89,0.3363216824457989,premium
MCH-P-000397,SKU-D01AE4C3,toys_games,purplle,1354.38,793.97,3.3,2025-12-10,2532,2168,260,2751409.39,113236.66,5.93972602739726,2.9101347975853997,0.049013698630136986,365,0.11992619926199262,52.230931734317345,0.48994428095879655,damage,0.3333333333333333,0.127,0.09766666666666667,256,0.4137760451276599,mid
MCH-P-000398,SKU-4733E02B,sports_fitness,meesho,27504.47,21996.52,4.4,2024-06-18,3504,3139,287,80532538.09,118897.23,8.6,3.7678512837827474,0.05082191780821918,365,0.09143039184453648,37.87742274609748,0.4381222423003195,damage,0.3333333333333333,0.06966666666666667,0.055333333333333325,796,0.20025654011875163,luxury
MCH-P-000399,SKU-DC83C9EA,mens_apparel,shopclues,1967.21,1457.93,3.2,2025-10-30,7884,7477,1054,13753886.47,115902.51,20.484931506849314,6.441445285933075,0.04904109589041095,365,0.14096562792563863,15.501205028754848,0.3144479777137318,size_issue,0.0,0.03133333333333333,0.07166666666666667,297,0.25888440990031564,mid
MCH-P-000400,SKU-043D2BC5,musical_instruments,croma,34345.18,20656.63,4.1,2025-10-02,2120,1756,127,56314074.37,111257.83,4.810958904109589,2.755591799575711,0.04772602739726028,365,0.07232346241457858,63.35867312072893,0.5727739218935846,damage,0.0,0.018333333333333333,0.03,325,0.3985581091728155,luxury
MCH-P-000401,SKU-D98D6E25,watches_eyewear,nykaa,31289.88,17124.26,4.2,2025-02-09,8105,7696,1163,225527755.16,110489.34,21.084931506849315,6.5239135601953055,0.04928767123287671,365,0.15111746361746362,14.356722972972973,0.30941118106435633,damage,0.0,0.035,0.057666666666666665,560,0.45272209417230114,luxury
MCH-P-000402,SKU-9B0DBF4C,bedding_linen,pepperfry,5555.61,2921.83,3.5,2024-10-09,8260,7856,613,40856122.6,114374.11,21.523287671232875,6.9888160371470525,0.04832876712328767,365,0.0780295315682281,14.558822556008147,0.32470950274423044,not_needed,0.0,0.03366666666666667,0.04,683,0.4740757540576102,premium
MCH-P-000403,SKU-09297470,watches_eyewear,ebay,11350.91,7427.32,3.1,2026-05-10,6583,6196,955,65950943.76,103944.61,16.975342465753425,5.698172562802208,0.04624657534246575,365,0.1541316978695933,16.776082956746286,0.33567349667895513,damage,0.0,0.05766666666666667,0.03166666666666667,105,0.34566303494609685,luxury
MCH-P-000404,SKU-3002318A,garden_outdoor,netmeds,12471.62,8618.26,3.7,2026-06-22,8338,7919,463,91779275.19,115433.77,21.695890410958903,6.8011884537602425,0.051780821917808216,365,0.058466978153807296,14.576811466094204,0.31347818987529846,damage,0.0,0.07266666666666667,0.063,62,0.30897028613764693,luxury
MCH-P-000405,SKU-A9820FBE,fragrances,own_shopify_store,5033.43,4151.52,3.8,2025-05-16,3386,3021,219,14281552.35,105682.51,8.276712328767124,3.6468607811551843,0.0472054794520548,365,0.07249255213505462,34.98262495862297,0.44061707551196366,damage,0.0,0.09999999999999999,0.022333333333333334,464,0.17521054231408797,premium
MCH-P-000406,SKU-A01EB801,makeup_cosmetics,flipkart,2447.39,1855.44,3.8,2026-04-11,8062,7658,446,17529577.74,116430.09,20.980821917808218,6.549235706064048,0.048958904109589044,365,0.058239749281796815,15.20372029250457,0.3121534385888453,damage,0.0,0.057,0.04633333333333334,134,0.2418699103943384,premium
MCH-P-000407,SKU-0ACF1E37,kitchenware_dining,reliance_digital,9224.6,6205.64,4.9,2025-06-01,3390,3023,274,25699089.88,112511.5,8.282191780821918,3.760675006110023,0.05567123287671233,365,0.09063843863711545,37.218491564670856,0.45406760741983404,damage,0.6666666666666666,0.07066666666666667,0.026333333333333334,448,0.32727272727272727,premium
MCH-P-000408,SKU-5BA3EC6B,skincare,snapdeal,2307.28,1299.71,2.7,2025-07-19,4663,4298,122,9266336.42,117152.06,11.775342465753425,4.32269060562463,0.05101369863013699,365,0.028385295486272687,27.2573429502094,0.36709680573592135,size_issue,0.3333333333333333,0.038,0.05566666666666666,400,0.4366916889150862,premium
MCH-P-000409,SKU-142DCD7F,health_wellness,croma,2647.91,2036.86,2.6,2026-07-24,5943,5568,235,13800377.34,112109.03,15.254794520547945,5.092901790994712,0.04789041095890411,365,0.042205459770114945,20.134524066091952,0.333855810652491,not_needed,0.0,0.06666666666666667,0.052333333333333336,30,0.23076690673021363,premium
MCH-P-000410,SKU-5193ABE2,garden_outdoor,own_shopify_store,8613.82,4772.05,2.9,2026-04-24,4522,4156,249,33469256.01,111586.39,11.386301369863014,4.399841251772026,0.048739726027397255,365,0.05991337824831569,26.84946823869105,0.38641531686640745,damage,0.0,0.09833333333333333,0.06333333333333334,121,0.44600072906097404,premium
MCH-P-000411,SKU-A682BC23,jewellery,nykaa,32757.91,23734.63,4.4,2025-01-25,1746,1382,229,42585610.56,115267.2,3.786301369863014,2.213427744800846,0.049123287671232876,365,0.16570188133140376,83.40607814761215,0.584588369647112,damage,0.0,0.09033333333333333,0.048999999999999995,575,0.27545347062739955,luxury
MCH-P-000412,SKU-F346D0DB,jewellery,urban_ladder,23221.01,18972.2,4.4,2024-04-24,2560,2195,373,47624433.82,114847.05,6.013698630136986,2.980214751300943,0.04794520547945205,365,0.16993166287015946,52.322118451025055,0.4955710178700885,damage,0.3333333333333333,0.06066666666666667,0.077,851,0.18297266139586513,luxury
MCH-P-000413,SKU-A0070C89,makeup_cosmetics,1mg,3995.43,2310.88,3.1,2024-07-15,1342,988,53,3643352.71,118461.48,2.706849315068493,2.0038649994505318,0.052575342465753426,365,0.053643724696356275,119.90028340080971,0.7402942558698827,damage,0.0,0.13133333333333333,0.06866666666666667,769,0.4216191999359267,premium
MCH-P-000414,SKU-ECBABFE1,ethnic_wear,woocommerce_store,6939.61,4884.48,5.0,2024-10-09,7440,7047,1091,45980051.55,116855.01,19.306849315068494,5.983409498081939,0.04643835616438356,365,0.1548176529019441,16.582234993614303,0.30991123411379423,not_needed,0.3333333333333333,0.015666666666666666,0.049666666666666665,683,0.29614488422260044,premium
MCH-P-000415,SKU-36D6CA70,wearables_smartwatch,limeroad,38702.24,31000.1,3.0,2025-04-22,5673,5296,865,190390638.43,117636.39,14.509589041095891,5.318229183086754,0.05443835616438356,365,0.1633308157099698,22.212309290030213,0.366532033955186,damage,0.0,0.09000000000000001,0.07166666666666667,488,0.1990101864904977,luxury
MCH-P-000416,SKU-5B5D8209,automotive_accessories,nykaa,13283.79,10514.03,3.6,2026-01-10,1266,914,77,11369197.41,109780.57,2.504109589041096,1.922426805660512,0.04917808219178082,365,0.08424507658643327,120.11003282275712,0.7677087353020644,damage,0.0,0.09566666666666668,0.04466666666666667,225,0.20850675898971605,luxury
MCH-P-000417,SKU-39409DDF,womens_apparel,reliance_digital,9854.94,8052.84,3.2,2024-03-19,7896,7489,1373,68984284.4,114728.12,20.517808219178082,6.441011764120341,0.04967123287671232,365,0.1833355588196021,15.31955134196822,0.31392299291012477,size_issue,0.0,0.04833333333333334,0.06599999999999999,887,0.18286260494736653,premium
MCH-P-000418,SKU-DFB60733,toys_games,reliance_digital,2667.99,1845.05,3.8,2026-05-15,3764,3399,446,8478312.03,115444.36,9.312328767123288,3.8482172697694073,0.04978082191780822,365,0.1312150632538982,33.96421300382465,0.4132389830732079,damage,0.0,0.053,0.012333333333333333,100,0.3084494319693852,premium
MCH-P-000419,SKU-A29F6718,health_wellness,purplle,2508.51,1912.01,3.3,2025-01-17,857,535,28,1247933.61,106027.6,1.4657534246575343,1.5016674960536032,0.047013698630136984,365,0.052336448598130844,198.18242990654207,1.0245021234758227,size_issue,0.0,0.014333333333333332,0.075,583,0.23779056093059234,premium
MCH-P-000420,SKU-51640FD2,innerwear_sleepwear,ebay,448.11,253.65,3.6,2025-04-17,5409,5034,461,2109182.05,105985.64,13.791780821917808,5.06934748344133,0.05038356164383562,365,0.09157727453317441,21.053961064759633,0.3675629383107043,not_needed,0.3333333333333333,0.029666666666666664,0.054333333333333324,493,0.43395594831626166,budget
MCH-P-000421,SKU-E417738A,cameras_accessories,ajio,152108.64,105547.18,3.3,2026-01-07,1362,1006,84,143487122.27,117891.28,2.756164383561644,2.000891717512844,0.04657534246575343,365,0.08349900596421471,117.18815109343936,0.7259696589385567,damage,0.0,0.10633333333333334,0.043333333333333335,228,0.306106609065731,luxury
MCH-P-000422,SKU-E195D0D5,mobiles_tablets,jiomart,29018.38,21170.52,2.7,2024-06-09,6866,6481,905,177019952.94,111695.45,17.756164383561643,5.667843221728226,0.0446027397260274,365,0.1396389446073137,17.23429254744638,0.31920425488825843,damage,0.0,0.06966666666666667,0.06466666666666666,805,0.2704444562377362,luxury
MCH-P-000423,SKU-700D5CF7,mobiles_tablets,amazon,88513.49,44929.73,2.9,2026-06-07,5847,5473,723,450239799.3,115942.08,14.994520547945205,5.077960631871306,0.05394520547945206,365,0.13210305134295633,21.18437420062123,0.33865441816792013,damage,0.0,0.10099999999999999,0.06433333333333334,77,0.49239680866724383,luxury
MCH-P-000424,SKU-A86A183F,sports_fitness,firstcry,24340.95,15958.92,2.7,2024-12-14,3859,3494,329,79811784.36,109916.95,9.572602739726028,3.741409951731505,0.04564383561643836,365,0.09416141957641672,31.45877218088151,0.3908456303325699,damage,0.0,0.06466666666666666,0.034333333333333334,617,0.34435919715541097,luxury
MCH-P-000425,SKU-EEA421F6,skincare,croma,4475.85,2255.18,4.8,2024-08-25,3234,2869,76,12053195.55,114561.65,7.86027397260274,3.263969963822093,0.04684931506849315,365,0.026490066225165563,39.93086441268735,0.4152488800261638,not_needed,0.0,0.025333333333333333,0.05566666666666667,728,0.4961448663382375,premium
MCH-P-000426,SKU-9E3F6A0C,computer_accessories,snapdeal,8332.05,4603.57,4.1,2024-06-04,5211,4841,614,37971234.81,113445.29,13.263013698630138,4.496259338108303,0.04564383561643836,365,0.12683329890518488,23.434267713282377,0.33900736591810177,damage,0.0,0.04666666666666667,0.07133333333333333,810,0.44748651292299013,premium
MCH-P-000427,SKU-65DE9660,large_appliances,etsy,75135.8,62633.35,3.3,2024-11-01,5878,5508,323,387578256.67,109118.1,15.09041095890411,4.902907983919407,0.048657534246575346,365,0.05864197530864197,19.810838779956427,0.3249022175255235,damage,0.3333333333333333,0.06533333333333334,0.029666666666666664,660,0.16639804194538427,luxury
MCH-P-000428,SKU-B848D878,makeup_cosmetics,tata_cliq,1960.69,1227.16,2.6,2024-10-18,8117,7702,465,14061421.69,117440.33,21.101369863013698,6.31308803486079,0.05342465753424658,365,0.06037392884964944,15.248030381719035,0.29917906163648256,damage,0.3333333333333333,0.05299999999999999,0.025333333333333333,674,0.3741182950899938,mid
MCH-P-000429,SKU-A1C3C741,wearables_smartwatch,nykaa,42972.86,21763.74,4.1,2025-09-21,4103,3738,653,150303164.31,112211.14,10.241095890410959,3.978231826585084,0.048109589041095885,365,0.1746923488496522,30.019031567683253,0.3884576288666548,damage,0.3333333333333333,0.078,0.03966666666666666,336,0.49354685724897057,luxury
MCH-P-000430,SKU-9E66F3F4,watches_eyewear,purplle,30636.69,23646.22,4.3,2025-04-26,846,509,72,14579694.38,116897.19,1.3945205479452054,1.415368007416192,0.046657534246575344,365,0.14145383104125736,229.66049115913557,1.01494955345169,damage,0.3333333333333333,0.06266666666666666,0.075,484,0.22817314794777105,luxury
MCH-P-000431,SKU-24F5BC01,laptops_computers,indiamart,126630.27,90058.45,2.6,2026-04-26,7340,6948,756,824447899.98,107304.71,19.035616438356165,5.917133110559595,0.048027397260273975,365,0.10880829015544041,15.443970926885436,0.31084536346491826,damage,0.0,0.08600000000000001,0.09666666666666668,119,0.28880788140150065,luxury
MCH-P-000432,SKU-C6C57EC7,womens_apparel,firstcry,2468.05,1626.97,2.9,2026-03-05,5732,5357,950,12334943.72,114920.5,14.676712328767124,4.9955617815388615,0.0510958904109589,365,0.1773380623483293,21.452398730632815,0.34037335267158564,size_issue,0.3333333333333333,0.06133333333333333,0.06166666666666667,171,0.3407872611981119,premium
MCH-P-000433,SKU-D2C58B1F,large_appliances,paytm_mall,111676.91,63708.54,2.5,2024-08-06,473,212,14,21792632.24,117572.46,0.5808219178082191,0.9300622592663873,0.04832876712328767,365,0.0660377358490566,554.5870754716982,1.6012864369444877,wrong_item,0.0,0.08700000000000001,0.05466666666666667,747,0.429528091348516,luxury
MCH-P-000434,SKU-05968100,automotive_accessories,amazon,23135.24,19275.71,4.4,2025-05-07,5558,5189,456,112316963.14,109319.77,14.216438356164383,5.191365763326126,0.04887671232876712,365,0.08787820389285025,21.0675987666217,0.36516641040933434,damage,0.0,0.04633333333333334,0.029333333333333333,473,0.16682472280382662,luxury
MCH-P-000435,SKU-F8713E12,home_improvement_tools,snapdeal,18127.36,15222.42,2.7,2024-04-01,4029,3663,276,62197510.01,109465.66,10.035616438356165,3.9225107548236324,0.048602739726027404,365,0.07534807534807535,29.884155064155067,0.39085897502337585,damage,0.0,0.07133333333333333,0.07833333333333332,874,0.16025168584945632,luxury
MCH-P-000436,SKU-888C8BDE,personal_care,paytm_mall,2131.83,1523.92,3.5,2024-04-29,1177,827,14,1642852.19,116506.14,2.265753424657534,1.8044678356243422,0.048109589041095885,365,0.016928657799274487,140.87804111245467,0.7964096251546372,size_issue,0.0,0.038,0.08533333333333333,846,0.28515876031390863,premium
MCH-P-000437,SKU-537888FA,home_decor,1mg,2429.81,1844.03,4.3,2025-03-14,8088,7676,791,17546994.48,108539.44,21.03013698630137,6.267101546518136,0.04580821917808219,365,0.10304846274101094,14.14010422094841,0.29800574055225637,damage,0.0,0.06366666666666666,0.02,527,0.2410805783168231,premium
MCH-P-000438,SKU-2CF6CED0,audio_headphones,urban_ladder,34004.29,22625.23,3.3,2024-11-03,4640,4271,654,135980775.41,113189.6,11.7013698630137,4.542972267075701,0.048136986301369866,365,0.15312573167876375,26.501896511355657,0.3882427715950903,damage,0.0,0.08233333333333333,0.04666666666666667,658,0.3346360121031788,luxury
MCH-P-000439,SKU-275F3E34,automotive_accessories,woocommerce_store,18367.88,11556.08,3.0,2024-04-02,3091,2726,273,46575249.65,114525.72,7.468493150684932,3.5852596849993352,0.04967123287671232,365,0.10014673514306677,42.012369772560525,0.4800512784390159,damage,0.0,0.07066666666666667,0.09600000000000002,873,0.3708539036622626,luxury
MCH-P-000440,SKU-B6C7AFBA,small_kitchen_appliances,1mg,11865.56,9847.22,3.0,2025-04-27,6290,5904,545,65573000.2,110098.76,16.175342465753424,5.12877523300025,0.04975342465753425,365,0.09231029810298103,18.648163956639564,0.3170736720943583,damage,0.0,0.06033333333333333,0.051,483,0.17010069478389558,luxury
MCH-P-000441,SKU-E9E1104B,automotive_accessories,purplle,9547.66,7620.01,4.0,2024-07-07,1414,1058,105,9363867.52,116214.26,2.8986301369863012,2.202177565594552,0.0483013698630137,365,0.09924385633270322,109.84334593572778,0.7597304455973644,damage,0.0,0.09766666666666667,0.011666666666666667,777,0.20189763774579317,premium
MCH-P-000442,SKU-BD3405B9,womens_apparel,indiamart,9288.63,5482.73,5.0,2026-05-03,3274,2908,528,25311981.16,110908.17,7.967123287671233,3.486869199107055,0.047479452054794515,365,0.1815680880330124,38.138985557083906,0.4376572412909474,size_issue,0.0,0.016,0.076,112,0.4097374962723243,premium
MCH-P-000443,SKU-E592FB45,fragrances,etsy,888.63,654.0,2.7,2026-03-15,2613,2248,181,1862604.02,111661.26,6.158904109589041,3.04760019155941,0.05191780821917808,365,0.08051601423487545,49.67137900355872,0.49482832291778683,damage,0.0,0.042333333333333334,0.046000000000000006,161,0.2640356503831741,mid
MCH-P-000444,SKU-DDFA490C,innerwear_sleepwear,jiomart,1266.44,967.33,3.3,2026-03-24,2853,2488,248,2920208.0,110205.89,6.816438356164384,3.1591056991346433,0.05531506849315069,365,0.09967845659163987,44.29497186495177,0.46345401132803243,not_needed,0.3333333333333333,0.017666666666666667,0.04700000000000001,152,0.2361817377846562,mid
MCH-P-000445,SKU-EA2363A3,laptops_computers,amazon,137216.9,109081.42,4.9,2024-07-19,7183,6795,768,874883976.98,110401.31,18.616438356164384,5.688889636987297,0.04698630136986301,365,0.1130242825607064,16.24743340691685,0.3055842115526657,damage,0.0,0.06266666666666666,0.075,765,0.20504383935214976,luxury
MCH-P-000446,SKU-18D86023,watches_eyewear,etsy,32644.14,17646.27,3.7,2025-09-20,2533,2169,329,66294698.81,112844.83,5.942465753424657,2.9584075483337724,0.04753424657534247,365,0.15168280313508528,52.026201014292305,0.4978417497196067,damage,0.0,0.12066666666666666,0.06133333333333333,337,0.4594352922147742,luxury
MCH-P-000447,SKU-328ADFEB,ethnic_wear,myntra,4240.06,3140.34,3.2,2026-03-23,2541,2176,353,8623985.26,106138.43,5.961643835616439,2.82622287725496,0.048438356164383564,365,0.16222426470588236,48.77685202205882,0.4740677160836674,size_issue,0.0,0.06566666666666666,0.033999999999999996,153,0.2593642542794206,premium
MCH-P-000448,SKU-74085F0F,laptops_computers,firstcry,47850.08,31312.0,3.8,2024-12-01,7776,7375,810,329495172.42,107724.92,20.205479452054796,6.457721556038039,0.04868493150684931,365,0.10983050847457627,14.606768813559322,0.31960249057001816,damage,0.0,0.082,0.07233333333333333,630,0.3456228286347693,luxury
MCH-P-000449,SKU-81D59C11,kids_apparel,nykaa,320.8,229.38,4.1,2025-11-23,2804,2439,282,727949.71,109431.02,6.682191780821918,3.38676084615568,0.04986301369863014,365,0.11562115621156212,44.867166871668715,0.5068338289654871,not_needed,0.0,0.030666666666666665,0.05366666666666667,273,0.2849750623441397,budget
MCH-P-000450,SKU-F8969CD0,winterwear,tata_cliq,1422.78,718.25,3.6,2025-06-26,3288,2923,358,3892000.54,111578.58,8.008219178082191,3.5467735463645873,0.04698630136986301,365,0.12247690728703386,38.17262401642149,0.4428916676096731,size_issue,0.0,0.04800000000000001,0.09466666666666668,423,0.49517845345028744,mid
MCH-P-000451,SKU-9E16B216,footwear,ebay,9799.32,6195.55,4.0,2025-08-16,461,200,35,1844428.02,105392.78,0.547945205479452,0.9084628953095152,0.04734246575342466,365,0.175,526.9639,1.6579447839398653,wrong_item,0.0,0.043000000000000003,0.04933333333333333,372,0.3677571504961568,premium
MCH-P-000452,SKU-BA030894,fragrances,shopsy,369.31,251.24,3.6,2024-10-04,6153,5775,410,1984634.98,107001.68,15.821917808219178,5.16471137283145,0.053232876712328764,365,0.070995670995671,18.528429437229438,0.3264276452092605,damage,0.0,0.062,0.019333333333333334,688,0.31970431344940564,budget
MCH-P-000453,SKU-E06976CB,garden_outdoor,nykaa,11774.67,9771.11,4.0,2026-04-28,3761,3396,178,37628783.87,108376.58,9.304109589041095,3.6657172647219167,0.04542465753424658,365,0.052414605418138985,31.91300942285041,0.3939890464144581,damage,0.0,0.10433333333333333,0.084,117,0.170158484271746,luxury
MCH-P-000454,SKU-11349DE1,mobiles_tablets,purplle,115284.84,69134.32,4.1,2024-09-23,7655,7269,966,779976877.78,112499.56999999999,19.915068493150685,5.988626381992621,0.052630136986301375,365,0.13289310771770532,15.476622644105102,0.3007082995497739,damage,0.3333333333333333,0.06033333333333333,0.08033333333333333,699,0.40031733573989425,luxury
MCH-P-000455,SKU-22529295,kids_apparel,shopsy,3927.8,2022.11,3.9,2024-05-07,5865,5491,665,20281627.38,110228.63,15.043835616438356,4.960087576254331,0.04657534246575343,365,0.12110726643598616,20.074418138772536,0.3297089720147206,not_needed,0.0,0.037333333333333336,0.054333333333333324,838,0.48517999898161823,premium
MCH-P-000456,SKU-2FC8C93C,watches_eyewear,woocommerce_store,7592.29,4689.76,2.5,2026-05-06,6125,5745,863,40893592.34,109329.33,15.73972602739726,5.544097438560151,0.04758904109589041,365,0.15021758050478676,19.030344647519584,0.352235955626537,damage,0.0,0.07366666666666667,0.05933333333333333,109,0.38229967506509893,premium
MCH-P-000457,SKU-D8413032,audio_headphones,amazon,33753.23,20703.06,4.9,2025-06-26,6847,6463,950,203684203.94,111797.65,17.706849315068492,5.424211310653032,0.04989041095890411,365,0.14699056165867244,17.298104595389137,0.30633407525736606,damage,0.6666666666666666,0.10633333333333334,0.10266666666666667,423,0.38663470133080596,luxury
MCH-P-000458,SKU-8EA706F6,makeup_cosmetics,flipkart,1951.49,1065.17,4.9,2026-01-25,7655,7256,434,13339156.24,107545.28,19.87945205479452,6.0847259436084125,0.04586301369863014,365,0.05981256890848952,14.821565600882028,0.3060811699858146,damage,0.3333333333333333,0.05466666666666667,0.03266666666666667,210,0.45417603984647625,mid
MCH-P-000459,SKU-AE085B4F,industrial_scientific,croma,50554.68,26882.23,4.8,2025-12-05,2470,2105,89,98690318.53,115001.89,5.767123287671233,2.949765067685664,0.05268493150684932,365,0.04228028503562945,54.632726840855106,0.5114794535416947,damage,0.0,0.07633333333333332,0.06633333333333334,261,0.46825437328453073,luxury
MCH-P-000460,SKU-5BDCBEE0,jewellery,tata_cliq,50340.32,42280.7,3.8,2024-03-29,6189,5804,988,272633105.06,114503.64,15.901369863013699,5.787550421081595,0.04997260273972602,365,0.1702274293590627,19.7284011026878,0.3639655244132981,damage,0.0,0.09800000000000002,0.057666666666666665,877,0.16010267713832577,luxury
MCH-P-000461,SKU-83D1CCB0,garden_outdoor,firstcry,6806.0,4068.77,3.5,2024-07-07,5555,5181,290,32894214.72,117534.41,14.194520547945206,4.647813216483468,0.050410958904109585,365,0.05597375024126616,22.685661069291644,0.32743714032357957,damage,0.0,0.09400000000000001,0.062,777,0.40217895974140466,premium
MCH-P-000462,SKU-81AB0475,books_media,snapdeal,1638.63,1379.37,3.3,2026-01-08,7211,6809,144,10463799.6,111401.28,18.654794520547945,5.801786412459018,0.047753424657534245,365,0.02114847995300338,16.360887061242472,0.3110077897705304,size_issue,0.0,0.025333333333333333,0.07233333333333333,227,0.15821753538016525,mid
MCH-P-000463,SKU-250A0789,computer_accessories,1mg,5998.59,3419.58,3.0,2026-06-27,2975,2611,335,14593189.82,115535.14,7.153424657534247,3.6288708848401994,0.049123287671232876,365,0.12830333205668326,44.249383378016084,0.5072914105578984,damage,0.0,0.05266666666666667,0.03766666666666667,57,0.4299360349682176,premium
MCH-P-000464,SKU-26F62D34,bedding_linen,shopsy,5495.73,3254.66,3.4,2025-05-10,7514,7117,554,36569082.04,117668.76,19.4986301369863,6.069480786642208,0.05013698630136987,365,0.0778417872699171,16.533477588871715,0.3112772919944367,not_needed,0.0,0.051,0.004,470,0.40778386128867317,premium
MCH-P-000465,SKU-41CC14F5,footwear,meesho,5810.97,3640.31,3.9,2024-11-08,2496,2131,413,11486486.3,103182.25,5.838356164383562,3.073934646907409,0.05246575342465754,365,0.19380572501173157,48.419638667292354,0.5265068728865341,not_needed,0.0,0.038,0.08233333333333333,653,0.37354520845917294,premium
MCH-P-000466,SKU-FFA84C3B,books_media,shopsy,719.32,586.27,2.6,2025-07-16,5373,4996,113,3363295.7600000002,109780.92,13.687671232876712,4.87886069178625,0.0489041095890411,365,0.022618094475580466,21.973763010408327,0.3564419840876664,size_issue,0.0,0.007333333333333333,0.027999999999999997,403,0.1849663571150532,mid
MCH-P-000467,SKU-B57F4AA1,personal_care,indiamart,352.77,205.83,2.8,2025-05-20,7223,6824,189,2252341.22,121263.03,18.695890410958903,5.540372263947802,0.05052054794520548,365,0.027696365767878078,17.7700805978898,0.2963417169315574,size_issue,0.3333333333333333,0.04733333333333334,0.028666666666666663,460,0.4165320180287439,budget
MCH-P-000468,SKU-995D5D42,garden_outdoor,paytm_mall,12132.93,10045.07,4.3,2026-01-09,6591,6213,364,70634157.22,107574.11,17.02191780821918,5.696978343470616,0.046767123287671235,365,0.058586834057621114,17.314358602929342,0.3346848696872324,damage,0.0,0.06633333333333334,0.05366666666666666,226,0.17208209393773807,luxury
MCH-P-000469,SKU-77AC445F,jewellery,croma,99282.23,61509.15,3.8,2024-11-11,5666,5295,842,492261152.79,104039.53,14.506849315068493,4.8167612792972365,0.0476986301369863,365,0.1590179414542021,19.64863644948064,0.33203359149074435,damage,0.6666666666666666,0.07366666666666667,0.04033333333333333,650,0.38046163950991024,luxury
MCH-P-000470,SKU-5C9CC2EC,small_kitchen_appliances,paytm_mall,13564.15,7626.71,2.5,2025-06-29,7095,6708,599,85092524.77,113307.38,18.378082191780823,6.3371017783581385,0.04939726027397261,365,0.0892963625521765,16.891380441264165,0.34481844798758504,damage,0.0,0.09833333333333334,0.08700000000000001,420,0.43773034064058564,luxury
MCH-P-000471,SKU-F5C7DA75,cameras_accessories,own_shopify_store,53649.55,27567.61,3.1,2024-05-08,4342,3974,386,199313443.29,105395.1,10.887671232876713,4.04724656115489,0.04909589041095891,365,0.09713135379969803,26.52116255661802,0.37172747730788497,damage,0.0,0.043000000000000003,0.05366666666666666,837,0.48615393791746625,luxury
MCH-P-000472,SKU-0F449986,wearables_smartwatch,jiomart,17159.74,8776.92,3.0,2025-09-21,6953,6565,1122,105387401.21000001,116793.31999999999,17.986301369863014,6.011191829963422,0.04808219178082192,365,0.1709063214013709,17.79030007616146,0.334209446753488,damage,0.0,0.03233333333333333,0.030666666666666665,336,0.48851672577789645,luxury
MCH-P-000473,SKU-72DBC1B8,musical_instruments,shopsy,23416.87,14486.91,2.7,2025-08-29,6314,5940,556,130299660.66,111600.24,16.273972602739725,5.714018509483484,0.04747945205479453,365,0.0936026936026936,18.787919191919194,0.35111393198004576,damage,0.3333333333333333,0.07066666666666667,0.048999999999999995,359,0.3813472936391584,luxury
MCH-P-000474,SKU-9C2AFC13,innerwear_sleepwear,netmeds,208.26,118.86,5.0,2025-11-13,6506,6123,656,1184818.15,106294.48,16.775342465753425,5.602584294345972,0.052301369863013696,365,0.10713702433447657,17.359869345092275,0.33397734238711085,size_issue,0.0,0.04,0.04566666666666667,283,0.4292711034284068,budget
MCH-P-000475,SKU-A279BC04,winterwear,own_shopify_store,4785.37,3283.43,4.4,2024-05-08,8337,7938,1023,35852039.89,109871.22,21.747945205479454,6.696072934507364,0.04326027397260274,365,0.12887377173091458,13.841171579743008,0.3078945100900967,not_needed,0.3333333333333333,0.015,0.051333333333333335,837,0.31386078819401636,premium
MCH-P-000476,SKU-8087590C,footwear,walmart_marketplace,9270.94,7374.99,3.6,2025-06-03,8189,7773,1586,67513580.89,110612.06,21.295890410958904,6.330643214116615,0.04808219178082192,365,0.20403962434066641,14.23029203653673,0.29727065137688985,not_needed,0.0,0.071,0.073,446,0.20450461334017916,premium
MCH-P-000477,SKU-01FCCFDD,wearables_smartwatch,flipkart,48577.33,29533.12,2.7,2024-09-25,1834,1472,236,66258506.519999996,110092.04,4.032876712328767,2.5014311724655878,0.05161643835616438,365,0.16032608695652173,74.79078804347826,0.620259767629035,damage,0.3333333333333333,0.106,0.065,697,0.39203904372677545,luxury
MCH-P-000478,SKU-DC254EF8,automotive_accessories,meesho,24857.58,19128.7,4.1,2026-06-23,1264,912,82,21213458.810000002,111124.09,2.4986301369863013,1.8510832253929108,0.050958904109589045,365,0.08991228070175439,121.84658991228069,0.7408392294609786,damage,0.0,0.118,0.06166666666666667,61,0.23046813084781384,luxury
MCH-P-000479,SKU-60A24AA5,large_appliances,purplle,94260.94,73497.9,4.6,2026-06-25,6761,6374,357,566458291.09,108818.6,17.46301369863014,5.4844311827356815,0.04397260273972603,365,0.05600878569187324,17.07226231565736,0.3140598339658807,damage,0.0,0.10766666666666667,0.04533333333333334,59,0.22027193872668793,luxury
MCH-P-000480,SKU-73D232CD,furniture,firstcry,8731.88,5209.21,2.6,2024-03-25,3694,3329,272,27281449.25,110758.87,9.12054794520548,3.672251117551707,0.04657534246575343,365,0.08170621808350856,33.270913187143286,0.40263492277151486,damage,0.3333333333333333,0.069,0.08933333333333333,881,0.4034262953682368,premium
MCH-P-000481,SKU-DC42C775,kitchenware_dining,ebay,2724.88,1736.99,4.7,2025-06-30,3635,3270,309,8348487.34,116198.67,8.95890410958904,3.721921827823379,0.04687671232876712,365,0.0944954128440367,35.53476146788991,0.41544387374786956,damage,0.0,0.09266666666666667,0.07366666666666667,419,0.36254440562520185,premium
MCH-P-000482,SKU-92EAC602,watches_eyewear,firstcry,13735.22,11164.13,3.3,2024-05-18,413,185,31,2362732.54,111330.6,0.5068493150684932,0.9596715279288989,0.04780821917808219,365,0.16756756756756758,601.7870270270271,1.893405987535395,damage,0.0,0.06933333333333334,0.042666666666666665,827,0.18718957541269818,luxury
MCH-P-000483,SKU-ACD3C7A5,garden_outdoor,limeroad,6352.91,3748.73,2.9,2025-05-13,2003,1639,95,9649879.69,108622.62,4.49041095890411,2.480260774992718,0.052575342465753426,365,0.057962172056131786,66.27371568029285,0.5523460542235156,damage,0.0,0.06533333333333334,0.026333333333333334,467,0.4099192338629069,premium
MCH-P-000484,SKU-F59206FE,haircare,firstcry,1119.95,781.75,4.6,2025-04-01,4846,4477,146,4676754.42,118540.56,12.265753424657534,4.500678189984573,0.049589041095890414,365,0.032611123520214426,26.477677015858834,0.366930430945805,size_issue,0.0,0.08266666666666667,0.06933333333333334,509,0.3019777668645922,mid
MCH-P-000485,SKU-12FBA4A1,groceries_gourmet,urban_ladder,2910.8,2254.86,4.6,2025-12-13,3377,3012,50,8164386.54,115801.32,8.252054794520548,3.478667705886597,0.050219178082191784,365,0.016600265604249667,38.44665338645419,0.4215516974264966,not_needed,0.0,0.07266666666666667,0.043000000000000003,253,0.22534698364710734,premium
MCH-P-000486,SKU-2C080048,groceries_gourmet,ajio,468.35,320.47,4.5,2025-03-26,3332,2967,47,1300781.28,105120.7,8.128767123287671,3.6902559342753745,0.0472054794520548,365,0.015840916750926862,35.42996292551398,0.453974862153863,not_needed,0.0,0.045000000000000005,0.07133333333333333,515,0.3157467705775595,budget
MCH-P-000487,SKU-674D427D,footwear,own_shopify_store,3455.28,2851.85,3.9,2025-03-03,4927,4556,962,14628446.18,114321.99,12.482191780821918,4.634774864008192,0.051890410958904114,365,0.21115013169446883,25.092622914837577,0.3713109801060119,size_issue,0.0,0.056666666666666664,0.067,538,0.1746399712903152,premium
MCH-P-000488,SKU-E49B7493,wearables_smartwatch,paytm_mall,43541.11,22667.37,4.5,2025-10-04,4778,4409,737,178656576.31,109647.46,12.07945205479452,4.847310314117385,0.050575342465753424,365,0.16715808573372648,24.86900884554321,0.4012856123050228,damage,0.3333333333333333,0.056999999999999995,0.02,323,0.4794030285401544,luxury
MCH-P-000489,SKU-1351A901,mobiles_tablets,flipkart,78299.23,46235.3,2.8,2026-05-27,7773,7375,993,540285044.75,117058.59,20.205479452054796,6.553999919748674,0.04764383561643836,365,0.13464406779661017,15.872351186440678,0.3243674536553581,damage,0.0,0.025333333333333333,0.06766666666666667,88,0.4095050487725102,luxury
MCH-P-000490,SKU-53E714F2,kitchenware_dining,snapdeal,9376.75,7624.75,3.3,2025-12-11,6412,6032,500,52908593.2,107388.56,16.526027397260275,5.45334929339125,0.0483013698630137,365,0.08289124668435013,17.80314323607427,0.329985492720127,damage,0.0,0.11066666666666668,0.052,255,0.1868451222438478,premium
MCH-P-000491,SKU-D14A5819,wearables_smartwatch,pepperfry,43365.4,28401.28,2.8,2025-02-28,7940,7539,1250,304908198.54,111987.18,20.654794520547945,6.39464579211103,0.05208219178082192,365,0.16580448335322986,14.854381217668125,0.3095961950020594,damage,0.0,0.10566666666666667,0.04533333333333334,541,0.34507049398829487,luxury
MCH-P-000492,SKU-010B5F24,small_kitchen_appliances,etsy,24994.25,16480.54,3.7,2025-10-24,3289,2924,249,67906877.79,110101.16,8.01095890410959,3.4893701076707955,0.053506849315068494,365,0.08515731874145006,37.65429548563612,0.43557458594385784,damage,0.0,0.08833333333333333,0.06566666666666666,303,0.34062674415115474,luxury
MCH-P-000493,SKU-21E7BCA9,baby_products,reliance_digital,1143.42,617.34,4.9,2024-05-13,2206,1843,136,1961891.46,109994.15,5.049315068493151,2.716004827294623,0.048739726027397255,365,0.0737927292457949,59.68212154096582,0.5378956928716969,not_needed,0.0,0.05633333333333334,0.022333333333333334,832,0.4600934039985307,mid
MCH-P-000494,SKU-034A27CE,automotive_accessories,pepperfry,7970.04,4975.76,3.5,2024-12-07,8086,7673,706,57254216.93,116058.76,21.02191780821918,6.304504027850405,0.049342465753424665,365,0.09201094747817021,15.125604066206177,0.29990146880821034,damage,0.0,0.151,0.04800000000000001,624,0.3756919664142212,premium
MCH-P-000495,SKU-59BB9D33,footwear,pepperfry,10821.05,6369.89,2.7,2026-02-09,3761,3395,709,34262582.4,113220.28,9.301369863013699,3.7799533818381237,0.052301369863013696,365,0.20883652430044183,33.349125184094255,0.4063867406099897,size_issue,0.0,0.03133333333333333,0.054,195,0.411342707038596,luxury
MCH-P-000496,SKU-EC7FC99C,home_improvement_tools,shopsy,870.19,634.2,4.1,2026-04-26,5639,5269,383,4295040.32,109100.28,14.435616438356165,5.110788251901362,0.047287671232876714,365,0.07268931486050484,20.706069462896185,0.3540401806688171,damage,0.0,0.07533333333333334,0.06133333333333333,119,0.2711936473643687,mid
MCH-P-000497,SKU-7A8FAD69,watches_eyewear,limeroad,47507.56,36199.81,2.8,2026-05-04,3085,2720,392,120093410.8,110274.25,7.4520547945205475,3.407494551407006,0.04991780821917808,365,0.14411764705882352,40.542003676470586,0.4572557026704255,damage,0.0,0.08066666666666666,0.08266666666666667,111,0.2380200119728313,luxury
MCH-P-000498,SKU-F3479BEA,stationery_office,croma,1634.12,1027.73,3.2,2024-06-28,1411,1055,33,1604346.33,110392.42,2.8904109589041096,2.055290973194539,0.05084931506849315,365,0.031279620853080566,104.63736492890995,0.7110722324322338,not_needed,0.0,0.034333333333333334,0.036,786,0.37108045920740207,mid
MCH-P-000499,SKU-8438ABB6,sports_fitness,shopclues,14880.73,8766.12,3.0,2026-06-02,5854,5484,475,75980858.6,112054.21,15.024657534246575,5.222725616300771,0.05210958904109589,365,0.08661560904449307,20.432933989788477,0.3476102935721702,damage,0.0,0.12966666666666668,0.08600000000000001,82,0.41090793260814484,luxury
MCH-P-000500,SKU-3762FE2D,bags_luggage,limeroad,5458.62,3927.11,3.4,2025-10-11,8124,7718,684,39373080.67,108515.68,21.145205479452056,6.008991456396558,0.051726027397260274,365,0.08862399585384814,14.06007774034724,0.2841774917834599,not_needed,0.0,0.06266666666666666,0.06966666666666667,316,0.28056724959788365,premium
