product_id,event_id,timestamp,barcode_match,quantity_expected,quantity_scanned,image_path,product_match_score,damage_probability,anomaly_score,decision,operator_id
MCH-P-000001,EV-EC78B2A048,2026-05-08T02:33:24.311013,True,6,6,mock_images/MCH-P-000001_84d559.jpg,1.0,0.039,0.093,PASS,OP-001
MCH-P-000001,EV-74CB622FF8,2026-08-20T02:58:24.311412,True,3,3,mock_images/MCH-P-000001_0d3d16.jpg,0.959,0.079,0.068,PASS,OP-003
MCH-P-000001,EV-448CF24899,2026-06-05T17:29:24.311579,False,1,1,mock_images/MCH-P-000001_eb6069.jpg,0.973,0.107,0.099,FAIL,OP-007
MCH-P-000002,EV-03F244A176,2026-07-22T07:14:24.312023,True,3,3,mock_images/MCH-P-000002_bfb24f.jpg,0.865,0.0,0.048,PASS,OP-010
MCH-P-000002,EV-A7442B8B52,2026-08-07T21:24:24.312205,True,8,8,mock_images/MCH-P-000002_92e918.jpg,0.971,0.031,0.017,PASS,OP-005
MCH-P-000002,EV-F2B3F89AF5,2026-04-27T20:25:24.312448,True,9,9,mock_images/MCH-P-000002_060752.jpg,0.946,0.0,0.065,PASS,OP-006
MCH-P-000003,EV-9A4B3416EF,2026-04-13T10:22:24.312811,True,3,3,mock_images/MCH-P-000003_e9badf.jpg,0.762,0.129,0.045,PASS,OP-007
MCH-P-000003,EV-FCC41D395A,2026-07-25T18:59:24.313148,True,7,7,mock_images/MCH-P-000003_170629.jpg,0.982,0.036,0.069,PASS,OP-005
MCH-P-000003,EV-04944B716B,2026-07-17T17:58:24.313501,True,4,4,mock_images/MCH-P-000003_e62a22.jpg,0.922,0.099,0.118,PASS,OP-005
MCH-P-000004,EV-33FEEDDD5B,2026-08-13T00:28:24.314253,True,7,7,mock_images/MCH-P-000004_b94cd9.jpg,0.993,0.027,0.0,PASS,OP-002
MCH-P-000004,EV-2E31E6EB20,2026-06-21T00:31:24.314545,True,4,4,mock_images/MCH-P-000004_5c6a11.jpg,0.863,0.076,0.031,PASS,OP-002
MCH-P-000004,EV-0256D2BA8D,2026-05-16T20:31:24.314778,True,9,9,mock_images/MCH-P-000004_e4b517.jpg,1.0,0.057,0.082,PASS,OP-002
MCH-P-000005,EV-A3AC22F59E,2026-06-07T07:08:24.315314,True,6,6,mock_images/MCH-P-000005_d81ca8.jpg,0.978,0.0,0.048,PASS,OP-005
MCH-P-000005,EV-8B80C2E4A1,2026-04-27T10:06:24.315660,True,3,3,mock_images/MCH-P-000005_12d904.jpg,0.927,0.0,0.077,PASS,OP-006
MCH-P-000005,EV-73B177B7E0,2026-08-16T19:14:24.315969,True,3,3,mock_images/MCH-P-000005_b04c1d.jpg,0.951,0.033,0.124,PASS,OP-005
MCH-P-000006,EV-143030E4FE,2026-06-11T01:23:24.316555,True,7,7,mock_images/MCH-P-000006_2910e8.jpg,0.926,0.047,0.091,PASS,OP-001
MCH-P-000006,EV-01034EA398,2026-04-17T09:25:24.316809,True,1,1,mock_images/MCH-P-000006_7bb84c.jpg,0.887,0.0,0.0,PASS,OP-006
MCH-P-000006,EV-650CE651D0,2026-08-06T03:19:24.317133,True,1,1,mock_images/MCH-P-000006_6c3c63.jpg,0.964,0.109,0.133,PASS,OP-005
MCH-P-000007,EV-7F73138B13,2026-06-16T07:04:24.317705,True,9,9,mock_images/MCH-P-000007_061d96.jpg,0.945,0.02,0.055,PASS,OP-009
MCH-P-000007,EV-B19CA01246,2026-05-13T06:07:24.317841,True,9,9,mock_images/MCH-P-000007_4f292a.jpg,0.953,0.031,0.094,PASS,OP-006
MCH-P-000007,EV-CA4BBF0220,2026-07-19T17:35:24.317950,True,3,3,mock_images/MCH-P-000007_03a48f.jpg,1.0,0.134,0.11,PASS,OP-009
MCH-P-000008,EV-174F1CFB09,2026-08-04T16:36:24.318242,True,3,3,mock_images/MCH-P-000008_28de17.jpg,1.0,0.092,0.088,PASS,OP-007
MCH-P-000008,EV-6072AD332F,2026-06-21T10:35:24.318521,True,3,3,mock_images/MCH-P-000008_003f74.jpg,0.945,0.055,0.073,PASS,OP-004
MCH-P-000008,EV-69C924D139,2026-07-26T08:31:24.318810,True,7,7,mock_images/MCH-P-000008_468545.jpg,0.957,0.0,0.071,PASS,OP-004
MCH-P-000009,EV-33A8B56244,2026-04-12T09:40:24.319361,True,5,5,mock_images/MCH-P-000009_519be3.jpg,0.954,0.0,0.006,PASS,OP-010
MCH-P-000009,EV-49B80F4F78,2026-05-06T12:37:24.319631,True,1,1,mock_images/MCH-P-000009_425a1b.jpg,0.893,0.069,0.126,PASS,OP-005
MCH-P-000009,EV-712286EBB0,2026-05-05T21:10:24.319865,True,4,4,mock_images/MCH-P-000009_293085.jpg,0.961,0.0,0.109,PASS,OP-001
MCH-P-000010,EV-1541862577,2026-05-28T09:32:24.320336,True,6,6,mock_images/MCH-P-000010_0eceb7.jpg,0.918,0.0,0.078,PASS,OP-006
MCH-P-000010,EV-04E20A11A1,2026-05-31T05:07:24.320550,True,4,4,mock_images/MCH-P-000010_61d4c5.jpg,0.931,0.149,0.09,PASS,OP-005
MCH-P-000010,EV-7A4C265F30,2026-08-14T16:26:24.320708,True,2,2,mock_images/MCH-P-000010_2af658.jpg,0.958,0.117,0.063,PASS,OP-006
MCH-P-000011,EV-A6418E6105,2026-07-01T03:18:24.321038,True,4,4,mock_images/MCH-P-000011_a38822.jpg,0.889,0.068,0.025,PASS,OP-006
MCH-P-000011,EV-8141EBDA5E,2026-06-07T12:46:24.321176,True,1,1,mock_images/MCH-P-000011_41e542.jpg,0.918,0.138,0.086,PASS,OP-009
MCH-P-000011,EV-A202403B47,2026-05-03T02:34:24.321333,True,2,2,mock_images/MCH-P-000011_59ba60.jpg,0.946,0.034,0.053,PASS,OP-007
MCH-P-000012,EV-E4A2E030B1,2026-06-04T22:07:24.321668,True,1,1,mock_images/MCH-P-000012_6860bf.jpg,0.869,0.027,0.062,PASS,OP-006
MCH-P-000012,EV-5DC36C20D6,2026-07-06T09:15:24.321858,True,5,5,mock_images/MCH-P-000012_fa6ca2.jpg,0.928,0.059,0.035,PASS,OP-008
MCH-P-000012,EV-695D54A784,2026-04-30T14:21:24.322009,True,5,5,mock_images/MCH-P-000012_fb2c41.jpg,0.902,0.042,0.091,PASS,OP-010
MCH-P-000013,EV-C084FE7668,2026-04-17T13:55:24.322214,True,5,5,mock_images/MCH-P-000013_581cba.jpg,0.947,0.0,0.049,PASS,OP-001
MCH-P-000013,EV-2364100309,2026-08-18T04:02:24.322318,True,2,2,mock_images/MCH-P-000013_25fe08.jpg,0.95,0.175,0.089,PASS,OP-010
MCH-P-000013,EV-40BEF83F1B,2026-04-28T07:54:24.322406,True,8,8,mock_images/MCH-P-000013_8211ad.jpg,0.987,0.0,0.026,PASS,OP-006
MCH-P-000014,EV-322C142D96,2026-08-21T10:32:24.322580,True,6,6,mock_images/MCH-P-000014_f287fe.jpg,0.938,0.022,0.058,PASS,OP-003
MCH-P-000014,EV-97F414BADC,2026-08-10T20:36:24.322661,True,8,8,mock_images/MCH-P-000014_174c43.jpg,0.91,0.0,0.01,PASS,OP-005
MCH-P-000014,EV-A3A2D0A54A,2026-04-16T01:33:24.322751,True,5,5,mock_images/MCH-P-000014_aa180d.jpg,0.963,0.07,0.037,PASS,OP-008
MCH-P-000015,EV-8A2803E3B7,2026-05-21T01:42:24.322919,True,3,3,mock_images/MCH-P-000015_ff01e1.jpg,1.0,0.087,0.037,PASS,OP-001
MCH-P-000015,EV-693C2D9DBE,2026-06-16T02:02:24.322999,True,4,4,mock_images/MCH-P-000015_12bad6.jpg,0.932,0.126,0.027,PASS,OP-003
MCH-P-000015,EV-F202AF2020,2026-05-20T02:42:24.323077,True,7,7,mock_images/MCH-P-000015_5e0b4a.jpg,0.898,0.026,0.077,PASS,OP-001
MCH-P-000016,EV-44BA6B3997,2026-05-27T01:06:24.323224,True,4,4,mock_images/MCH-P-000016_da64fd.jpg,0.968,0.043,0.06,PASS,OP-010
MCH-P-000016,EV-B4C3B0F370,2026-07-10T04:39:24.323329,True,2,2,mock_images/MCH-P-000016_f7f52f.jpg,0.978,0.0,0.024,PASS,OP-009
MCH-P-000016,EV-A8B433A56B,2026-07-06T11:05:24.323440,True,4,4,mock_images/MCH-P-000016_b32dd5.jpg,0.931,0.054,0.073,PASS,OP-009
MCH-P-000017,EV-C8DE057197,2026-05-28T08:44:24.323626,True,4,4,mock_images/MCH-P-000017_2468d8.jpg,0.938,0.063,0.088,PASS,OP-006
MCH-P-000017,EV-B5D4E96B49,2026-08-04T17:06:24.323733,True,3,3,mock_images/MCH-P-000017_9decd9.jpg,0.935,0.023,0.001,PASS,OP-002
MCH-P-000017,EV-D8E9EF9389,2026-04-13T00:49:24.323821,True,3,3,mock_images/MCH-P-000017_37bd8d.jpg,1.0,0.17,0.055,PASS,OP-004
MCH-P-000018,EV-32F03779DB,2026-07-09T14:56:24.324017,True,9,9,mock_images/MCH-P-000018_39700c.jpg,0.937,0.039,0.082,PASS,OP-010
MCH-P-000018,EV-5F0E79B6FF,2026-04-15T08:08:24.324094,True,3,3,mock_images/MCH-P-000018_a17331.jpg,0.907,0.0,0.087,PASS,OP-004
MCH-P-000018,EV-0575B2EBFB,2026-05-23T17:39:24.324168,True,1,1,mock_images/MCH-P-000018_50fbb6.jpg,0.984,0.02,0.054,PASS,OP-008
MCH-P-000019,EV-27B9C6F9F9,2026-06-30T11:14:24.324334,True,4,4,mock_images/MCH-P-000019_285754.jpg,1.0,0.092,0.063,PASS,OP-006
MCH-P-000019,EV-B9F6D7A774,2026-07-21T13:11:24.324417,True,1,1,mock_images/MCH-P-000019_20288c.jpg,0.928,0.107,0.044,PASS,OP-003
MCH-P-000019,EV-EFBF4D2DAC,2026-07-01T19:58:24.324496,True,7,7,mock_images/MCH-P-000019_1b6f02.jpg,0.866,0.085,0.077,PASS,OP-005
MCH-P-000020,EV-9D1A5EAEDE,2026-04-20T08:43:24.324659,True,9,9,mock_images/MCH-P-000020_701cd0.jpg,0.961,0.08,0.0,PASS,OP-002
MCH-P-000020,EV-918E96FA17,2026-05-31T11:29:24.324747,True,8,8,mock_images/MCH-P-000020_de66f7.jpg,0.923,0.114,0.0,PASS,OP-003
MCH-P-000020,EV-33B1E3AEBE,2026-08-19T10:22:24.324825,True,6,5,mock_images/MCH-P-000020_2b0958.jpg,0.902,0.101,0.012,FAIL,OP-003
MCH-P-000021,EV-B5D7651F7F,2026-05-08T23:49:24.324971,True,2,2,mock_images/MCH-P-000021_2faf54.jpg,0.974,0.048,0.053,PASS,OP-003
MCH-P-000021,EV-0A85C8BF1D,2026-05-24T22:16:24.325070,True,5,5,mock_images/MCH-P-000021_ca4f12.jpg,0.934,0.089,0.099,PASS,OP-004
MCH-P-000021,EV-2040AE964E,2026-08-01T18:30:24.325144,True,9,9,mock_images/MCH-P-000021_6840f4.jpg,0.981,0.094,0.019,PASS,OP-001
MCH-P-000022,EV-55AF507560,2026-08-08T03:09:24.325374,True,4,4,mock_images/MCH-P-000022_fb9246.jpg,0.962,0.032,0.076,PASS,OP-009
MCH-P-000022,EV-3E0671E87F,2026-08-11T07:27:24.325551,True,9,9,mock_images/MCH-P-000022_dd01da.jpg,0.992,0.064,0.037,PASS,OP-005
MCH-P-000022,EV-02518F61C1,2026-08-12T11:50:24.325642,True,1,1,mock_images/MCH-P-000022_1a8bad.jpg,0.911,0.056,0.067,PASS,OP-006
MCH-P-000023,EV-46B5715FBE,2026-05-22T06:03:24.325844,True,1,1,mock_images/MCH-P-000023_36dcae.jpg,1.0,0.08,0.0,PASS,OP-006
MCH-P-000023,EV-1EC1C9FBC0,2026-05-30T00:46:24.325951,True,9,9,mock_images/MCH-P-000023_db1946.jpg,0.901,0.0,0.009,PASS,OP-005
MCH-P-000023,EV-47D2D31AE6,2026-06-28T07:53:24.326032,True,3,3,mock_images/MCH-P-000023_13feb1.jpg,0.969,0.0,0.034,PASS,OP-004
MCH-P-000024,EV-D805E335ED,2026-04-24T05:36:24.326212,True,1,0,mock_images/MCH-P-000024_e481fc.jpg,0.936,0.0,0.072,FAIL,OP-001
MCH-P-000024,EV-7CC5AC2335,2026-05-06T01:14:24.326302,True,4,4,mock_images/MCH-P-000024_56e3e8.jpg,0.96,0.002,0.043,PASS,OP-009
MCH-P-000024,EV-C6ED758160,2026-05-23T09:13:24.326378,True,1,1,mock_images/MCH-P-000024_0a1649.jpg,0.936,0.053,0.053,PASS,OP-007
MCH-P-000025,EV-6FF44AD6B9,2026-06-21T13:28:24.326547,True,3,3,mock_images/MCH-P-000025_57c2cb.jpg,0.929,0.009,0.026,PASS,OP-010
MCH-P-000025,EV-C00F6B2F14,2026-04-17T19:08:24.326635,True,2,2,mock_images/MCH-P-000025_7a5289.jpg,0.979,0.108,0.085,PASS,OP-008
MCH-P-000025,EV-AFA21AB8C9,2026-07-08T17:06:24.326711,True,5,5,mock_images/MCH-P-000025_7d16ef.jpg,0.968,0.105,0.021,PASS,OP-007
MCH-P-000026,EV-EAE4D4F5BA,2026-06-21T22:30:24.326864,True,6,6,mock_images/MCH-P-000026_9e0be7.jpg,0.939,0.059,0.042,PASS,OP-001
MCH-P-000026,EV-B545854187,2026-07-16T00:37:24.326946,True,5,5,mock_images/MCH-P-000026_81fb5d.jpg,0.965,0.059,0.069,PASS,OP-007
MCH-P-000026,EV-2E4867362C,2026-04-28T05:45:24.327028,True,6,6,mock_images/MCH-P-000026_b9c770.jpg,0.917,0.051,0.013,PASS,OP-009
MCH-P-000027,EV-71E705D94A,2026-07-16T23:49:24.327320,True,2,2,mock_images/MCH-P-000027_ccdc87.jpg,0.94,0.065,0.046,PASS,OP-010
MCH-P-000027,EV-6391EF4FB7,2026-04-16T17:58:24.327435,True,7,7,mock_images/MCH-P-000027_4612f5.jpg,0.918,0.099,0.0,PASS,OP-009
MCH-P-000027,EV-A5FCEDDF2B,2026-06-08T19:32:24.327512,True,3,3,mock_images/MCH-P-000027_210285.jpg,0.887,0.228,0.023,PASS,OP-005
MCH-P-000028,EV-5CF5B12E3F,2026-07-03T16:12:24.327704,True,4,3,mock_images/MCH-P-000028_e725a0.jpg,0.951,0.0,0.058,FAIL,OP-010
MCH-P-000028,EV-3C05E53F5D,2026-08-21T05:48:24.327802,True,4,4,mock_images/MCH-P-000028_7d8eec.jpg,0.889,0.016,0.007,PASS,OP-001
MCH-P-000028,EV-DF3B7FAB1E,2026-08-11T21:29:24.327890,True,8,8,mock_images/MCH-P-000028_a887e6.jpg,0.901,0.015,0.014,PASS,OP-004
MCH-P-000029,EV-92DF39EE18,2026-08-02T15:09:24.328045,True,7,7,mock_images/MCH-P-000029_492498.jpg,0.875,0.095,0.034,PASS,OP-003
MCH-P-000029,EV-20F65800EB,2026-08-06T08:49:24.328136,True,9,9,mock_images/MCH-P-000029_b51493.jpg,0.917,0.0,0.039,PASS,OP-008
MCH-P-000029,EV-14315FB2DF,2026-06-07T04:52:24.328218,True,7,7,mock_images/MCH-P-000029_06bac9.jpg,0.987,0.147,0.091,PASS,OP-003
MCH-P-000030,EV-F4FF9B4232,2026-08-01T01:01:24.328381,True,2,2,mock_images/MCH-P-000030_fe244e.jpg,0.973,0.059,0.096,PASS,OP-004
MCH-P-000030,EV-8332175D2C,2026-07-03T11:36:24.328463,True,8,8,mock_images/MCH-P-000030_5bd5a5.jpg,0.83,0.0,0.086,PASS,OP-004
MCH-P-000030,EV-01D56E3611,2026-08-12T22:30:24.328538,True,9,8,mock_images/MCH-P-000030_ec7cc7.jpg,0.936,0.0,0.071,FAIL,OP-008
MCH-P-000031,EV-D4336AF793,2026-04-17T02:20:24.328690,True,4,4,mock_images/MCH-P-000031_9933ec.jpg,0.941,0.0,0.058,PASS,OP-002
MCH-P-000031,EV-624D410675,2026-04-21T22:33:24.328778,True,8,8,mock_images/MCH-P-000031_3d0ecf.jpg,0.816,0.0,0.042,PASS,OP-005
MCH-P-000031,EV-B84EC82F93,2026-07-15T21:05:24.328903,True,2,2,mock_images/MCH-P-000031_53899f.jpg,0.94,0.0,0.0,PASS,OP-005
MCH-P-000032,EV-9BED268A5D,2026-08-07T05:12:24.329191,True,2,2,mock_images/MCH-P-000032_ca7578.jpg,0.925,0.111,0.055,PASS,OP-002
MCH-P-000032,EV-99FD85577C,2026-08-05T02:07:24.329291,True,3,3,mock_images/MCH-P-000032_f40774.jpg,0.923,0.044,0.047,PASS,OP-006
MCH-P-000032,EV-983A965D17,2026-08-10T14:41:24.329368,True,3,3,mock_images/MCH-P-000032_6b1a98.jpg,0.933,0.083,0.051,PASS,OP-009
MCH-P-000033,EV-0043307070,2026-04-30T15:35:24.329606,False,4,4,mock_images/MCH-P-000033_ebbbbc.jpg,0.882,0.057,0.0,FAIL,OP-007
MCH-P-000033,EV-9C6AF1C6FB,2026-07-19T20:56:24.329733,True,5,5,mock_images/MCH-P-000033_ed9012.jpg,0.969,0.077,0.052,PASS,OP-007
MCH-P-000033,EV-14EF6480E5,2026-06-25T08:40:24.329815,True,4,4,mock_images/MCH-P-000033_eccdb4.jpg,0.922,0.057,0.0,PASS,OP-007
MCH-P-000034,EV-1710C66DAB,2026-06-17T08:29:24.330034,True,8,8,mock_images/MCH-P-000034_b3e3f6.jpg,0.985,0.028,0.056,PASS,OP-002
MCH-P-000034,EV-437831F12D,2026-07-14T13:56:24.330217,True,7,7,mock_images/MCH-P-000034_c8961c.jpg,0.964,0.071,0.045,PASS,OP-002
MCH-P-000034,EV-3E8CE54910,2026-05-15T03:06:24.330376,True,5,5,mock_images/MCH-P-000034_956c6a.jpg,0.961,0.09,0.041,PASS,OP-001
MCH-P-000035,EV-450FF722C5,2026-04-24T03:31:24.330640,True,5,5,mock_images/MCH-P-000035_43dd92.jpg,0.952,0.0,0.0,PASS,OP-002
MCH-P-000035,EV-EEE4F642F8,2026-06-04T07:39:24.330851,True,7,7,mock_images/MCH-P-000035_5fdce3.jpg,0.944,0.0,0.009,PASS,OP-004
MCH-P-000035,EV-44EE45ED9B,2026-05-10T02:43:24.330975,True,3,3,mock_images/MCH-P-000035_bc5b4f.jpg,0.946,0.115,0.049,PASS,OP-001
MCH-P-000036,EV-CF22A3A544,2026-06-19T10:58:24.331326,True,8,8,mock_images/MCH-P-000036_98ec9a.jpg,1.0,0.0,0.005,PASS,OP-007
MCH-P-000036,EV-9B70FC0425,2026-08-04T02:06:24.331460,True,6,6,mock_images/MCH-P-000036_d9bb5a.jpg,0.942,0.052,0.059,PASS,OP-005
MCH-P-000036,EV-A43A606463,2026-05-13T15:32:24.331696,False,1,1,mock_images/MCH-P-000036_f97a50.jpg,0.882,0.0,0.049,FAIL,OP-005
MCH-P-000037,EV-56D88CF3DD,2026-04-20T10:02:24.332001,True,2,2,mock_images/MCH-P-000037_eb0106.jpg,1.0,0.045,0.079,PASS,OP-002
MCH-P-000037,EV-4C9A932FC9,2026-04-17T22:32:24.332171,True,1,1,mock_images/MCH-P-000037_462d7d.jpg,0.998,0.093,0.023,PASS,OP-002
MCH-P-000037,EV-AE5285BB35,2026-06-17T22:49:24.332297,True,7,7,mock_images/MCH-P-000037_aa89a4.jpg,0.943,0.124,0.0,PASS,OP-002
MCH-P-000038,EV-D192BA3B15,2026-08-16T10:11:24.332638,True,3,3,mock_images/MCH-P-000038_a3b709.jpg,0.962,0.058,0.003,PASS,OP-004
MCH-P-000038,EV-93180E7C68,2026-06-20T20:40:24.332888,True,4,4,mock_images/MCH-P-000038_3ba437.jpg,0.876,0.024,0.08,PASS,OP-006
MCH-P-000038,EV-2F8203E4E4,2026-06-10T20:10:24.333148,True,8,8,mock_images/MCH-P-000038_8b0e62.jpg,0.986,0.041,0.053,PASS,OP-001
MCH-P-000039,EV-878F8D0A45,2026-06-30T14:20:24.333573,True,3,3,mock_images/MCH-P-000039_d61338.jpg,0.924,0.031,0.109,PASS,OP-010
MCH-P-000039,EV-ED7307412C,2026-05-21T06:05:24.333753,True,7,6,mock_images/MCH-P-000039_0e37e6.jpg,1.0,0.08,0.005,FAIL,OP-008
MCH-P-000039,EV-2E2A806972,2026-06-21T17:25:24.333969,True,6,6,mock_images/MCH-P-000039_226cb6.jpg,0.935,0.055,0.0,PASS,OP-005
MCH-P-000040,EV-D137B8A08F,2026-05-28T18:24:24.334350,True,8,8,mock_images/MCH-P-000040_470197.jpg,0.982,0.052,0.03,PASS,OP-002
MCH-P-000040,EV-FF61AA0302,2026-05-23T03:57:24.334453,True,8,8,mock_images/MCH-P-000040_17f320.jpg,0.836,0.103,0.0,PASS,OP-007
MCH-P-000040,EV-57D3720E7E,2026-05-07T14:21:24.334543,True,4,4,mock_images/MCH-P-000040_a59580.jpg,0.953,0.024,0.021,PASS,OP-008
MCH-P-000041,EV-FC65ED6F47,2026-08-21T06:39:24.334922,True,1,1,mock_images/MCH-P-000041_b9fe7e.jpg,0.933,0.107,0.035,PASS,OP-009
MCH-P-000041,EV-A88A6FACCB,2026-05-15T09:38:24.335050,True,8,8,mock_images/MCH-P-000041_4277b7.jpg,0.895,0.068,0.005,PASS,OP-004
MCH-P-000041,EV-F63056062C,2026-07-22T16:50:24.335272,True,2,2,mock_images/MCH-P-000041_bc7cba.jpg,0.962,0.093,0.099,PASS,OP-009
MCH-P-000042,EV-B69689D737,2026-05-16T08:32:24.335536,True,3,3,mock_images/MCH-P-000042_f6b318.jpg,0.942,0.008,0.018,PASS,OP-005
MCH-P-000042,EV-B2D4156F94,2026-05-03T21:28:24.335703,True,4,4,mock_images/MCH-P-000042_9f4007.jpg,0.976,0.108,0.027,PASS,OP-007
MCH-P-000042,EV-0B543F96B4,2026-05-17T15:31:24.335882,True,2,2,mock_images/MCH-P-000042_d417c4.jpg,0.972,0.0,0.001,PASS,OP-005
MCH-P-000043,EV-20212D9B36,2026-05-06T03:16:24.336161,True,3,3,mock_images/MCH-P-000043_0fcafa.jpg,0.947,0.0,0.013,PASS,OP-004
MCH-P-000043,EV-6D07C992B7,2026-05-17T11:46:24.336464,True,7,7,mock_images/MCH-P-000043_1387fd.jpg,0.887,0.065,0.053,PASS,OP-009
MCH-P-000043,EV-F1D3D0699F,2026-07-22T19:00:24.336643,True,2,2,mock_images/MCH-P-000043_100057.jpg,0.938,0.014,0.148,PASS,OP-005
MCH-P-000044,EV-0F67376B6B,2026-04-16T11:00:24.336953,True,1,1,mock_images/MCH-P-000044_96aad2.jpg,0.983,0.0,0.062,PASS,OP-001
MCH-P-000044,EV-B7961EAA60,2026-05-22T04:21:24.337069,True,9,9,mock_images/MCH-P-000044_67ad74.jpg,0.879,0.182,0.034,PASS,OP-004
MCH-P-000044,EV-1F0D7574D7,2026-08-23T11:46:24.337164,True,3,3,mock_images/MCH-P-000044_56ecb2.jpg,0.956,0.163,0.059,PASS,OP-010
MCH-P-000045,EV-328A87538A,2026-04-18T02:58:24.337412,True,9,9,mock_images/MCH-P-000045_659da1.jpg,1.0,0.046,0.065,PASS,OP-004
MCH-P-000045,EV-EA7B0BFED5,2026-06-22T07:11:24.337587,True,5,5,mock_images/MCH-P-000045_3de1fb.jpg,1.0,0.133,0.008,PASS,OP-005
MCH-P-000045,EV-0CC213CC8C,2026-06-03T05:50:24.337680,True,5,5,mock_images/MCH-P-000045_03b0ec.jpg,1.0,0.199,0.019,PASS,OP-010
MCH-P-000046,EV-9778FEF6BA,2026-04-15T16:16:24.337909,True,3,3,mock_images/MCH-P-000046_4f1a46.jpg,0.957,0.012,0.056,PASS,OP-006
MCH-P-000046,EV-ED932A3433,2026-05-11T19:24:24.338031,True,5,5,mock_images/MCH-P-000046_e2b5a4.jpg,0.914,0.0,0.023,PASS,OP-007
MCH-P-000046,EV-139C894470,2026-08-05T11:31:24.338181,True,7,7,mock_images/MCH-P-000046_d24160.jpg,1.0,0.085,0.084,PASS,OP-005
MCH-P-000047,EV-5E296139F2,2026-05-07T15:52:24.338576,True,1,1,mock_images/MCH-P-000047_e01d09.jpg,1.0,0.12,0.0,PASS,OP-003
MCH-P-000047,EV-E9427E18EA,2026-04-27T18:35:24.338733,True,4,4,mock_images/MCH-P-000047_b78c85.jpg,0.978,0.098,0.024,PASS,OP-008
MCH-P-000047,EV-1A66771AC8,2026-07-23T04:07:24.338901,True,9,9,mock_images/MCH-P-000047_604e23.jpg,0.912,0.071,0.089,PASS,OP-007
MCH-P-000048,EV-3D6F259B2F,2026-07-13T00:41:24.339175,True,6,6,mock_images/MCH-P-000048_ee5c69.jpg,0.941,0.035,0.031,PASS,OP-009
MCH-P-000048,EV-FBBB0D46D3,2026-06-25T04:54:24.339272,True,4,4,mock_images/MCH-P-000048_25abef.jpg,0.935,0.034,0.063,PASS,OP-003
MCH-P-000048,EV-AF55FC4B7C,2026-07-15T21:21:24.339389,True,2,2,mock_images/MCH-P-000048_a3bf33.jpg,0.93,0.049,0.078,PASS,OP-003
MCH-P-000049,EV-AFE2297A1D,2026-06-03T16:42:24.339636,True,9,9,mock_images/MCH-P-000049_53bfbc.jpg,0.952,0.103,0.113,PASS,OP-008
MCH-P-000049,EV-BAF3B2FCBB,2026-05-23T09:07:24.339797,True,6,6,mock_images/MCH-P-000049_e46ef5.jpg,1.0,0.136,0.0,PASS,OP-006
MCH-P-000049,EV-081D49DEF8,2026-07-03T11:11:24.339966,True,8,8,mock_images/MCH-P-000049_1c9081.jpg,0.982,0.088,0.063,PASS,OP-005
MCH-P-000050,EV-9B7FA40F30,2026-04-19T20:22:24.340201,True,4,4,mock_images/MCH-P-000050_2366a2.jpg,0.89,0.05,0.027,PASS,OP-007
MCH-P-000050,EV-DEE83C4C8D,2026-04-18T16:15:24.340361,True,9,9,mock_images/MCH-P-000050_084240.jpg,0.988,0.0,0.048,PASS,OP-001
MCH-P-000050,EV-E5E82481D0,2026-07-13T00:11:24.340502,True,6,6,mock_images/MCH-P-000050_0f071e.jpg,0.916,0.038,0.091,PASS,OP-008
MCH-P-000051,EV-79F7CCDAC6,2026-07-12T23:30:24.340836,True,4,3,mock_images/MCH-P-000051_321c35.jpg,1.0,0.07,0.016,FAIL,OP-007
MCH-P-000051,EV-AE7F20146C,2026-07-04T19:31:24.341001,True,9,9,mock_images/MCH-P-000051_f0a891.jpg,1.0,0.095,0.077,PASS,OP-005
MCH-P-000051,EV-25B5C9D1D2,2026-04-24T10:18:24.341173,True,6,6,mock_images/MCH-P-000051_cd5311.jpg,1.0,0.0,0.002,PASS,OP-005
MCH-P-000052,EV-F1D44C3CB4,2026-05-21T22:45:24.341416,True,8,8,mock_images/MCH-P-000052_3097a5.jpg,1.0,0.047,0.082,PASS,OP-002
MCH-P-000052,EV-41BE9C64EB,2026-04-13T19:52:24.341605,True,2,2,mock_images/MCH-P-000052_615049.jpg,0.958,0.015,0.054,PASS,OP-009
MCH-P-000052,EV-A80714F7D7,2026-08-07T15:36:24.341787,True,6,6,mock_images/MCH-P-000052_231c91.jpg,0.941,0.137,0.02,PASS,OP-003
MCH-P-000053,EV-08C11F9C74,2026-05-05T09:39:24.342079,True,8,8,mock_images/MCH-P-000053_0bcf02.jpg,0.925,0.085,0.002,PASS,OP-006
MCH-P-000053,EV-5FF84ABD0B,2026-06-10T01:08:24.342204,True,7,7,mock_images/MCH-P-000053_cee6e4.jpg,0.893,0.093,0.056,PASS,OP-003
MCH-P-000053,EV-629773F296,2026-05-24T15:39:24.342323,True,4,4,mock_images/MCH-P-000053_a4d35e.jpg,0.95,0.07,0.094,PASS,OP-002
MCH-P-000054,EV-FFA1FB6C90,2026-06-28T00:21:24.342590,True,7,7,mock_images/MCH-P-000054_6b478b.jpg,0.963,0.076,0.043,PASS,OP-009
MCH-P-000054,EV-AD3D90EA47,2026-08-11T03:42:24.342735,True,4,4,mock_images/MCH-P-000054_dd4b84.jpg,0.896,0.042,0.082,PASS,OP-009
MCH-P-000054,EV-7FFBA44E42,2026-05-07T09:39:24.342909,True,9,9,mock_images/MCH-P-000054_804d0b.jpg,0.91,0.08,0.091,PASS,OP-006
MCH-P-000055,EV-31A0CF5E98,2026-04-25T03:07:24.343164,True,1,1,mock_images/MCH-P-000055_28e528.jpg,0.984,0.0,0.057,PASS,OP-002
MCH-P-000055,EV-74B321B78C,2026-08-16T01:29:24.343301,True,2,2,mock_images/MCH-P-000055_0564a2.jpg,0.963,0.053,0.137,PASS,OP-006
MCH-P-000055,EV-E7EBDC08C4,2026-06-23T10:45:24.343424,True,3,3,mock_images/MCH-P-000055_0afc25.jpg,0.997,0.011,0.022,PASS,OP-003
MCH-P-000056,EV-35D427ADD8,2026-05-31T11:35:24.343672,True,5,5,mock_images/MCH-P-000056_219db3.jpg,1.0,0.1,0.095,PASS,OP-005
MCH-P-000056,EV-B73B2494F9,2026-08-22T01:22:24.343778,True,1,1,mock_images/MCH-P-000056_13f7f9.jpg,0.978,0.062,0.005,PASS,OP-003
MCH-P-000056,EV-31F779BD58,2026-06-12T17:16:24.343913,True,4,4,mock_images/MCH-P-000056_1be133.jpg,0.888,0.141,0.039,PASS,OP-003
MCH-P-000057,EV-4A3814EC33,2026-06-09T01:20:24.344165,True,5,5,mock_images/MCH-P-000057_6f303b.jpg,0.931,0.105,0.038,PASS,OP-001
MCH-P-000057,EV-880A49F9FF,2026-05-01T10:44:24.344346,True,7,7,mock_images/MCH-P-000057_0b44b1.jpg,0.962,0.031,0.084,PASS,OP-005
MCH-P-000057,EV-1C0A648916,2026-07-26T12:21:24.344437,True,5,5,mock_images/MCH-P-000057_3daaad.jpg,0.981,0.018,0.059,PASS,OP-002
MCH-P-000058,EV-E7511EC43B,2026-05-06T21:21:24.344598,True,7,7,mock_images/MCH-P-000058_92239c.jpg,1.0,0.2,0.029,PASS,OP-004
MCH-P-000058,EV-B8B2231A63,2026-06-07T21:39:24.344681,True,8,8,mock_images/MCH-P-000058_772332.jpg,1.0,0.084,0.0,PASS,OP-005
MCH-P-000058,EV-0B6F8B64CC,2026-07-07T12:08:24.344760,True,1,1,mock_images/MCH-P-000058_23186f.jpg,0.867,0.072,0.007,PASS,OP-009
MCH-P-000059,EV-C03990CFC4,2026-08-18T03:43:24.345575,True,8,8,mock_images/MCH-P-000059_edccf5.jpg,1.0,0.049,0.029,PASS,OP-004
MCH-P-000059,EV-BE8285BE17,2026-08-22T01:08:24.345827,True,4,4,mock_images/MCH-P-000059_066373.jpg,0.996,0.084,0.092,PASS,OP-002
MCH-P-000059,EV-5829BE668E,2026-05-20T07:11:24.345975,True,3,3,mock_images/MCH-P-000059_aaadaa.jpg,0.994,0.0,0.0,PASS,OP-007
MCH-P-000060,EV-97420D65BC,2026-07-24T23:51:24.346817,True,5,5,mock_images/MCH-P-000060_5553e4.jpg,0.891,0.082,0.057,PASS,OP-009
MCH-P-000060,EV-B3AC7AAA86,2026-06-10T19:20:24.347062,True,9,9,mock_images/MCH-P-000060_1a6440.jpg,0.966,0.044,0.077,PASS,OP-001
MCH-P-000060,EV-D84F713E3B,2026-04-12T05:43:24.347197,True,2,2,mock_images/MCH-P-000060_49ba4e.jpg,0.927,0.0,0.044,PASS,OP-009
MCH-P-000061,EV-DEFC589843,2026-04-22T07:45:24.347608,True,9,9,mock_images/MCH-P-000061_8d14d5.jpg,1.0,0.106,0.027,PASS,OP-010
MCH-P-000061,EV-A132EA4DED,2026-06-03T23:25:24.347779,True,7,7,mock_images/MCH-P-000061_a36e0d.jpg,0.838,0.076,0.037,PASS,OP-004
MCH-P-000061,EV-34E8743F06,2026-07-17T14:51:24.347922,True,9,9,mock_images/MCH-P-000061_bbe09b.jpg,0.994,0.064,0.006,PASS,OP-004
MCH-P-000062,EV-9C9956BB6A,2026-06-10T13:03:24.348473,True,7,7,mock_images/MCH-P-000062_52a22c.jpg,0.995,0.0,0.027,PASS,OP-007
MCH-P-000062,EV-41C4EB4FB4,2026-06-20T09:29:24.348895,True,3,2,mock_images/MCH-P-000062_a7e2c4.jpg,0.944,0.062,0.093,FAIL,OP-002
MCH-P-000062,EV-5FBB6670FA,2026-07-23T21:05:24.349139,True,6,6,mock_images/MCH-P-000062_d01e43.jpg,0.944,0.0,0.022,PASS,OP-004
MCH-P-000063,EV-3573B068C1,2026-06-05T16:41:24.349570,True,9,8,mock_images/MCH-P-000063_8b7daa.jpg,0.984,0.165,0.048,FAIL,OP-001
MCH-P-000063,EV-9065E0E7D5,2026-06-03T07:20:24.349778,True,5,5,mock_images/MCH-P-000063_97747a.jpg,0.965,0.049,0.072,PASS,OP-007
MCH-P-000063,EV-341DAE2FBC,2026-07-12T22:32:24.350061,True,3,3,mock_images/MCH-P-000063_70232a.jpg,0.888,0.102,0.0,PASS,OP-007
MCH-P-000064,EV-F7E6B64F2F,2026-04-10T23:24:24.350626,True,8,8,mock_images/MCH-P-000064_661a12.jpg,0.973,0.1,0.035,PASS,OP-002
MCH-P-000064,EV-B7F0C5605D,2026-05-31T02:06:24.350993,True,4,4,mock_images/MCH-P-000064_d3280e.jpg,0.967,0.1,0.062,PASS,OP-004
MCH-P-000064,EV-937E98D0A1,2026-04-16T18:34:24.351716,True,7,7,mock_images/MCH-P-000064_a37ddb.jpg,0.981,0.035,0.015,PASS,OP-009
MCH-P-000065,EV-3B84A41518,2026-07-25T12:06:24.352694,True,9,9,mock_images/MCH-P-000065_ebda11.jpg,0.995,0.044,0.063,PASS,OP-001
MCH-P-000065,EV-70ED5B579D,2026-06-04T21:33:24.353012,True,4,4,mock_images/MCH-P-000065_1ab127.jpg,0.903,0.117,0.031,PASS,OP-008
MCH-P-000065,EV-BA917997DA,2026-07-23T07:52:24.353275,True,7,7,mock_images/MCH-P-000065_95ab91.jpg,0.974,0.104,0.043,PASS,OP-006
MCH-P-000066,EV-007E094380,2026-06-08T11:58:24.353897,True,5,5,mock_images/MCH-P-000066_3be11d.jpg,0.931,0.092,0.015,PASS,OP-006
MCH-P-000066,EV-B25EFFDF2D,2026-07-10T11:25:24.354057,True,6,6,mock_images/MCH-P-000066_4f0005.jpg,0.904,0.043,0.083,PASS,OP-002
MCH-P-000066,EV-4A642BA2D0,2026-06-02T20:53:24.354148,True,4,4,mock_images/MCH-P-000066_9a80a5.jpg,1.0,0.116,0.079,PASS,OP-005
MCH-P-000067,EV-8FFF6937ED,2026-05-24T19:58:24.354638,True,7,7,mock_images/MCH-P-000067_dff205.jpg,0.969,0.0,0.035,PASS,OP-006
MCH-P-000067,EV-2E54173E0D,2026-07-31T05:09:24.355349,True,6,6,mock_images/MCH-P-000067_6a77d9.jpg,0.844,0.07,0.101,PASS,OP-003
MCH-P-000067,EV-1BD0152502,2026-04-07T15:05:24.355629,True,8,8,mock_images/MCH-P-000067_b30687.jpg,0.941,0.019,0.049,PASS,OP-006
MCH-P-000068,EV-08B7276CF7,2026-07-25T17:44:24.356233,True,1,1,mock_images/MCH-P-000068_c20d46.jpg,0.949,0.133,0.057,PASS,OP-008
MCH-P-000068,EV-C59A17BD5B,2026-04-10T05:57:24.356455,True,5,5,mock_images/MCH-P-000068_f63b24.jpg,0.981,0.081,0.083,PASS,OP-004
MCH-P-000068,EV-66D6BB9B72,2026-05-13T00:49:24.356730,True,7,7,mock_images/MCH-P-000068_9f080c.jpg,0.851,0.026,0.0,PASS,OP-005
MCH-P-000069,EV-3F46A8CC3A,2026-07-18T01:20:24.357409,True,6,6,mock_images/MCH-P-000069_eff59b.jpg,0.929,0.053,0.0,PASS,OP-005
MCH-P-000069,EV-4ABDCA49F9,2026-07-27T11:12:24.357605,True,5,5,mock_images/MCH-P-000069_4098d6.jpg,1.0,0.049,0.075,PASS,OP-009
MCH-P-000069,EV-463573186A,2026-04-28T20:02:24.357766,True,4,4,mock_images/MCH-P-000069_172920.jpg,0.904,0.07,0.066,PASS,OP-008
MCH-P-000070,EV-EC732F4069,2026-04-08T12:00:24.358853,True,2,2,mock_images/MCH-P-000070_215f79.jpg,0.945,0.076,0.065,PASS,OP-006
MCH-P-000070,EV-696EB843FD,2026-08-12T17:33:24.359287,True,2,2,mock_images/MCH-P-000070_3db9fd.jpg,1.0,0.083,0.037,PASS,OP-005
MCH-P-000070,EV-6A779F75D9,2026-05-03T02:57:24.359685,True,8,8,mock_images/MCH-P-000070_818539.jpg,0.88,0.076,0.056,PASS,OP-008
MCH-P-000071,EV-2AD65BF5A2,2026-05-31T00:42:24.360170,True,2,2,mock_images/MCH-P-000071_833275.jpg,1.0,0.095,0.053,PASS,OP-002
MCH-P-000071,EV-F16EFF336D,2026-08-20T19:01:24.360399,True,7,7,mock_images/MCH-P-000071_0a2339.jpg,0.978,0.054,0.052,PASS,OP-008
MCH-P-000071,EV-462868FA9B,2026-06-13T05:27:24.360769,True,2,2,mock_images/MCH-P-000071_d96c04.jpg,0.962,0.051,0.0,PASS,OP-002
MCH-P-000072,EV-7E75F879FD,2026-04-19T02:37:24.361435,False,6,6,mock_images/MCH-P-000072_57bc3e.jpg,1.0,0.0,0.039,FAIL,OP-009
MCH-P-000072,EV-95311482AC,2026-07-17T02:17:24.361804,True,5,5,mock_images/MCH-P-000072_dcae0d.jpg,0.994,0.056,0.04,PASS,OP-007
MCH-P-000072,EV-7DD1B9DB22,2026-06-08T11:32:24.362497,True,5,5,mock_images/MCH-P-000072_8a8e2d.jpg,0.875,0.03,0.0,PASS,OP-008
MCH-P-000073,EV-0C841684F0,2026-07-05T04:36:24.363144,True,3,2,mock_images/MCH-P-000073_2427c9.jpg,0.962,0.033,0.07,FAIL,OP-003
MCH-P-000073,EV-347EF6C63B,2026-06-12T20:49:24.363515,True,9,9,mock_images/MCH-P-000073_e93694.jpg,0.919,0.0,0.026,PASS,OP-006
MCH-P-000073,EV-702FBBCFB3,2026-04-30T19:18:24.364098,True,8,8,mock_images/MCH-P-000073_455c3f.jpg,0.922,0.045,0.0,PASS,OP-005
MCH-P-000074,EV-DDF254A976,2026-05-23T08:07:24.364738,False,5,5,mock_images/MCH-P-000074_4f536e.jpg,0.883,0.177,0.068,FAIL,OP-005
MCH-P-000074,EV-15000802B8,2026-04-13T20:43:24.364941,True,4,4,mock_images/MCH-P-000074_8d8cff.jpg,0.943,0.053,0.039,PASS,OP-009
MCH-P-000074,EV-9538D4B7ED,2026-05-04T21:31:24.365134,True,3,3,mock_images/MCH-P-000074_ca6a95.jpg,0.906,0.104,0.089,PASS,OP-002
MCH-P-000075,EV-74B7FF8C9C,2026-05-24T07:28:24.365541,True,7,7,mock_images/MCH-P-000075_df7303.jpg,0.956,0.098,0.029,PASS,OP-006
MCH-P-000075,EV-05F240F834,2026-05-29T18:36:24.365744,True,5,5,mock_images/MCH-P-000075_10e1b5.jpg,0.91,0.075,0.069,PASS,OP-003
MCH-P-000075,EV-F9B7A6078A,2026-06-09T14:42:24.365878,True,5,5,mock_images/MCH-P-000075_1d0d10.jpg,0.941,0.0,0.023,PASS,OP-005
MCH-P-000076,EV-35882838F0,2026-05-12T11:39:24.366179,True,4,4,mock_images/MCH-P-000076_e1ff77.jpg,1.0,0.041,0.0,PASS,OP-001
MCH-P-000076,EV-A563CD87B2,2026-05-27T21:01:24.366298,True,6,6,mock_images/MCH-P-000076_0ed277.jpg,0.924,0.008,0.055,PASS,OP-010
MCH-P-000076,EV-251F42D8A7,2026-04-09T12:20:24.366419,True,4,4,mock_images/MCH-P-000076_08fa5d.jpg,0.945,0.076,0.0,PASS,OP-002
MCH-P-000077,EV-6B829465D4,2026-06-25T15:57:24.366703,True,1,1,mock_images/MCH-P-000077_764381.jpg,1.0,0.093,0.0,PASS,OP-002
MCH-P-000077,EV-77554868D7,2026-05-23T11:57:24.366844,False,2,2,mock_images/MCH-P-000077_787fd1.jpg,0.891,0.003,0.012,FAIL,OP-008
MCH-P-000077,EV-1B04DD1349,2026-04-22T08:34:24.366964,True,3,3,mock_images/MCH-P-000077_6bedb9.jpg,0.887,0.096,0.057,PASS,OP-003
MCH-P-000078,EV-17940B1EBC,2026-04-13T05:03:24.367247,True,6,6,mock_images/MCH-P-000078_dfb325.jpg,0.9,0.106,0.126,PASS,OP-006
MCH-P-000078,EV-DC919DD978,2026-08-15T13:08:24.367392,True,7,7,mock_images/MCH-P-000078_02e3e6.jpg,0.943,0.094,0.0,PASS,OP-008
MCH-P-000078,EV-1F9F1D3625,2026-04-18T18:34:24.367524,True,3,3,mock_images/MCH-P-000078_dd0d88.jpg,0.93,0.044,0.035,PASS,OP-004
MCH-P-000079,EV-85DF91352B,2026-07-21T05:49:24.367828,False,3,3,mock_images/MCH-P-000079_774f08.jpg,0.939,0.069,0.019,FAIL,OP-007
MCH-P-000079,EV-9B9D79523F,2026-06-17T23:45:24.367966,True,3,3,mock_images/MCH-P-000079_32b9fc.jpg,0.874,0.088,0.077,PASS,OP-005
MCH-P-000079,EV-4325FC8EB5,2026-06-30T18:40:24.368463,True,6,6,mock_images/MCH-P-000079_3e02a6.jpg,0.934,0.121,0.098,PASS,OP-009
MCH-P-000080,EV-DE14DC65BD,2026-05-26T20:43:24.368919,True,2,2,mock_images/MCH-P-000080_29b4d9.jpg,0.969,0.0,0.087,PASS,OP-004
MCH-P-000080,EV-7502272DB7,2026-05-13T00:07:24.369139,True,7,7,mock_images/MCH-P-000080_adc302.jpg,0.872,0.0,0.034,PASS,OP-003
MCH-P-000080,EV-F66DE05F9D,2026-08-04T13:15:24.369273,True,8,7,mock_images/MCH-P-000080_f86007.jpg,0.912,0.0,0.011,FAIL,OP-003
MCH-P-000081,EV-AB99B70416,2026-06-08T04:54:24.370001,True,5,5,mock_images/MCH-P-000081_d25d85.jpg,0.94,0.068,0.006,PASS,OP-002
MCH-P-000081,EV-0C92F65EA3,2026-07-02T19:04:24.370234,True,1,1,mock_images/MCH-P-000081_e1cc77.jpg,0.975,0.072,0.074,PASS,OP-002
MCH-P-000081,EV-763B292A5C,2026-07-05T15:57:24.370889,True,1,1,mock_images/MCH-P-000081_584459.jpg,0.951,0.116,0.035,PASS,OP-005
MCH-P-000082,EV-E5173B964B,2026-05-02T04:38:24.371580,True,7,7,mock_images/MCH-P-000082_be185e.jpg,0.88,0.152,0.12,PASS,OP-001
MCH-P-000082,EV-3117434E52,2026-06-27T13:08:24.372359,True,7,7,mock_images/MCH-P-000082_b87836.jpg,0.875,0.108,0.109,PASS,OP-010
MCH-P-000082,EV-7F15FE934F,2026-04-14T11:39:24.372550,True,9,9,mock_images/MCH-P-000082_35b969.jpg,1.0,0.102,0.085,PASS,OP-010
MCH-P-000083,EV-CE0D57F4BC,2026-04-29T10:14:24.373221,True,9,9,mock_images/MCH-P-000083_751054.jpg,1.0,0.072,0.023,PASS,OP-004
MCH-P-000083,EV-BD28E8E637,2026-05-11T04:16:24.373415,True,5,5,mock_images/MCH-P-000083_29cec1.jpg,0.876,0.101,0.0,PASS,OP-003
MCH-P-000083,EV-76A596C39E,2026-05-13T11:52:24.373579,True,8,8,mock_images/MCH-P-000083_258019.jpg,1.0,0.092,0.058,PASS,OP-009
MCH-P-000084,EV-058CDB1FC8,2026-05-27T22:23:24.373989,True,4,4,mock_images/MCH-P-000084_af9588.jpg,0.963,0.131,0.07,PASS,OP-001
MCH-P-000084,EV-0454E8EE4D,2026-05-24T18:32:24.374494,True,8,8,mock_images/MCH-P-000084_296d47.jpg,0.951,0.021,0.051,PASS,OP-005
MCH-P-000084,EV-3C1DB86E92,2026-05-06T04:45:24.374834,True,9,9,mock_images/MCH-P-000084_5eb4a8.jpg,0.993,0.0,0.044,PASS,OP-008
MCH-P-000085,EV-84BD941069,2026-07-24T01:23:24.375409,True,1,1,mock_images/MCH-P-000085_1875d0.jpg,1.0,0.023,0.0,PASS,OP-004
MCH-P-000085,EV-FD4C6C89CC,2026-06-21T10:06:24.375939,True,7,7,mock_images/MCH-P-000085_e80a85.jpg,0.952,0.125,0.055,PASS,OP-010
MCH-P-000085,EV-F3F8BA9BA3,2026-08-10T14:42:24.376259,True,4,4,mock_images/MCH-P-000085_88922c.jpg,0.92,0.067,0.015,PASS,OP-009
MCH-P-000086,EV-FBEE8983E5,2026-08-13T19:26:24.377202,True,3,3,mock_images/MCH-P-000086_b3b006.jpg,0.942,0.0,0.0,PASS,OP-006
MCH-P-000086,EV-CC0E39AF9F,2026-08-07T10:53:24.377589,True,5,5,mock_images/MCH-P-000086_b70020.jpg,0.957,0.062,0.023,PASS,OP-008
MCH-P-000086,EV-18F08025EA,2026-06-20T21:21:24.377816,True,3,3,mock_images/MCH-P-000086_40808a.jpg,0.921,0.066,0.001,PASS,OP-010
MCH-P-000087,EV-CE8B500054,2026-08-22T15:28:24.378211,True,9,9,mock_images/MCH-P-000087_a2ee6e.jpg,0.867,0.086,0.018,PASS,OP-007
MCH-P-000087,EV-80C95075E4,2026-08-19T00:11:24.378429,True,8,8,mock_images/MCH-P-000087_788e76.jpg,1.0,0.093,0.084,PASS,OP-004
MCH-P-000087,EV-677C007F3A,2026-07-31T05:12:24.378726,True,6,6,mock_images/MCH-P-000087_b91252.jpg,0.849,0.113,0.013,PASS,OP-003
MCH-P-000088,EV-44FABD5AF6,2026-05-01T06:32:24.379493,True,3,3,mock_images/MCH-P-000088_24668c.jpg,0.9,0.128,0.078,PASS,OP-002
MCH-P-000088,EV-61777E372F,2026-04-12T09:06:24.379836,True,9,9,mock_images/MCH-P-000088_61dd69.jpg,1.0,0.11,0.101,PASS,OP-002
MCH-P-000088,EV-67F85EA59E,2026-05-15T06:39:24.380106,True,1,1,mock_images/MCH-P-000088_5080a7.jpg,0.865,0.027,0.118,PASS,OP-004
MCH-P-000089,EV-EDB217F702,2026-05-25T08:18:24.380683,True,2,2,mock_images/MCH-P-000089_1dd480.jpg,0.928,0.021,0.115,PASS,OP-009
MCH-P-000089,EV-5417AFA949,2026-07-22T20:26:24.380915,True,1,1,mock_images/MCH-P-000089_559105.jpg,0.973,0.065,0.053,PASS,OP-001
MCH-P-000089,EV-27B442D877,2026-04-27T03:18:24.381119,True,5,5,mock_images/MCH-P-000089_7bbb80.jpg,0.962,0.067,0.007,PASS,OP-007
MCH-P-000090,EV-39ECA68F4B,2026-04-22T00:35:24.381807,True,3,3,mock_images/MCH-P-000090_a15f96.jpg,0.971,0.0,0.034,PASS,OP-003
MCH-P-000090,EV-F505B58757,2026-07-31T23:43:24.382184,True,2,2,mock_images/MCH-P-000090_404484.jpg,0.874,0.076,0.0,PASS,OP-002
MCH-P-000090,EV-67C7F9FF5A,2026-05-12T10:19:24.382534,True,3,3,mock_images/MCH-P-000090_c748cd.jpg,1.0,0.15,0.014,PASS,OP-004
MCH-P-000091,EV-1D62FBA5AE,2026-07-28T19:39:24.383250,True,5,5,mock_images/MCH-P-000091_b8c0bc.jpg,0.93,0.147,0.0,PASS,OP-005
MCH-P-000091,EV-E03CFE7D73,2026-07-17T10:53:24.383414,True,2,2,mock_images/MCH-P-000091_9fd7a6.jpg,0.915,0.0,0.062,PASS,OP-005
MCH-P-000091,EV-91E2B1E6D1,2026-06-11T23:18:24.383517,False,8,7,mock_images/MCH-P-000091_5fdad7.jpg,0.92,0.126,0.074,FAIL,OP-006
MCH-P-000092,EV-0707836CD8,2026-04-11T16:09:24.384022,True,2,2,mock_images/MCH-P-000092_5483bc.jpg,0.993,0.115,0.091,PASS,OP-010
MCH-P-000092,EV-4FCE255E67,2026-06-24T21:41:24.384184,True,9,9,mock_images/MCH-P-000092_c65795.jpg,0.898,0.133,0.079,PASS,OP-001
MCH-P-000092,EV-E725AC9B80,2026-04-30T17:08:24.384304,True,2,2,mock_images/MCH-P-000092_a41d8e.jpg,0.897,0.028,0.054,PASS,OP-007
MCH-P-000093,EV-1B621C76BA,2026-07-15T09:00:24.384594,True,6,6,mock_images/MCH-P-000093_c9cd8e.jpg,0.971,0.032,0.036,PASS,OP-001
MCH-P-000093,EV-43B3C5344D,2026-05-31T14:53:24.384803,True,8,8,mock_images/MCH-P-000093_55b637.jpg,0.948,0.07,0.04,PASS,OP-004
MCH-P-000093,EV-BE37DDEB43,2026-08-09T20:29:24.384993,True,3,3,mock_images/MCH-P-000093_60af64.jpg,0.982,0.007,0.04,PASS,OP-010
MCH-P-000094,EV-71D74739C8,2026-05-06T13:09:24.385441,True,7,7,mock_images/MCH-P-000094_8ed63d.jpg,1.0,0.088,0.047,PASS,OP-010
MCH-P-000094,EV-C4EF6BE506,2026-07-17T19:17:24.385590,True,9,9,mock_images/MCH-P-000094_f67243.jpg,0.878,0.026,0.049,PASS,OP-005
MCH-P-000094,EV-C293A7E0BA,2026-08-07T14:01:24.385741,True,9,9,mock_images/MCH-P-000094_d008ba.jpg,0.965,0.136,0.0,PASS,OP-009
MCH-P-000095,EV-E6C6DDF82C,2026-05-06T15:27:24.386027,True,6,6,mock_images/MCH-P-000095_1ce8b8.jpg,0.897,0.07,0.124,PASS,OP-003
MCH-P-000095,EV-002FEB1308,2026-04-13T02:58:24.386163,True,8,8,mock_images/MCH-P-000095_987b26.jpg,0.964,0.098,0.046,PASS,OP-004
MCH-P-000095,EV-BEB2EA2BBC,2026-04-23T01:56:24.386282,True,2,2,mock_images/MCH-P-000095_864ce8.jpg,0.899,0.029,0.0,PASS,OP-002
MCH-P-000096,EV-ACD05D41C9,2026-06-28T09:54:24.386568,True,5,5,mock_images/MCH-P-000096_01b14c.jpg,0.992,0.014,0.064,PASS,OP-008
MCH-P-000096,EV-4EAC841848,2026-06-11T11:34:24.386688,True,4,4,mock_images/MCH-P-000096_00cf35.jpg,0.969,0.0,0.024,PASS,OP-008
MCH-P-000096,EV-93A1661D66,2026-05-30T16:29:24.386809,True,7,7,mock_images/MCH-P-000096_197136.jpg,0.963,0.019,0.076,PASS,OP-001
MCH-P-000097,EV-0CFFE3A427,2026-07-14T02:05:24.387036,True,7,7,mock_images/MCH-P-000097_674a38.jpg,0.959,0.024,0.06,PASS,OP-006
MCH-P-000097,EV-C44C757F34,2026-05-08T08:08:24.387181,True,5,5,mock_images/MCH-P-000097_15868b.jpg,0.973,0.09,0.065,PASS,OP-003
MCH-P-000097,EV-4C00A18FD9,2026-08-01T01:16:24.387611,True,6,6,mock_images/MCH-P-000097_849c37.jpg,1.0,0.101,0.044,PASS,OP-005
MCH-P-000098,EV-3BD6E20241,2026-08-16T04:19:24.388079,True,1,1,mock_images/MCH-P-000098_bcec9a.jpg,0.935,0.0,0.042,PASS,OP-002
MCH-P-000098,EV-0C781AE725,2026-05-19T01:50:24.388512,True,7,7,mock_images/MCH-P-000098_d60ab0.jpg,0.899,0.037,0.018,PASS,OP-008
MCH-P-000098,EV-10700E5CFD,2026-04-23T11:43:24.388991,True,9,9,mock_images/MCH-P-000098_d571d1.jpg,1.0,0.107,0.102,PASS,OP-009
MCH-P-000099,EV-C7CF2EB0AC,2026-06-14T19:18:24.389695,True,7,7,mock_images/MCH-P-000099_0d7a4e.jpg,0.9,0.045,0.059,PASS,OP-004
MCH-P-000099,EV-46E0445A74,2026-07-12T08:51:24.389886,True,3,3,mock_images/MCH-P-000099_32c0d0.jpg,0.931,0.04,0.018,PASS,OP-002
MCH-P-000099,EV-783A1CB473,2026-07-26T13:45:24.390056,True,9,9,mock_images/MCH-P-000099_5ca421.jpg,1.0,0.119,0.111,PASS,OP-005
MCH-P-000100,EV-4CBF361909,2026-04-17T06:19:24.390406,True,6,6,mock_images/MCH-P-000100_24949e.jpg,0.971,0.074,0.086,PASS,OP-006
MCH-P-000100,EV-0D2BA1FFA9,2026-07-17T14:58:24.390558,True,6,6,mock_images/MCH-P-000100_bfc786.jpg,0.905,0.031,0.066,PASS,OP-001
MCH-P-000100,EV-1BDEFDB378,2026-05-28T08:16:24.390694,True,8,8,mock_images/MCH-P-000100_15ca72.jpg,0.985,0.05,0.014,PASS,OP-006
MCH-P-000101,EV-6B79A499A4,2026-06-27T17:55:24.391168,False,3,3,mock_images/MCH-P-000101_b402e0.jpg,0.92,0.071,0.071,FAIL,OP-003
MCH-P-000101,EV-D92BC70788,2026-07-31T18:25:24.391340,True,9,9,mock_images/MCH-P-000101_31f411.jpg,0.967,0.076,0.042,PASS,OP-007
MCH-P-000101,EV-150C9E31AA,2026-08-14T05:24:24.391460,True,9,9,mock_images/MCH-P-000101_bb7133.jpg,0.859,0.144,0.115,PASS,OP-003
MCH-P-000102,EV-F5C6C9C469,2026-06-18T14:03:24.391767,True,9,9,mock_images/MCH-P-000102_962abd.jpg,1.0,0.086,0.084,PASS,OP-008
MCH-P-000102,EV-E1EDB91AC9,2026-06-02T06:06:24.392107,True,7,7,mock_images/MCH-P-000102_f594ee.jpg,0.969,0.053,0.035,PASS,OP-010
MCH-P-000102,EV-34576E89E3,2026-08-02T05:43:24.392232,True,7,7,mock_images/MCH-P-000102_637548.jpg,1.0,0.077,0.045,PASS,OP-002
MCH-P-000103,EV-B253B9AA30,2026-05-24T15:33:24.393559,True,4,4,mock_images/MCH-P-000103_1503a8.jpg,0.914,0.015,0.036,PASS,OP-004
MCH-P-000103,EV-0D134BA199,2026-04-11T10:28:24.393987,False,7,7,mock_images/MCH-P-000103_abcab1.jpg,1.0,0.089,0.038,FAIL,OP-003
MCH-P-000103,EV-45E908B169,2026-07-03T12:07:24.394228,True,5,4,mock_images/MCH-P-000103_4de435.jpg,0.944,0.021,0.046,FAIL,OP-007
MCH-P-000104,EV-DADD704067,2026-07-04T20:34:24.394751,True,2,2,mock_images/MCH-P-000104_660354.jpg,0.91,0.0,0.011,PASS,OP-005
MCH-P-000104,EV-F2FA244CFA,2026-07-26T16:13:24.394946,False,6,6,mock_images/MCH-P-000104_00b2d0.jpg,0.995,0.056,0.0,FAIL,OP-010
MCH-P-000104,EV-93279B9910,2026-05-28T22:47:24.395085,False,1,1,mock_images/MCH-P-000104_81630e.jpg,0.897,0.041,0.158,FAIL,OP-002
MCH-P-000105,EV-AF62BFB172,2026-04-19T21:40:24.395434,True,3,3,mock_images/MCH-P-000105_293d5c.jpg,0.945,0.052,0.108,PASS,OP-009
MCH-P-000105,EV-2A0C531ED1,2026-07-30T07:23:24.395581,True,6,6,mock_images/MCH-P-000105_1d213f.jpg,1.0,0.072,0.07,PASS,OP-005
MCH-P-000105,EV-FEE4817A7E,2026-07-15T01:53:24.395720,True,1,1,mock_images/MCH-P-000105_48789e.jpg,0.971,0.0,0.037,PASS,OP-004
MCH-P-000106,EV-C674ACE539,2026-05-24T10:10:24.396066,True,7,7,mock_images/MCH-P-000106_146e77.jpg,0.933,0.0,0.0,PASS,OP-005
MCH-P-000106,EV-6F407AB400,2026-04-21T15:33:24.396227,True,9,9,mock_images/MCH-P-000106_0451b0.jpg,0.922,0.001,0.093,PASS,OP-007
MCH-P-000106,EV-F5479D3407,2026-05-16T19:26:24.396362,True,1,1,mock_images/MCH-P-000106_9d052a.jpg,0.915,0.0,0.04,PASS,OP-004
MCH-P-000107,EV-A929F4C5D0,2026-04-10T15:44:24.396729,True,4,4,mock_images/MCH-P-000107_320885.jpg,1.0,0.164,0.034,PASS,OP-005
MCH-P-000107,EV-FB69CC0CF0,2026-08-02T21:44:24.396886,True,1,1,mock_images/MCH-P-000107_183d19.jpg,1.0,0.046,0.022,PASS,OP-007
MCH-P-000107,EV-2DEC637F28,2026-08-05T14:40:24.397023,True,2,2,mock_images/MCH-P-000107_966242.jpg,0.888,0.12,0.029,PASS,OP-008
MCH-P-000108,EV-D00117FA20,2026-07-27T07:17:24.397474,True,5,4,mock_images/MCH-P-000108_9dfc0e.jpg,0.97,0.039,0.0,FAIL,OP-004
MCH-P-000108,EV-0DDDCA13D2,2026-08-12T12:46:24.397735,True,4,4,mock_images/MCH-P-000108_ef10b6.jpg,1.0,0.119,0.098,PASS,OP-002
MCH-P-000108,EV-F024379913,2026-06-29T02:34:24.397914,True,2,2,mock_images/MCH-P-000108_959c92.jpg,1.0,0.079,0.075,PASS,OP-001
MCH-P-000109,EV-C35017DB35,2026-07-06T08:01:24.398264,True,8,8,mock_images/MCH-P-000109_eaba76.jpg,0.919,0.018,0.047,PASS,OP-002
MCH-P-000109,EV-8D8D48BA75,2026-08-16T12:48:24.398412,True,2,2,mock_images/MCH-P-000109_17770a.jpg,0.993,0.118,0.033,PASS,OP-006
MCH-P-000109,EV-695F20E3CE,2026-06-19T01:50:24.398542,True,3,3,mock_images/MCH-P-000109_8ca468.jpg,0.898,0.154,0.062,PASS,OP-009
MCH-P-000110,EV-793473A70E,2026-06-02T08:14:24.398871,True,7,7,mock_images/MCH-P-000110_e84f7e.jpg,0.964,0.003,0.02,PASS,OP-005
MCH-P-000110,EV-50DC5BE73A,2026-08-19T07:29:24.399020,True,1,1,mock_images/MCH-P-000110_554d7c.jpg,0.935,0.0,0.082,PASS,OP-004
MCH-P-000110,EV-227D4EFF99,2026-06-24T09:03:24.399146,True,9,9,mock_images/MCH-P-000110_930ee3.jpg,0.926,0.049,0.013,PASS,OP-009
MCH-P-000111,EV-2D47179F6D,2026-06-19T09:56:24.399442,True,2,2,mock_images/MCH-P-000111_d94fdf.jpg,0.896,0.138,0.013,PASS,OP-005
MCH-P-000111,EV-B1CD80C91A,2026-06-18T06:58:24.399601,True,2,2,mock_images/MCH-P-000111_f85ca1.jpg,0.892,0.0,0.062,PASS,OP-007
MCH-P-000111,EV-08C75085A9,2026-04-13T04:32:24.399768,True,4,4,mock_images/MCH-P-000111_cbd77c.jpg,1.0,0.045,0.043,PASS,OP-004
MCH-P-000112,EV-BC186A02C2,2026-06-22T21:47:24.400122,True,3,3,mock_images/MCH-P-000112_24b933.jpg,0.972,0.0,0.095,PASS,OP-007
MCH-P-000112,EV-12DD430B3F,2026-04-22T18:34:24.400304,True,1,1,mock_images/MCH-P-000112_f9747f.jpg,0.958,0.0,0.0,PASS,OP-003
MCH-P-000112,EV-0E3A671FFB,2026-04-09T22:52:24.400435,True,5,5,mock_images/MCH-P-000112_52a598.jpg,0.936,0.0,0.055,PASS,OP-006
MCH-P-000113,EV-B194DA558C,2026-04-21T23:58:24.400836,True,1,1,mock_images/MCH-P-000113_1b5f0e.jpg,0.998,0.08,0.0,PASS,OP-006
MCH-P-000113,EV-EE52660677,2026-08-12T16:17:24.401046,True,9,9,mock_images/MCH-P-000113_c4237f.jpg,0.968,0.057,0.076,PASS,OP-006
MCH-P-000113,EV-B031ED4B88,2026-05-14T05:25:24.401264,True,5,5,mock_images/MCH-P-000113_4929d4.jpg,0.945,0.079,0.031,PASS,OP-010
MCH-P-000114,EV-E8C3E36859,2026-07-09T14:26:24.401807,True,3,3,mock_images/MCH-P-000114_9d1391.jpg,0.855,0.095,0.055,PASS,OP-001
MCH-P-000114,EV-269E9B82E8,2026-08-04T22:44:24.402025,False,5,5,mock_images/MCH-P-000114_81e5c1.jpg,0.979,0.161,0.144,FAIL,OP-010
MCH-P-000114,EV-FF7E86AB87,2026-08-02T17:30:24.402211,True,5,5,mock_images/MCH-P-000114_6cf0c6.jpg,1.0,0.113,0.078,PASS,OP-008
MCH-P-000115,EV-8FA4E1F960,2026-04-14T18:57:24.402676,True,1,1,mock_images/MCH-P-000115_cab7ef.jpg,0.916,0.033,0.041,PASS,OP-008
MCH-P-000115,EV-DC3D064F18,2026-06-27T20:56:24.402858,True,7,7,mock_images/MCH-P-000115_701a1b.jpg,1.0,0.036,0.088,PASS,OP-006
MCH-P-000115,EV-B5C5A6ACB6,2026-05-02T01:52:24.403040,True,3,3,mock_images/MCH-P-000115_2c0124.jpg,0.946,0.034,0.1,PASS,OP-006
MCH-P-000116,EV-15B3BB6E26,2026-05-30T21:47:24.403432,True,7,7,mock_images/MCH-P-000116_27b99f.jpg,0.965,0.13,0.032,PASS,OP-003
MCH-P-000116,EV-3645A04B17,2026-07-20T05:29:24.403578,True,3,3,mock_images/MCH-P-000116_f2f4f9.jpg,0.819,0.004,0.07,PASS,OP-004
MCH-P-000116,EV-5AEBA6CF8F,2026-07-15T00:27:24.403707,True,2,2,mock_images/MCH-P-000116_1c7899.jpg,0.934,0.0,0.065,PASS,OP-006
MCH-P-000117,EV-EECE36C0A8,2026-08-09T17:40:24.404075,True,9,9,mock_images/MCH-P-000117_f6b84e.jpg,0.962,0.068,0.057,PASS,OP-005
MCH-P-000117,EV-DD2DCAFBB6,2026-08-23T10:00:24.404298,True,4,3,mock_images/MCH-P-000117_2dea27.jpg,0.926,0.072,0.038,FAIL,OP-005
MCH-P-000117,EV-B6B4DE5708,2026-08-23T03:11:24.404439,True,9,9,mock_images/MCH-P-000117_e9fb94.jpg,1.0,0.104,0.069,PASS,OP-010
MCH-P-000118,EV-CCD9A830CF,2026-07-03T11:57:24.404745,True,2,2,mock_images/MCH-P-000118_5975c0.jpg,0.972,0.0,0.122,PASS,OP-001
MCH-P-000118,EV-5AA359B4E3,2026-08-06T22:06:24.404894,True,8,8,mock_images/MCH-P-000118_83bae2.jpg,0.985,0.072,0.024,PASS,OP-003
MCH-P-000118,EV-8A2B134E28,2026-06-05T10:08:24.405022,True,5,5,mock_images/MCH-P-000118_6a5856.jpg,0.949,0.0,0.0,PASS,OP-004
MCH-P-000119,EV-43A97AC028,2026-04-20T00:22:24.405311,True,6,6,mock_images/MCH-P-000119_f16fe2.jpg,0.902,0.055,0.045,PASS,OP-009
MCH-P-000119,EV-0C44995FB8,2026-06-27T18:14:24.405452,True,8,8,mock_images/MCH-P-000119_dba4ac.jpg,0.897,0.01,0.036,PASS,OP-010
MCH-P-000119,EV-B83BA47E56,2026-05-10T07:43:24.405585,True,3,3,mock_images/MCH-P-000119_91bd94.jpg,1.0,0.118,0.097,PASS,OP-002
MCH-P-000120,EV-3AA933BA8F,2026-06-21T12:28:24.405906,True,2,2,mock_images/MCH-P-000120_317d87.jpg,0.914,0.132,0.0,PASS,OP-008
MCH-P-000120,EV-E1C27B3513,2026-08-12T19:41:24.406349,True,5,5,mock_images/MCH-P-000120_c3a87f.jpg,0.972,0.08,0.081,PASS,OP-002
MCH-P-000120,EV-B6BB367CC8,2026-08-14T02:51:24.406489,True,1,1,mock_images/MCH-P-000120_9a6cfa.jpg,1.0,0.137,0.047,PASS,OP-001
MCH-P-000121,EV-85FD6A646A,2026-07-15T21:15:24.406810,True,9,9,mock_images/MCH-P-000121_01b02a.jpg,1.0,0.012,0.117,PASS,OP-004
MCH-P-000121,EV-F2FC03E59F,2026-08-03T07:51:24.406954,True,9,9,mock_images/MCH-P-000121_57a4ac.jpg,0.959,0.125,0.07,PASS,OP-008
MCH-P-000121,EV-F25E9F46FA,2026-08-08T22:02:24.407079,True,8,8,mock_images/MCH-P-000121_73a993.jpg,0.961,0.104,0.041,PASS,OP-005
MCH-P-000122,EV-6A20B48675,2026-04-19T17:16:24.407350,True,6,6,mock_images/MCH-P-000122_e86081.jpg,1.0,0.097,0.104,PASS,OP-001
MCH-P-000122,EV-518B11142F,2026-08-09T02:42:24.407484,True,2,2,mock_images/MCH-P-000122_f6a62d.jpg,0.958,0.109,0.063,PASS,OP-002
MCH-P-000122,EV-C46DE0B223,2026-06-09T22:00:24.407597,True,8,8,mock_images/MCH-P-000122_9f6830.jpg,0.945,0.107,0.115,PASS,OP-010
MCH-P-000123,EV-2A0CBA0BB4,2026-06-03T07:13:24.408439,True,8,8,mock_images/MCH-P-000123_abf2fc.jpg,0.96,0.107,0.103,PASS,OP-002
MCH-P-000123,EV-A8A1F49A0A,2026-06-18T21:31:24.408658,True,8,8,mock_images/MCH-P-000123_9322cb.jpg,0.952,0.144,0.084,PASS,OP-003
MCH-P-000123,EV-FC7C038841,2026-08-05T21:50:24.408800,True,5,4,mock_images/MCH-P-000123_272512.jpg,0.931,0.0,0.099,FAIL,OP-003
MCH-P-000124,EV-2D76F02ECE,2026-04-10T17:10:24.409159,True,7,7,mock_images/MCH-P-000124_aca352.jpg,0.909,0.034,0.035,PASS,OP-009
MCH-P-000124,EV-42692691EE,2026-06-22T20:15:24.409318,True,5,5,mock_images/MCH-P-000124_ed56c6.jpg,0.979,0.004,0.055,PASS,OP-009
MCH-P-000124,EV-CC6029E166,2026-08-15T23:31:24.409456,True,6,6,mock_images/MCH-P-000124_ab45b6.jpg,0.952,0.044,0.01,PASS,OP-001
MCH-P-000125,EV-2FF9EBBF5D,2026-07-29T14:48:24.409753,True,1,1,mock_images/MCH-P-000125_f946d4.jpg,0.938,0.043,0.0,PASS,OP-008
MCH-P-000125,EV-B764CCB04B,2026-06-28T13:48:24.409888,True,3,3,mock_images/MCH-P-000125_d17339.jpg,1.0,0.154,0.019,PASS,OP-006
MCH-P-000125,EV-32B3CD511F,2026-06-14T12:19:24.410014,True,6,5,mock_images/MCH-P-000125_c99b23.jpg,0.928,0.106,0.039,FAIL,OP-003
MCH-P-000126,EV-DBCA12D7AA,2026-06-29T20:46:24.410291,True,7,7,mock_images/MCH-P-000126_e83ce8.jpg,1.0,0.009,0.0,PASS,OP-010
MCH-P-000126,EV-390D3AD9C5,2026-05-17T11:20:24.410433,True,6,6,mock_images/MCH-P-000126_8f478a.jpg,1.0,0.133,0.099,PASS,OP-009
MCH-P-000126,EV-1DDF788C4B,2026-07-24T10:25:24.410580,True,6,6,mock_images/MCH-P-000126_da42e5.jpg,0.802,0.082,0.078,PASS,OP-008
MCH-P-000127,EV-411672273E,2026-07-29T02:39:24.410856,True,6,6,mock_images/MCH-P-000127_d29208.jpg,0.947,0.15,0.061,PASS,OP-007
MCH-P-000127,EV-0E6BC3A9AB,2026-06-27T09:02:24.410993,True,6,6,mock_images/MCH-P-000127_9bd849.jpg,0.985,0.073,0.0,PASS,OP-006
MCH-P-000127,EV-399015652F,2026-06-05T19:18:24.411120,True,4,4,mock_images/MCH-P-000127_02913c.jpg,0.941,0.067,0.013,PASS,OP-008
MCH-P-000128,EV-26425BACB2,2026-07-20T11:27:24.411415,False,9,9,mock_images/MCH-P-000128_df4b2e.jpg,0.904,0.12,0.08,FAIL,OP-004
MCH-P-000128,EV-98DDB738E0,2026-06-05T06:45:24.411562,True,4,4,mock_images/MCH-P-000128_5c8242.jpg,1.0,0.0,0.097,PASS,OP-007
MCH-P-000128,EV-8E01DAA8A7,2026-05-08T10:13:24.411694,True,8,8,mock_images/MCH-P-000128_6a0de5.jpg,0.913,0.039,0.0,PASS,OP-006
MCH-P-000129,EV-8E8B8EEFFB,2026-04-19T17:31:24.412346,True,2,2,mock_images/MCH-P-000129_9a1a30.jpg,0.95,0.179,0.027,PASS,OP-004
MCH-P-000129,EV-FD56870AB9,2026-04-16T22:23:24.412637,True,4,4,mock_images/MCH-P-000129_d9f0e4.jpg,0.996,0.0,0.066,PASS,OP-001
MCH-P-000129,EV-681152C932,2026-07-17T06:11:24.412836,True,2,2,mock_images/MCH-P-000129_1c3c5e.jpg,0.881,0.121,0.024,PASS,OP-009
MCH-P-000130,EV-A098B8CD9B,2026-08-13T05:21:24.413279,True,1,1,mock_images/MCH-P-000130_291d04.jpg,0.919,0.034,0.028,PASS,OP-007
MCH-P-000130,EV-3C6C80732C,2026-06-29T20:26:24.413476,True,5,5,mock_images/MCH-P-000130_0c08e4.jpg,0.943,0.062,0.033,PASS,OP-001
MCH-P-000130,EV-31C9FCAD40,2026-05-20T11:08:24.413627,True,3,3,mock_images/MCH-P-000130_a880ef.jpg,0.855,0.043,0.015,PASS,OP-006
MCH-P-000131,EV-74DE2D03C6,2026-05-23T18:13:24.414040,True,3,3,mock_images/MCH-P-000131_e00bba.jpg,0.894,0.0,0.017,PASS,OP-002
MCH-P-000131,EV-63014306AD,2026-08-19T18:02:24.414233,True,8,8,mock_images/MCH-P-000131_e11b6e.jpg,0.964,0.149,0.035,PASS,OP-002
MCH-P-000131,EV-60160D8C96,2026-06-06T21:52:24.414383,True,3,3,mock_images/MCH-P-000131_2e449c.jpg,1.0,0.121,0.0,PASS,OP-010
MCH-P-000132,EV-F625ED7D27,2026-04-21T19:25:24.414719,True,2,2,mock_images/MCH-P-000132_85ff92.jpg,1.0,0.015,0.013,PASS,OP-008
MCH-P-000132,EV-CE079F31F6,2026-06-02T16:59:24.414875,True,4,4,mock_images/MCH-P-000132_40377e.jpg,0.894,0.132,0.062,PASS,OP-010
MCH-P-000132,EV-DA57050AF3,2026-05-25T02:52:24.415013,True,8,8,mock_images/MCH-P-000132_197299.jpg,0.93,0.035,0.07,PASS,OP-009
MCH-P-000133,EV-72E0332A71,2026-05-24T23:00:24.415349,True,3,3,mock_images/MCH-P-000133_c2b7a0.jpg,0.977,0.048,0.058,PASS,OP-008
MCH-P-000133,EV-2F2BB97EB2,2026-07-30T14:09:24.415482,True,7,7,mock_images/MCH-P-000133_053559.jpg,0.885,0.0,0.018,PASS,OP-006
MCH-P-000133,EV-17A2999AF1,2026-05-16T05:00:24.415609,True,7,7,mock_images/MCH-P-000133_acd78f.jpg,0.963,0.068,0.077,PASS,OP-005
MCH-P-000134,EV-1D27213930,2026-06-17T02:21:24.415909,True,9,9,mock_images/MCH-P-000134_606ad4.jpg,1.0,0.111,0.047,PASS,OP-009
MCH-P-000134,EV-ADE4F758FF,2026-06-29T06:23:24.416046,True,1,0,mock_images/MCH-P-000134_b7e0d8.jpg,0.928,0.155,0.06,FAIL,OP-010
MCH-P-000134,EV-136D7263B7,2026-05-01T07:58:24.416176,True,4,4,mock_images/MCH-P-000134_ca2796.jpg,0.917,0.018,0.019,PASS,OP-009
MCH-P-000135,EV-A00F6693C0,2026-06-06T19:43:24.416458,True,9,8,mock_images/MCH-P-000135_e6e78b.jpg,0.935,0.012,0.0,FAIL,OP-010
MCH-P-000135,EV-37CF246480,2026-06-12T18:57:24.416592,True,7,7,mock_images/MCH-P-000135_7f76e1.jpg,0.912,0.024,0.028,PASS,OP-009
MCH-P-000135,EV-37C404FBC3,2026-08-08T20:06:24.416721,True,7,7,mock_images/MCH-P-000135_87b73d.jpg,0.973,0.014,0.071,PASS,OP-002
MCH-P-000136,EV-38373E6D8B,2026-05-04T18:23:24.417030,True,1,1,mock_images/MCH-P-000136_d95117.jpg,0.991,0.015,0.069,PASS,OP-010
MCH-P-000136,EV-AB9D625D7F,2026-06-02T23:18:24.417185,True,4,4,mock_images/MCH-P-000136_00a5bb.jpg,0.981,0.1,0.073,PASS,OP-004
MCH-P-000136,EV-AAB9513C9D,2026-05-23T16:34:24.417318,True,8,8,mock_images/MCH-P-000136_c18e7a.jpg,0.889,0.065,0.033,PASS,OP-009
MCH-P-000137,EV-BE4F35C059,2026-07-10T21:55:24.417673,True,6,6,mock_images/MCH-P-000137_555ca5.jpg,0.92,0.087,0.063,PASS,OP-010
MCH-P-000137,EV-7A3C947D5E,2026-05-12T20:01:24.417845,True,7,7,mock_images/MCH-P-000137_4fe8a4.jpg,0.888,0.197,0.015,PASS,OP-001
MCH-P-000137,EV-2808274D99,2026-05-27T15:46:24.417974,True,6,6,mock_images/MCH-P-000137_1eb6c8.jpg,0.915,0.027,0.063,PASS,OP-009
MCH-P-000138,EV-2F3E92CB95,2026-08-10T02:56:24.418307,True,5,5,mock_images/MCH-P-000138_381a8b.jpg,0.967,0.1,0.012,PASS,OP-001
MCH-P-000138,EV-F2960C0F32,2026-08-17T12:03:24.418499,True,4,4,mock_images/MCH-P-000138_0eb242.jpg,0.916,0.039,0.029,PASS,OP-008
MCH-P-000138,EV-4919356050,2026-05-14T23:43:24.418657,True,8,8,mock_images/MCH-P-000138_1119e7.jpg,0.938,0.031,0.136,PASS,OP-009
MCH-P-000139,EV-733A6478DE,2026-06-09T04:46:24.419291,True,3,3,mock_images/MCH-P-000139_f9d9b0.jpg,0.883,0.0,0.045,PASS,OP-006
MCH-P-000139,EV-0D1D066546,2026-05-27T02:06:24.419545,True,3,3,mock_images/MCH-P-000139_28c2de.jpg,0.967,0.0,0.0,PASS,OP-004
MCH-P-000139,EV-EAA9EFD2A0,2026-05-12T05:26:24.419711,True,8,8,mock_images/MCH-P-000139_26fd4d.jpg,0.922,0.0,0.057,PASS,OP-009
MCH-P-000140,EV-47E3552257,2026-05-09T14:44:24.420113,True,9,9,mock_images/MCH-P-000140_e97718.jpg,0.883,0.078,0.045,PASS,OP-008
MCH-P-000140,EV-B81B0A5475,2026-07-23T12:54:24.420259,True,3,3,mock_images/MCH-P-000140_e03743.jpg,1.0,0.008,0.052,PASS,OP-008
MCH-P-000140,EV-D6D7FD21AE,2026-04-26T07:31:24.420410,True,4,4,mock_images/MCH-P-000140_a920a8.jpg,0.939,0.055,0.075,PASS,OP-004
MCH-P-000141,EV-5ED6A08C39,2026-05-26T12:42:24.420695,True,3,3,mock_images/MCH-P-000141_8d8277.jpg,0.975,0.028,0.004,PASS,OP-007
MCH-P-000141,EV-8FA967CBD8,2026-07-01T01:21:24.420835,False,8,8,mock_images/MCH-P-000141_eb61b0.jpg,0.941,0.098,0.074,FAIL,OP-007
MCH-P-000141,EV-D1A9AF62C3,2026-04-30T19:07:24.420962,True,8,8,mock_images/MCH-P-000141_234801.jpg,0.962,0.0,0.098,PASS,OP-006
MCH-P-000142,EV-D6D8306EC5,2026-08-19T23:57:24.421248,True,2,2,mock_images/MCH-P-000142_e4c3d5.jpg,0.943,0.0,0.022,PASS,OP-010
MCH-P-000142,EV-521460D82D,2026-05-21T08:18:24.421397,True,3,3,mock_images/MCH-P-000142_9eb381.jpg,0.903,0.0,0.085,PASS,OP-006
MCH-P-000142,EV-7BBD9D49B9,2026-05-09T22:14:24.421558,True,8,8,mock_images/MCH-P-000142_71e6de.jpg,0.925,0.086,0.15,PASS,OP-001
MCH-P-000143,EV-C9973B4101,2026-05-10T21:09:24.421849,True,1,1,mock_images/MCH-P-000143_75eccd.jpg,0.987,0.07,0.153,PASS,OP-005
MCH-P-000143,EV-7381DF0AEA,2026-05-13T09:13:24.421989,True,3,3,mock_images/MCH-P-000143_32acbb.jpg,0.958,0.093,0.036,PASS,OP-001
MCH-P-000143,EV-A303C63386,2026-04-12T15:46:24.422113,True,9,9,mock_images/MCH-P-000143_420227.jpg,1.0,0.126,0.058,PASS,OP-005
MCH-P-000144,EV-771C6D6D09,2026-07-13T09:41:24.422379,True,8,8,mock_images/MCH-P-000144_5c4f3c.jpg,0.986,0.135,0.059,PASS,OP-009
MCH-P-000144,EV-96904F9F87,2026-05-07T20:29:24.422513,True,8,8,mock_images/MCH-P-000144_94e05a.jpg,0.944,0.158,0.021,PASS,OP-002
MCH-P-000144,EV-80CD77664A,2026-08-23T17:46:24.422638,True,6,6,mock_images/MCH-P-000144_8af265.jpg,0.92,0.028,0.082,PASS,OP-009
MCH-P-000145,EV-346ACD4C19,2026-06-09T01:19:24.422907,True,5,5,mock_images/MCH-P-000145_1d3f67.jpg,0.908,0.009,0.023,PASS,OP-005
MCH-P-000145,EV-48DD6E05B1,2026-08-05T12:46:24.423042,True,6,6,mock_images/MCH-P-000145_1524ff.jpg,0.936,0.0,0.0,PASS,OP-002
MCH-P-000145,EV-B606CE8DBC,2026-08-16T01:13:24.423164,True,8,8,mock_images/MCH-P-000145_8a09e9.jpg,0.98,0.01,0.032,PASS,OP-006
MCH-P-000146,EV-BABAF03015,2026-05-26T23:26:24.423417,True,6,6,mock_images/MCH-P-000146_de95d4.jpg,0.922,0.035,0.009,PASS,OP-010
MCH-P-000146,EV-3277015E10,2026-04-12T06:12:24.423564,True,6,6,mock_images/MCH-P-000146_d9989f.jpg,1.0,0.0,0.087,PASS,OP-009
MCH-P-000146,EV-99E967313E,2026-05-10T04:45:24.423693,True,4,4,mock_images/MCH-P-000146_9bd496.jpg,0.982,0.085,0.006,PASS,OP-006
MCH-P-000147,EV-5467323DDC,2026-06-15T06:18:24.424074,False,9,9,mock_images/MCH-P-000147_102f0e.jpg,0.956,0.093,0.03,FAIL,OP-006
MCH-P-000147,EV-F18805E39E,2026-06-25T11:54:24.424568,True,4,4,mock_images/MCH-P-000147_38fb19.jpg,1.0,0.162,0.0,PASS,OP-010
MCH-P-000147,EV-AA28A335BE,2026-08-07T23:31:24.424714,True,8,8,mock_images/MCH-P-000147_f1a210.jpg,0.909,0.172,0.019,PASS,OP-004
MCH-P-000148,EV-F7D6644502,2026-06-10T02:21:24.425113,True,2,2,mock_images/MCH-P-000148_9cee7a.jpg,0.875,0.0,0.088,PASS,OP-010
MCH-P-000148,EV-8E491625D6,2026-08-22T08:28:24.425400,True,7,7,mock_images/MCH-P-000148_6470a4.jpg,0.875,0.113,0.088,PASS,OP-005
MCH-P-000148,EV-13A81A3EC1,2026-08-21T07:51:24.425576,True,1,1,mock_images/MCH-P-000148_96226e.jpg,0.972,0.101,0.0,PASS,OP-001
MCH-P-000149,EV-B6131CE3DC,2026-08-11T06:30:24.426080,True,5,5,mock_images/MCH-P-000149_36d0ff.jpg,0.944,0.038,0.112,PASS,OP-001
MCH-P-000149,EV-E1CED87CF6,2026-07-31T17:54:24.426320,True,7,7,mock_images/MCH-P-000149_034172.jpg,1.0,0.118,0.117,PASS,OP-009
MCH-P-000149,EV-D29D2DB10E,2026-04-29T04:47:24.426449,True,6,6,mock_images/MCH-P-000149_2c126d.jpg,0.961,0.166,0.043,PASS,OP-003
MCH-P-000150,EV-93B26C0ABB,2026-07-29T00:05:24.426871,True,4,4,mock_images/MCH-P-000150_36a0a4.jpg,0.89,0.156,0.0,PASS,OP-009
MCH-P-000150,EV-2B7B639201,2026-04-18T10:37:24.427069,True,2,2,mock_images/MCH-P-000150_b296a2.jpg,0.935,0.16,0.086,PASS,OP-001
MCH-P-000150,EV-4B48C88365,2026-06-21T17:38:24.427290,True,7,7,mock_images/MCH-P-000150_51bd31.jpg,1.0,0.07,0.052,PASS,OP-005
MCH-P-000151,EV-26C3F09F97,2026-04-16T01:21:24.427689,True,9,9,mock_images/MCH-P-000151_299cd7.jpg,0.982,0.005,0.038,PASS,OP-006
MCH-P-000151,EV-F64FDEE457,2026-07-27T22:57:24.427848,True,2,2,mock_images/MCH-P-000151_839b1a.jpg,0.91,0.169,0.002,PASS,OP-005
MCH-P-000151,EV-A050A91328,2026-04-18T16:19:24.427971,True,2,2,mock_images/MCH-P-000151_14e9c5.jpg,1.0,0.062,0.076,PASS,OP-010
MCH-P-000152,EV-D8B3CD46EC,2026-04-26T02:48:24.428323,True,6,6,mock_images/MCH-P-000152_f79724.jpg,0.93,0.128,0.025,PASS,OP-001
MCH-P-000152,EV-119B553008,2026-08-04T19:51:24.428466,True,3,3,mock_images/MCH-P-000152_1b59b6.jpg,0.97,0.082,0.0,PASS,OP-007
MCH-P-000152,EV-703690708C,2026-08-15T00:09:24.428591,True,8,8,mock_images/MCH-P-000152_0be897.jpg,0.931,0.046,0.001,PASS,OP-008
MCH-P-000153,EV-6B703F0FAB,2026-07-07T00:29:24.428887,True,9,9,mock_images/MCH-P-000153_291cb0.jpg,0.895,0.075,0.0,PASS,OP-010
MCH-P-000153,EV-C23E328C40,2026-05-19T20:20:24.429030,True,1,1,mock_images/MCH-P-000153_f9f78d.jpg,0.992,0.0,0.143,PASS,OP-003
MCH-P-000153,EV-D75E540012,2026-06-19T04:19:24.429172,True,6,6,mock_images/MCH-P-000153_78566f.jpg,1.0,0.0,0.0,PASS,OP-009
MCH-P-000154,EV-62EBF3F074,2026-07-18T16:12:24.429492,True,8,8,mock_images/MCH-P-000154_caa34d.jpg,0.982,0.008,0.055,PASS,OP-002
MCH-P-000154,EV-C042E1FF05,2026-06-07T17:56:24.429633,True,8,8,mock_images/MCH-P-000154_7dc897.jpg,0.977,0.0,0.0,PASS,OP-006
MCH-P-000154,EV-D90D62CE93,2026-04-19T15:59:24.429784,True,4,4,mock_images/MCH-P-000154_b76043.jpg,0.914,0.057,0.0,PASS,OP-002
MCH-P-000155,EV-F0BA6589E0,2026-07-01T07:00:24.430081,True,4,4,mock_images/MCH-P-000155_1570a9.jpg,1.0,0.052,0.0,PASS,OP-004
MCH-P-000155,EV-2BDEB39E81,2026-06-12T14:28:24.430240,True,5,5,mock_images/MCH-P-000155_509fe5.jpg,0.965,0.132,0.093,PASS,OP-005
MCH-P-000155,EV-429FC1EF3E,2026-06-11T13:52:24.430373,True,1,1,mock_images/MCH-P-000155_1e4867.jpg,0.971,0.014,0.07,PASS,OP-001
MCH-P-000156,EV-132CAD7B7D,2026-06-28T23:24:24.430685,True,3,3,mock_images/MCH-P-000156_cc63f3.jpg,0.837,0.039,0.0,PASS,OP-008
MCH-P-000156,EV-0A66D2B486,2026-08-04T18:10:24.430830,True,4,4,mock_images/MCH-P-000156_891aba.jpg,0.905,0.075,0.044,PASS,OP-006
MCH-P-000156,EV-FDDB533DDC,2026-04-22T04:47:24.430958,True,7,7,mock_images/MCH-P-000156_67f9eb.jpg,0.987,0.106,0.089,PASS,OP-010
MCH-P-000157,EV-506CF3C32E,2026-07-02T23:55:24.431274,True,1,1,mock_images/MCH-P-000157_7b93dd.jpg,0.967,0.085,0.073,PASS,OP-008
MCH-P-000157,EV-31F302DE55,2026-07-25T18:30:24.431665,True,6,6,mock_images/MCH-P-000157_5bab79.jpg,0.94,0.094,0.083,PASS,OP-001
MCH-P-000157,EV-7D4E68F3CF,2026-07-16T16:45:24.431819,True,2,2,mock_images/MCH-P-000157_6d11ed.jpg,0.969,0.099,0.025,PASS,OP-009
MCH-P-000158,EV-FB7FF23B96,2026-06-29T17:15:24.432678,True,4,4,mock_images/MCH-P-000158_cd4824.jpg,0.919,0.014,0.011,PASS,OP-010
MCH-P-000158,EV-DF5C0CC37D,2026-04-19T14:38:24.432860,True,9,9,mock_images/MCH-P-000158_009c86.jpg,0.894,0.089,0.108,PASS,OP-005
MCH-P-000158,EV-AC8D6A3767,2026-07-26T14:33:24.432995,False,7,7,mock_images/MCH-P-000158_f5f49c.jpg,0.871,0.111,0.099,FAIL,OP-005
MCH-P-000159,EV-A27223D0D5,2026-05-01T16:35:24.433276,True,4,4,mock_images/MCH-P-000159_cc40e4.jpg,0.907,0.0,0.076,PASS,OP-006
MCH-P-000159,EV-4712F6D96D,2026-07-31T19:28:24.433403,True,3,3,mock_images/MCH-P-000159_055133.jpg,1.0,0.079,0.006,PASS,OP-009
MCH-P-000159,EV-F344A48FDC,2026-07-25T11:20:24.433524,True,5,5,mock_images/MCH-P-000159_6a5c3b.jpg,0.942,0.0,0.048,PASS,OP-001
MCH-P-000160,EV-AD5751D7D7,2026-05-11T11:26:24.433785,True,8,8,mock_images/MCH-P-000160_032496.jpg,0.934,0.079,0.067,PASS,OP-002
MCH-P-000160,EV-CEBB9492EC,2026-07-23T11:26:24.433916,False,9,9,mock_images/MCH-P-000160_b89ce6.jpg,0.997,0.087,0.065,FAIL,OP-003
MCH-P-000160,EV-FD9684F395,2026-06-26T10:27:24.434044,True,1,1,mock_images/MCH-P-000160_0edfa9.jpg,0.933,0.139,0.114,PASS,OP-004
MCH-P-000161,EV-A2F9A6C41A,2026-06-29T19:02:24.434296,True,7,7,mock_images/MCH-P-000161_2d0e33.jpg,0.925,0.062,0.061,PASS,OP-008
MCH-P-000161,EV-54B91FBD70,2026-06-25T07:19:24.434424,True,1,1,mock_images/MCH-P-000161_81cbd9.jpg,0.858,0.125,0.067,PASS,OP-008
MCH-P-000161,EV-1F4430F3DE,2026-07-28T01:39:24.434566,True,2,2,mock_images/MCH-P-000161_2144df.jpg,0.964,0.092,0.05,PASS,OP-001
MCH-P-000162,EV-D4DD04B9CA,2026-07-05T01:24:24.434800,True,8,8,mock_images/MCH-P-000162_4aea3b.jpg,0.906,0.0,0.024,PASS,OP-005
MCH-P-000162,EV-520895FC2F,2026-04-22T12:18:24.434926,True,2,2,mock_images/MCH-P-000162_50bd86.jpg,1.0,0.0,0.078,PASS,OP-007
MCH-P-000162,EV-3B222367EC,2026-07-20T02:58:24.435048,True,9,9,mock_images/MCH-P-000162_b6887a.jpg,0.951,0.007,0.021,PASS,OP-009
MCH-P-000163,EV-2FD268B0BD,2026-05-22T05:30:24.435295,True,5,5,mock_images/MCH-P-000163_ccf83e.jpg,0.953,0.072,0.039,PASS,OP-001
MCH-P-000163,EV-8F06BD14E6,2026-05-16T05:09:24.435428,True,7,7,mock_images/MCH-P-000163_ecf950.jpg,0.918,0.059,0.033,PASS,OP-010
MCH-P-000163,EV-0EF763054C,2026-07-08T12:47:24.435688,True,9,9,mock_images/MCH-P-000163_d220ae.jpg,0.971,0.101,0.039,PASS,OP-004
MCH-P-000164,EV-798A9E9FFC,2026-05-14T06:50:24.435992,True,4,4,mock_images/MCH-P-000164_13473e.jpg,0.982,0.116,0.011,PASS,OP-006
MCH-P-000164,EV-DD87A0EC89,2026-06-24T18:31:24.436164,True,2,2,mock_images/MCH-P-000164_f42d22.jpg,0.973,0.063,0.085,PASS,OP-010
MCH-P-000164,EV-DE11078697,2026-08-20T12:03:24.436296,True,1,1,mock_images/MCH-P-000164_0138d9.jpg,0.879,0.07,0.074,PASS,OP-005
MCH-P-000165,EV-80D6525DCB,2026-06-12T14:43:24.436581,True,1,1,mock_images/MCH-P-000165_6a183c.jpg,0.964,0.122,0.03,PASS,OP-009
MCH-P-000165,EV-F9402E6656,2026-08-18T17:50:24.436719,True,3,3,mock_images/MCH-P-000165_d3d9c1.jpg,0.955,0.0,0.048,PASS,OP-001
MCH-P-000165,EV-350001190D,2026-05-18T06:51:24.436852,True,5,5,mock_images/MCH-P-000165_085bee.jpg,1.0,0.115,0.026,PASS,OP-003
MCH-P-000166,EV-09BBF872B5,2026-06-28T23:55:24.437149,True,1,1,mock_images/MCH-P-000166_4bb012.jpg,0.894,0.114,0.006,PASS,OP-009
MCH-P-000166,EV-CF8226D513,2026-04-15T02:50:24.437295,True,9,9,mock_images/MCH-P-000166_5291c7.jpg,0.97,0.028,0.073,PASS,OP-010
MCH-P-000166,EV-5CB3B3988C,2026-07-27T08:28:24.437429,True,8,7,mock_images/MCH-P-000166_92b96f.jpg,0.88,0.034,0.088,FAIL,OP-008
MCH-P-000167,EV-B94C825CC7,2026-04-23T11:50:24.438142,True,8,8,mock_images/MCH-P-000167_c2f740.jpg,0.97,0.141,0.0,PASS,OP-010
MCH-P-000167,EV-1FC946888D,2026-04-24T18:32:24.438390,True,4,4,mock_images/MCH-P-000167_a3821d.jpg,1.0,0.099,0.1,PASS,OP-001
MCH-P-000167,EV-5BA2B65965,2026-07-24T12:06:24.438583,False,2,2,mock_images/MCH-P-000167_18ff14.jpg,0.963,0.042,0.096,FAIL,OP-005
MCH-P-000168,EV-3D6CB8C485,2026-06-01T10:16:24.438941,True,1,1,mock_images/MCH-P-000168_353a9f.jpg,0.966,0.114,0.023,PASS,OP-003
MCH-P-000168,EV-BD95D19895,2026-05-04T10:10:24.439094,True,6,6,mock_images/MCH-P-000168_b506d6.jpg,0.972,0.045,0.063,PASS,OP-001
MCH-P-000168,EV-02BB49638B,2026-06-19T02:32:24.439231,True,1,1,mock_images/MCH-P-000168_0a3a96.jpg,0.925,0.038,0.04,PASS,OP-001
MCH-P-000169,EV-2910DAADBF,2026-08-18T04:23:24.439681,True,7,7,mock_images/MCH-P-000169_2e208f.jpg,0.914,0.11,0.007,PASS,OP-006
MCH-P-000169,EV-585DC3FE10,2026-08-02T10:34:24.439881,True,9,9,mock_images/MCH-P-000169_ae56c6.jpg,0.935,0.054,0.101,PASS,OP-009
MCH-P-000169,EV-B3FBE1A47A,2026-07-18T03:53:24.440058,True,4,4,mock_images/MCH-P-000169_200ac9.jpg,0.921,0.122,0.091,PASS,OP-005
MCH-P-000170,EV-AC07C53A2D,2026-08-03T01:30:24.440663,True,9,8,mock_images/MCH-P-000170_b3468c.jpg,0.923,0.0,0.0,FAIL,OP-004
MCH-P-000170,EV-D4DF513C2E,2026-05-18T13:37:24.440880,True,7,7,mock_images/MCH-P-000170_abe688.jpg,1.0,0.0,0.108,PASS,OP-010
MCH-P-000170,EV-C89063D5EC,2026-07-19T15:13:24.441043,True,4,4,mock_images/MCH-P-000170_ad7bc9.jpg,0.928,0.082,0.075,PASS,OP-003
MCH-P-000171,EV-E0E57CB856,2026-04-20T04:33:24.441516,True,6,6,mock_images/MCH-P-000171_eb8991.jpg,0.996,0.069,0.1,PASS,OP-005
MCH-P-000171,EV-B80E919765,2026-07-10T23:07:24.441749,True,2,1,mock_images/MCH-P-000171_24b1b2.jpg,0.942,0.156,0.037,FAIL,OP-003
MCH-P-000171,EV-14E6A0B23D,2026-08-01T12:12:24.441909,True,5,4,mock_images/MCH-P-000171_64f881.jpg,0.931,0.05,0.082,FAIL,OP-009
MCH-P-000172,EV-3AF25E4E2B,2026-04-17T08:07:24.442383,True,7,7,mock_images/MCH-P-000172_eb1521.jpg,0.923,0.084,0.076,PASS,OP-001
MCH-P-000172,EV-DCC5D39C21,2026-07-06T23:11:24.442581,True,9,9,mock_images/MCH-P-000172_63fb9d.jpg,0.927,0.043,0.0,PASS,OP-007
MCH-P-000172,EV-13D0D547E4,2026-04-11T07:22:24.442751,True,3,3,mock_images/MCH-P-000172_16f3fc.jpg,0.941,0.057,0.083,PASS,OP-005
MCH-P-000173,EV-DF437A0782,2026-06-15T20:38:24.446075,True,4,4,mock_images/MCH-P-000173_a78277.jpg,0.989,0.063,0.0,PASS,OP-005
MCH-P-000173,EV-F6B96EF70B,2026-06-26T02:09:24.446301,True,8,8,mock_images/MCH-P-000173_f0af8f.jpg,0.999,0.006,0.035,PASS,OP-006
MCH-P-000173,EV-2348B46BF6,2026-07-12T02:33:24.446437,True,7,7,mock_images/MCH-P-000173_c7c7a8.jpg,1.0,0.098,0.061,PASS,OP-004
MCH-P-000174,EV-6E64BA616A,2026-04-11T01:27:24.446789,True,8,7,mock_images/MCH-P-000174_217f00.jpg,0.821,0.159,0.07,FAIL,OP-006
MCH-P-000174,EV-77BF195459,2026-05-30T02:05:24.447234,True,4,4,mock_images/MCH-P-000174_9ba2c2.jpg,0.974,0.135,0.074,PASS,OP-006
MCH-P-000174,EV-7857046DE2,2026-07-23T13:05:24.447380,False,5,5,mock_images/MCH-P-000174_014917.jpg,0.882,0.093,0.064,FAIL,OP-003
MCH-P-000175,EV-A2B2DB8F2A,2026-07-14T23:39:24.447726,True,6,5,mock_images/MCH-P-000175_6591d7.jpg,0.966,0.0,0.06,FAIL,OP-002
MCH-P-000175,EV-7338B7D7F6,2026-05-14T22:00:24.447863,True,5,5,mock_images/MCH-P-000175_7e15fa.jpg,1.0,0.0,0.052,PASS,OP-003
MCH-P-000175,EV-028FFABB52,2026-07-27T02:04:24.447983,True,5,5,mock_images/MCH-P-000175_6a6626.jpg,1.0,0.0,0.031,PASS,OP-008
MCH-P-000176,EV-AF6A17759C,2026-06-02T14:29:24.448265,True,1,1,mock_images/MCH-P-000176_848cce.jpg,0.937,0.132,0.047,PASS,OP-006
MCH-P-000176,EV-110A8D7382,2026-07-06T03:17:24.448392,True,9,9,mock_images/MCH-P-000176_5a59df.jpg,0.947,0.062,0.054,PASS,OP-002
MCH-P-000176,EV-EDD1C04327,2026-04-20T18:39:24.448527,True,5,5,mock_images/MCH-P-000176_fb1eac.jpg,0.872,0.052,0.073,PASS,OP-004
MCH-P-000177,EV-8218ADAAF4,2026-05-29T15:39:24.448784,True,6,6,mock_images/MCH-P-000177_d0d122.jpg,0.895,0.01,0.046,PASS,OP-003
MCH-P-000177,EV-C1952FE169,2026-06-23T19:38:24.448927,False,4,4,mock_images/MCH-P-000177_a61608.jpg,0.978,0.096,0.021,FAIL,OP-008
MCH-P-000177,EV-133DE7BB5A,2026-07-02T14:28:24.449051,True,7,7,mock_images/MCH-P-000177_4a5c99.jpg,0.954,0.021,0.056,PASS,OP-004
MCH-P-000178,EV-2CB413F7DE,2026-06-04T19:45:24.449341,True,5,5,mock_images/MCH-P-000178_14a762.jpg,0.969,0.0,0.09,PASS,OP-007
MCH-P-000178,EV-F9F22B8B84,2026-08-20T21:36:24.449473,True,7,7,mock_images/MCH-P-000178_49c0c0.jpg,0.928,0.0,0.031,PASS,OP-008
MCH-P-000178,EV-5E4E70972A,2026-06-02T12:34:24.449596,False,5,5,mock_images/MCH-P-000178_9eaa4f.jpg,1.0,0.083,0.081,FAIL,OP-003
MCH-P-000179,EV-85FB02AA2C,2026-05-20T20:15:24.449877,True,1,1,mock_images/MCH-P-000179_e30309.jpg,0.933,0.066,0.0,PASS,OP-003
MCH-P-000179,EV-E49DABBDDB,2026-06-28T21:06:24.450013,True,1,1,mock_images/MCH-P-000179_5cfbae.jpg,0.903,0.116,0.0,PASS,OP-003
MCH-P-000179,EV-837833890B,2026-05-19T13:54:24.450132,True,7,7,mock_images/MCH-P-000179_00556b.jpg,0.933,0.076,0.092,PASS,OP-001
MCH-P-000180,EV-A26E881672,2026-04-17T21:30:24.450472,True,2,2,mock_images/MCH-P-000180_a72738.jpg,0.932,0.119,0.05,PASS,OP-009
MCH-P-000180,EV-7173FE9B31,2026-05-12T15:29:24.451270,True,2,1,mock_images/MCH-P-000180_89ce12.jpg,0.861,0.04,0.054,FAIL,OP-002
MCH-P-000180,EV-E8C6248AE6,2026-06-09T17:45:24.451501,True,2,2,mock_images/MCH-P-000180_a0e345.jpg,0.994,0.084,0.02,PASS,OP-001
MCH-P-000181,EV-51EC3294CD,2026-06-28T00:40:24.451933,True,6,6,mock_images/MCH-P-000181_1ef1fb.jpg,0.867,0.091,0.066,PASS,OP-001
MCH-P-000181,EV-2563EB076C,2026-07-21T11:20:24.452141,True,6,6,mock_images/MCH-P-000181_566433.jpg,0.915,0.018,0.103,PASS,OP-004
MCH-P-000181,EV-9024A173C9,2026-05-18T09:56:24.452297,True,6,6,mock_images/MCH-P-000181_de65cf.jpg,0.981,0.099,0.048,PASS,OP-002
MCH-P-000182,EV-E533EE2D82,2026-06-27T10:17:24.452689,True,3,3,mock_images/MCH-P-000182_29927b.jpg,1.0,0.031,0.055,PASS,OP-002
MCH-P-000182,EV-46D1ADE805,2026-05-11T11:32:24.452855,True,9,9,mock_images/MCH-P-000182_b4bc83.jpg,0.954,0.0,0.09,PASS,OP-006
MCH-P-000182,EV-00525D877E,2026-07-18T18:20:24.453023,True,9,9,mock_images/MCH-P-000182_55dbb7.jpg,1.0,0.082,0.033,PASS,OP-001
MCH-P-000183,EV-1466CE6DC8,2026-04-23T02:59:24.453306,True,4,4,mock_images/MCH-P-000183_d199f0.jpg,0.861,0.098,0.057,PASS,OP-002
MCH-P-000183,EV-8A33543029,2026-08-14T11:10:24.453444,True,9,9,mock_images/MCH-P-000183_7a721f.jpg,1.0,0.157,0.035,PASS,OP-009
MCH-P-000183,EV-411152BA80,2026-07-19T20:48:24.453576,True,2,2,mock_images/MCH-P-000183_34a7ac.jpg,0.897,0.029,0.086,PASS,OP-008
MCH-P-000184,EV-1C0E59EA2E,2026-07-28T07:13:24.453837,True,2,2,mock_images/MCH-P-000184_573cc7.jpg,0.966,0.026,0.007,PASS,OP-001
MCH-P-000184,EV-A02978C230,2026-06-30T12:05:24.453970,True,6,6,mock_images/MCH-P-000184_761d6c.jpg,0.888,0.081,0.09,PASS,OP-006
MCH-P-000184,EV-16C663E611,2026-07-18T05:14:24.454092,True,5,4,mock_images/MCH-P-000184_4d58d7.jpg,0.974,0.092,0.067,FAIL,OP-007
MCH-P-000185,EV-BC930C1839,2026-06-07T06:17:24.454431,True,3,3,mock_images/MCH-P-000185_e02ac6.jpg,1.0,0.116,0.038,PASS,OP-003
MCH-P-000185,EV-6242ACC83A,2026-07-10T21:50:24.454631,True,9,9,mock_images/MCH-P-000185_87e409.jpg,0.949,0.067,0.068,PASS,OP-003
MCH-P-000185,EV-4FB1C6E1F4,2026-07-18T14:32:24.455149,True,4,3,mock_images/MCH-P-000185_e99fef.jpg,0.954,0.092,0.127,FAIL,OP-007
MCH-P-000186,EV-B5EF3E9013,2026-06-25T19:10:24.455770,True,1,1,mock_images/MCH-P-000186_1bf606.jpg,0.973,0.091,0.064,PASS,OP-006
MCH-P-000186,EV-A3A81CE1A3,2026-04-30T09:38:24.455973,True,5,5,mock_images/MCH-P-000186_ed1a25.jpg,0.949,0.135,0.021,PASS,OP-009
MCH-P-000186,EV-D6F4F1B386,2026-06-01T23:28:24.456140,True,3,3,mock_images/MCH-P-000186_5e8ba2.jpg,0.915,0.054,0.066,PASS,OP-004
MCH-P-000187,EV-9EEF97D358,2026-04-09T05:31:24.456519,True,4,4,mock_images/MCH-P-000187_af2e19.jpg,0.897,0.033,0.016,PASS,OP-010
MCH-P-000187,EV-EEFC29ECC8,2026-07-29T17:16:24.456685,True,9,9,mock_images/MCH-P-000187_372508.jpg,0.944,0.101,0.093,PASS,OP-010
MCH-P-000187,EV-8313046C31,2026-08-02T22:13:24.456809,True,9,9,mock_images/MCH-P-000187_2eb1f6.jpg,0.952,0.157,0.004,PASS,OP-001
MCH-P-000188,EV-CA303D5469,2026-06-04T08:14:24.457084,True,1,1,mock_images/MCH-P-000188_c58571.jpg,0.979,0.102,0.075,PASS,OP-005
MCH-P-000188,EV-8895999950,2026-05-11T05:11:24.457212,True,6,6,mock_images/MCH-P-000188_fbf22c.jpg,0.889,0.038,0.01,PASS,OP-006
MCH-P-000188,EV-8941F0611F,2026-05-31T04:59:24.457334,True,9,9,mock_images/MCH-P-000188_d05b03.jpg,0.956,0.036,0.0,PASS,OP-004
MCH-P-000189,EV-9FFAF8B1F5,2026-04-11T09:07:24.457583,True,3,3,mock_images/MCH-P-000189_654098.jpg,0.98,0.0,0.0,PASS,OP-006
MCH-P-000189,EV-A890ECFA20,2026-04-27T17:53:24.457710,True,8,8,mock_images/MCH-P-000189_7b9e11.jpg,0.933,0.054,0.0,PASS,OP-006
MCH-P-000189,EV-D8E90174AD,2026-04-10T02:45:24.457827,False,4,4,mock_images/MCH-P-000189_45e42c.jpg,0.992,0.108,0.023,FAIL,OP-010
MCH-P-000190,EV-E711F15696,2026-06-03T11:55:24.458052,True,8,8,mock_images/MCH-P-000190_668524.jpg,0.946,0.111,0.003,PASS,OP-007
MCH-P-000190,EV-6C6B36EC2E,2026-04-08T23:20:24.458180,True,3,3,mock_images/MCH-P-000190_75e26b.jpg,0.958,0.079,0.0,PASS,OP-005
MCH-P-000190,EV-6F77918AB7,2026-05-14T15:04:24.458314,False,7,7,mock_images/MCH-P-000190_c1ef32.jpg,0.928,0.036,0.022,FAIL,OP-003
MCH-P-000191,EV-BFD911579D,2026-07-29T16:18:24.458552,True,5,5,mock_images/MCH-P-000191_435d78.jpg,0.98,0.065,0.04,PASS,OP-002
MCH-P-000191,EV-6F74381E95,2026-07-26T19:42:24.458681,True,8,8,mock_images/MCH-P-000191_5af503.jpg,0.972,0.107,0.0,PASS,OP-005
MCH-P-000191,EV-869B1A0992,2026-06-17T16:07:24.458800,True,7,7,mock_images/MCH-P-000191_baa758.jpg,0.991,0.073,0.029,PASS,OP-006
MCH-P-000192,EV-36971016C4,2026-04-10T09:34:24.459024,True,6,6,mock_images/MCH-P-000192_e4a2fd.jpg,0.968,0.0,0.0,PASS,OP-008
MCH-P-000192,EV-8798ED4159,2026-04-30T10:42:24.459152,True,6,6,mock_images/MCH-P-000192_d16318.jpg,0.91,0.047,0.048,PASS,OP-010
MCH-P-000192,EV-EEA69F4997,2026-07-17T14:27:24.459279,True,6,6,mock_images/MCH-P-000192_7dce6a.jpg,0.922,0.015,0.024,PASS,OP-004
MCH-P-000193,EV-9144ECC1D6,2026-07-01T15:24:24.459525,True,6,6,mock_images/MCH-P-000193_ef7da1.jpg,0.864,0.097,0.039,PASS,OP-001
MCH-P-000193,EV-BB8605E060,2026-06-03T02:41:24.459655,True,4,4,mock_images/MCH-P-000193_23a596.jpg,0.996,0.039,0.071,PASS,OP-005
MCH-P-000193,EV-B1F1AFD341,2026-08-11T04:09:24.459778,True,7,7,mock_images/MCH-P-000193_74efad.jpg,0.952,0.135,0.082,PASS,OP-006
MCH-P-000194,EV-F055BDA34D,2026-05-14T15:15:24.460029,True,2,2,mock_images/MCH-P-000194_b2dc2d.jpg,0.908,0.049,0.023,PASS,OP-002
MCH-P-000194,EV-62F14C7E4A,2026-05-31T22:02:24.460157,True,7,7,mock_images/MCH-P-000194_c58d8f.jpg,0.911,0.041,0.097,PASS,OP-002
MCH-P-000194,EV-EAF06232E5,2026-06-08T09:48:24.460276,True,3,3,mock_images/MCH-P-000194_16f359.jpg,0.857,0.058,0.072,PASS,OP-005
MCH-P-000195,EV-F1E5C0DDC2,2026-08-13T10:43:24.460548,True,3,3,mock_images/MCH-P-000195_d24f72.jpg,0.922,0.111,0.087,PASS,OP-008
MCH-P-000195,EV-D12C8CA283,2026-06-15T09:00:24.460676,False,3,3,mock_images/MCH-P-000195_931262.jpg,1.0,0.063,0.043,FAIL,OP-007
MCH-P-000195,EV-AA05A9DBEE,2026-06-23T00:48:24.460795,True,9,9,mock_images/MCH-P-000195_be5edd.jpg,0.969,0.03,0.009,PASS,OP-004
MCH-P-000196,EV-EFC473481F,2026-06-10T12:44:24.461021,True,7,7,mock_images/MCH-P-000196_b55335.jpg,0.951,0.032,0.078,PASS,OP-010
MCH-P-000196,EV-CC3F8A1366,2026-05-29T08:58:24.461173,True,7,7,mock_images/MCH-P-000196_faea10.jpg,0.937,0.099,0.043,PASS,OP-005
MCH-P-000196,EV-52E60AC5AB,2026-04-26T16:30:24.461304,True,7,7,mock_images/MCH-P-000196_3a7a04.jpg,0.908,0.0,0.083,PASS,OP-005
MCH-P-000197,EV-1417AE739C,2026-07-31T03:39:24.461672,True,1,1,mock_images/MCH-P-000197_57c165.jpg,0.966,0.041,0.068,PASS,OP-009
MCH-P-000197,EV-426E028402,2026-05-28T05:28:24.461855,True,9,9,mock_images/MCH-P-000197_c0e5cb.jpg,0.931,0.006,0.071,PASS,OP-001
MCH-P-000197,EV-BBBB6B0C83,2026-07-22T00:59:24.462717,True,9,9,mock_images/MCH-P-000197_86ac25.jpg,0.89,0.044,0.026,PASS,OP-009
MCH-P-000198,EV-CE2A175CBE,2026-05-11T16:15:24.463438,True,2,2,mock_images/MCH-P-000198_431858.jpg,1.0,0.0,0.153,PASS,OP-006
MCH-P-000198,EV-25323E5178,2026-05-29T17:52:24.463707,True,4,4,mock_images/MCH-P-000198_a14084.jpg,0.998,0.061,0.111,PASS,OP-006
MCH-P-000198,EV-DAFE41563C,2026-08-18T01:37:24.463869,True,8,8,mock_images/MCH-P-000198_13b439.jpg,0.938,0.077,0.0,PASS,OP-005
MCH-P-000199,EV-5ECBFE844B,2026-07-02T00:57:24.464270,True,7,7,mock_images/MCH-P-000199_cc5619.jpg,0.888,0.168,0.092,PASS,OP-007
MCH-P-000199,EV-AB08DF049D,2026-08-05T17:45:24.464644,True,3,3,mock_images/MCH-P-000199_e0b547.jpg,0.923,0.017,0.033,PASS,OP-010
MCH-P-000199,EV-F92869B8B0,2026-08-01T21:11:24.464824,True,1,1,mock_images/MCH-P-000199_7e96e5.jpg,0.98,0.032,0.064,PASS,OP-008
MCH-P-000200,EV-9A202B4A19,2026-06-21T10:00:24.465189,True,8,8,mock_images/MCH-P-000200_ba42e7.jpg,0.932,0.003,0.053,PASS,OP-008
MCH-P-000200,EV-C513EF3810,2026-07-18T11:54:24.465359,True,7,7,mock_images/MCH-P-000200_754133.jpg,0.967,0.038,0.047,PASS,OP-001
MCH-P-000200,EV-CFFF30F916,2026-08-01T19:51:24.465492,True,1,1,mock_images/MCH-P-000200_25c800.jpg,0.902,0.0,0.057,PASS,OP-010
MCH-P-000201,EV-94958478BA,2026-07-18T03:14:24.465819,True,1,0,mock_images/MCH-P-000201_d1e39c.jpg,0.935,0.096,0.052,FAIL,OP-009
MCH-P-000201,EV-89EE6967A0,2026-06-07T20:08:24.465952,True,7,7,mock_images/MCH-P-000201_8237c8.jpg,1.0,0.122,0.077,PASS,OP-007
MCH-P-000201,EV-B8A7952258,2026-07-22T22:12:24.466076,True,1,1,mock_images/MCH-P-000201_e41cc0.jpg,0.919,0.01,0.099,PASS,OP-008
MCH-P-000202,EV-6BACB1EFE9,2026-08-23T11:41:24.466517,True,8,8,mock_images/MCH-P-000202_893fda.jpg,0.957,0.07,0.053,PASS,OP-008
MCH-P-000202,EV-BDCF729592,2026-06-25T22:17:24.466700,True,9,8,mock_images/MCH-P-000202_f02d3b.jpg,0.976,0.087,0.0,FAIL,OP-004
MCH-P-000202,EV-7B6C158C2C,2026-05-16T22:23:24.466846,True,5,5,mock_images/MCH-P-000202_a07153.jpg,0.935,0.0,0.049,PASS,OP-008
MCH-P-000203,EV-9D851B1A4D,2026-04-08T04:25:24.467778,True,8,8,mock_images/MCH-P-000203_4feed9.jpg,1.0,0.098,0.08,PASS,OP-006
MCH-P-000203,EV-FBBB89EC12,2026-08-17T22:55:24.468050,True,1,1,mock_images/MCH-P-000203_69d259.jpg,0.973,0.012,0.007,PASS,OP-010
MCH-P-000203,EV-2B66CE9819,2026-06-17T22:19:24.468198,True,5,4,mock_images/MCH-P-000203_173400.jpg,0.927,0.127,0.04,FAIL,OP-003
MCH-P-000204,EV-7CC81EC4D4,2026-07-04T13:25:24.468583,True,1,1,mock_images/MCH-P-000204_1515a5.jpg,0.948,0.003,0.045,PASS,OP-002
MCH-P-000204,EV-D66F3E921E,2026-04-26T06:12:24.468730,True,8,8,mock_images/MCH-P-000204_5f96a3.jpg,0.982,0.043,0.055,PASS,OP-007
MCH-P-000204,EV-56BF5C9E24,2026-07-19T08:52:24.468856,True,8,8,mock_images/MCH-P-000204_0f92d4.jpg,0.901,0.086,0.019,PASS,OP-006
MCH-P-000205,EV-2190A2BB1C,2026-04-20T13:02:24.469127,True,3,3,mock_images/MCH-P-000205_33364a.jpg,0.959,0.163,0.043,PASS,OP-008
MCH-P-000205,EV-566206CE3B,2026-07-17T16:50:24.469258,True,9,9,mock_images/MCH-P-000205_df543f.jpg,0.906,0.038,0.098,PASS,OP-006
MCH-P-000205,EV-8F276E9DE3,2026-04-22T11:41:24.469385,True,4,4,mock_images/MCH-P-000205_3af08e.jpg,0.971,0.107,0.065,PASS,OP-004
MCH-P-000206,EV-C27DA6CA69,2026-06-16T06:03:24.469663,True,4,4,mock_images/MCH-P-000206_7d6af7.jpg,0.959,0.109,0.072,PASS,OP-001
MCH-P-000206,EV-7CB4AA6B25,2026-08-04T16:56:24.469809,True,8,8,mock_images/MCH-P-000206_637501.jpg,0.957,0.036,0.097,PASS,OP-007
MCH-P-000206,EV-26D705A616,2026-07-10T01:02:24.469953,True,1,1,mock_images/MCH-P-000206_c7a93f.jpg,1.0,0.106,0.064,PASS,OP-006
MCH-P-000207,EV-F9AFAD162D,2026-05-03T20:19:24.470272,True,2,2,mock_images/MCH-P-000207_c75dbc.jpg,0.969,0.115,0.093,PASS,OP-004
MCH-P-000207,EV-1E86F93F8D,2026-07-02T14:51:24.470448,True,8,8,mock_images/MCH-P-000207_bf47a7.jpg,0.978,0.115,0.102,PASS,OP-005
MCH-P-000207,EV-72C5CE5F84,2026-08-10T17:53:24.470585,True,2,2,mock_images/MCH-P-000207_368f72.jpg,0.979,0.114,0.055,PASS,OP-005
MCH-P-000208,EV-BF7C66F8AF,2026-06-21T11:02:24.471019,True,4,4,mock_images/MCH-P-000208_f19d92.jpg,0.966,0.01,0.064,PASS,OP-008
MCH-P-000208,EV-5F3D299FB4,2026-05-13T09:40:24.471206,True,4,4,mock_images/MCH-P-000208_5d99b8.jpg,0.851,0.078,0.067,PASS,OP-005
MCH-P-000208,EV-31E20F7586,2026-04-25T11:49:24.476440,True,1,1,mock_images/MCH-P-000208_f86f72.jpg,0.935,0.104,0.0,PASS,OP-009
MCH-P-000209,EV-CE0DE7341B,2026-07-03T10:33:24.476890,True,6,6,mock_images/MCH-P-000209_cc1569.jpg,0.987,0.051,0.118,PASS,OP-007
MCH-P-000209,EV-7657593A76,2026-08-23T01:47:24.477100,True,3,3,mock_images/MCH-P-000209_ae8275.jpg,0.927,0.089,0.005,PASS,OP-002
MCH-P-000209,EV-3D751B4225,2026-07-06T17:16:24.477245,True,2,2,mock_images/MCH-P-000209_0fbe73.jpg,1.0,0.06,0.021,PASS,OP-002
MCH-P-000210,EV-F7CF6D382C,2026-05-25T00:38:24.477555,True,3,3,mock_images/MCH-P-000210_72444f.jpg,1.0,0.138,0.021,PASS,OP-008
MCH-P-000210,EV-3D763B1DE9,2026-06-26T22:25:24.477746,True,3,3,mock_images/MCH-P-000210_a66c36.jpg,0.946,0.188,0.078,PASS,OP-010
MCH-P-000210,EV-AC4C976AB8,2026-05-04T17:02:24.477877,True,5,5,mock_images/MCH-P-000210_fdf2ee.jpg,0.871,0.183,0.079,PASS,OP-005
MCH-P-000211,EV-DF3E2F4A5C,2026-07-07T02:00:24.478220,True,1,1,mock_images/MCH-P-000211_5f9757.jpg,1.0,0.077,0.156,PASS,OP-010
MCH-P-000211,EV-E479C4E8EB,2026-08-07T07:12:24.478377,True,6,6,mock_images/MCH-P-000211_e2e920.jpg,0.994,0.086,0.028,PASS,OP-001
MCH-P-000211,EV-24798AD0D1,2026-05-23T14:15:24.478508,True,1,1,mock_images/MCH-P-000211_a12dd4.jpg,1.0,0.086,0.028,PASS,OP-008
MCH-P-000212,EV-79E2969A74,2026-08-19T11:28:24.478794,True,5,5,mock_images/MCH-P-000212_671734.jpg,0.989,0.111,0.077,PASS,OP-004
MCH-P-000212,EV-D7A596CED7,2026-05-09T16:35:24.478943,True,8,7,mock_images/MCH-P-000212_8ae91e.jpg,0.992,0.01,0.114,FAIL,OP-005
MCH-P-000212,EV-29CAF8FDB2,2026-05-31T00:37:24.479077,True,7,7,mock_images/MCH-P-000212_9f59ac.jpg,0.883,0.104,0.024,PASS,OP-009
MCH-P-000213,EV-E4C275C37A,2026-05-29T00:32:24.479342,True,9,9,mock_images/MCH-P-000213_4fa177.jpg,0.864,0.034,0.051,PASS,OP-006
MCH-P-000213,EV-771EAC46E9,2026-04-30T13:30:24.479466,True,6,6,mock_images/MCH-P-000213_29068a.jpg,0.871,0.067,0.019,PASS,OP-007
MCH-P-000213,EV-9ADA073383,2026-07-12T22:32:24.479590,True,2,2,mock_images/MCH-P-000213_06c6c2.jpg,1.0,0.055,0.022,PASS,OP-003
MCH-P-000214,EV-5213AD32B0,2026-07-11T09:55:24.479881,True,1,1,mock_images/MCH-P-000214_23d816.jpg,0.96,0.0,0.0,PASS,OP-006
MCH-P-000214,EV-CCED266B04,2026-04-25T07:20:24.480021,True,5,5,mock_images/MCH-P-000214_f43a54.jpg,0.877,0.061,0.096,PASS,OP-001
MCH-P-000214,EV-154AF99DA7,2026-05-23T06:24:24.480172,True,1,1,mock_images/MCH-P-000214_4c5bdb.jpg,0.879,0.069,0.021,PASS,OP-007
MCH-P-000215,EV-099843205F,2026-04-12T02:21:24.480621,True,8,8,mock_images/MCH-P-000215_02df0e.jpg,0.946,0.0,0.004,PASS,OP-010
MCH-P-000215,EV-B2862D3905,2026-08-23T02:36:24.480858,True,1,1,mock_images/MCH-P-000215_4ef293.jpg,0.933,0.0,0.0,PASS,OP-005
MCH-P-000215,EV-4CB8AAB48F,2026-08-06T00:12:24.481037,True,9,9,mock_images/MCH-P-000215_f6402a.jpg,0.9,0.017,0.006,PASS,OP-009
MCH-P-000216,EV-8C65015234,2026-04-15T10:14:24.481419,True,1,1,mock_images/MCH-P-000216_2c4072.jpg,0.981,0.004,0.0,PASS,OP-004
MCH-P-000216,EV-B2C82DEB3F,2026-08-14T11:57:24.481552,True,6,6,mock_images/MCH-P-000216_8c0d75.jpg,0.932,0.009,0.085,PASS,OP-001
MCH-P-000216,EV-42A803E28E,2026-07-15T19:39:24.481695,True,2,2,mock_images/MCH-P-000216_1dc887.jpg,0.953,0.027,0.096,PASS,OP-007
MCH-P-000217,EV-F25DF4027D,2026-07-25T08:12:24.481957,True,1,1,mock_images/MCH-P-000217_a97bc2.jpg,0.843,0.0,0.097,PASS,OP-010
MCH-P-000217,EV-B20479EC35,2026-07-22T16:30:24.482081,True,3,3,mock_images/MCH-P-000217_534055.jpg,0.925,0.014,0.057,PASS,OP-001
MCH-P-000217,EV-58E0ABF78B,2026-06-17T13:55:24.482200,True,9,9,mock_images/MCH-P-000217_a9e4ba.jpg,0.979,0.027,0.0,PASS,OP-003
MCH-P-000218,EV-EDE8DB18DE,2026-07-11T03:25:24.482417,True,6,6,mock_images/MCH-P-000218_87a12b.jpg,0.855,0.0,0.039,PASS,OP-003
MCH-P-000218,EV-C5AE53592B,2026-08-07T05:30:24.482537,True,3,3,mock_images/MCH-P-000218_30a380.jpg,0.893,0.089,0.076,PASS,OP-006
MCH-P-000218,EV-C622AA4B6D,2026-04-28T09:09:24.482652,True,9,9,mock_images/MCH-P-000218_a62428.jpg,0.93,0.117,0.082,PASS,OP-003
MCH-P-000219,EV-4D3C88CBA7,2026-07-25T09:25:24.482859,True,7,7,mock_images/MCH-P-000219_b56518.jpg,0.941,0.056,0.072,PASS,OP-008
MCH-P-000219,EV-FA9AEAE833,2026-05-31T05:48:24.482981,True,6,6,mock_images/MCH-P-000219_6eab6e.jpg,1.0,0.129,0.012,PASS,OP-010
MCH-P-000219,EV-CF394C4AA7,2026-05-19T11:00:24.483107,True,4,4,mock_images/MCH-P-000219_a1046c.jpg,0.841,0.0,0.0,PASS,OP-006
MCH-P-000220,EV-ECB89E4EDF,2026-05-11T17:09:24.483420,True,8,8,mock_images/MCH-P-000220_d4349a.jpg,1.0,0.024,0.011,PASS,OP-008
MCH-P-000220,EV-9087E21E9F,2026-08-02T17:16:24.483568,True,2,2,mock_images/MCH-P-000220_2646c7.jpg,0.951,0.11,0.091,PASS,OP-010
MCH-P-000220,EV-073202FE21,2026-08-14T05:04:24.483742,True,3,3,mock_images/MCH-P-000220_2c7c82.jpg,0.917,0.088,0.071,PASS,OP-003
MCH-P-000221,EV-153ED12154,2026-04-11T11:52:24.484023,True,1,1,mock_images/MCH-P-000221_56806a.jpg,0.963,0.154,0.038,PASS,OP-010
MCH-P-000221,EV-543308B791,2026-05-31T18:57:24.484234,True,3,3,mock_images/MCH-P-000221_00564c.jpg,0.974,0.035,0.094,PASS,OP-010
MCH-P-000221,EV-A64C266189,2026-08-19T08:59:24.484401,True,8,7,mock_images/MCH-P-000221_b0afed.jpg,0.98,0.062,0.051,FAIL,OP-009
MCH-P-000222,EV-54EAAC4C0D,2026-05-08T19:05:24.484744,True,8,8,mock_images/MCH-P-000222_82bb3b.jpg,1.0,0.042,0.082,PASS,OP-006
MCH-P-000222,EV-550724AF33,2026-07-15T01:06:24.484890,True,9,9,mock_images/MCH-P-000222_1cd731.jpg,0.934,0.064,0.011,PASS,OP-007
MCH-P-000222,EV-22AD154148,2026-04-28T06:00:24.485025,True,5,5,mock_images/MCH-P-000222_db7c39.jpg,0.975,0.0,0.089,PASS,OP-008
MCH-P-000223,EV-8151F173B2,2026-08-07T07:29:24.485341,True,3,3,mock_images/MCH-P-000223_583f25.jpg,0.918,0.0,0.04,PASS,OP-004
MCH-P-000223,EV-F9F005D101,2026-05-04T15:45:24.485475,True,8,8,mock_images/MCH-P-000223_c536dc.jpg,0.889,0.063,0.114,PASS,OP-006
MCH-P-000223,EV-AC6576871F,2026-08-05T03:06:24.485597,True,9,9,mock_images/MCH-P-000223_ebc500.jpg,1.0,0.0,0.074,PASS,OP-005
MCH-P-000224,EV-B5FD2B3C1C,2026-05-14T02:45:24.485936,True,4,4,mock_images/MCH-P-000224_3963c4.jpg,1.0,0.014,0.031,PASS,OP-002
MCH-P-000224,EV-77A745FDE9,2026-05-07T11:36:24.486089,True,2,2,mock_images/MCH-P-000224_6895d8.jpg,0.92,0.112,0.065,PASS,OP-002
MCH-P-000224,EV-6338FB5996,2026-07-24T18:44:24.486258,True,1,1,mock_images/MCH-P-000224_d1f753.jpg,0.931,0.105,0.081,PASS,OP-007
MCH-P-000225,EV-607C4FC0FC,2026-07-25T21:55:24.486647,True,9,9,mock_images/MCH-P-000225_02b3a8.jpg,0.962,0.003,0.073,PASS,OP-006
MCH-P-000225,EV-C336387D9A,2026-04-12T13:22:24.486874,True,2,2,mock_images/MCH-P-000225_042c42.jpg,0.981,0.0,0.011,PASS,OP-009
MCH-P-000225,EV-5087F1A503,2026-05-01T16:33:24.487078,True,5,5,mock_images/MCH-P-000225_411058.jpg,0.954,0.142,0.007,PASS,OP-009
MCH-P-000226,EV-EF0F20A638,2026-06-08T23:00:24.487445,True,4,3,mock_images/MCH-P-000226_398640.jpg,0.887,0.118,0.044,FAIL,OP-001
MCH-P-000226,EV-58C318F32D,2026-05-26T02:36:24.487658,True,4,4,mock_images/MCH-P-000226_3c7f3f.jpg,0.968,0.031,0.039,PASS,OP-005
MCH-P-000226,EV-C04599A002,2026-06-25T23:08:24.487900,True,3,3,mock_images/MCH-P-000226_f0cecc.jpg,0.808,0.037,0.035,PASS,OP-001
MCH-P-000227,EV-4BDC10AAC2,2026-08-11T03:50:24.488275,True,5,5,mock_images/MCH-P-000227_6a0d07.jpg,0.943,0.075,0.011,PASS,OP-002
MCH-P-000227,EV-7EA8005007,2026-08-15T21:44:24.488447,True,8,8,mock_images/MCH-P-000227_644352.jpg,0.988,0.116,0.099,PASS,OP-010
MCH-P-000227,EV-FFFD9C864A,2026-05-10T18:16:24.488600,True,1,1,mock_images/MCH-P-000227_39b199.jpg,0.932,0.164,0.016,PASS,OP-003
MCH-P-000228,EV-BEDBD45716,2026-06-25T13:43:24.488991,True,7,7,mock_images/MCH-P-000228_243906.jpg,1.0,0.0,0.084,PASS,OP-004
MCH-P-000228,EV-532E619A55,2026-06-03T21:45:24.489142,True,4,4,mock_images/MCH-P-000228_b81d50.jpg,0.961,0.035,0.072,PASS,OP-007
MCH-P-000228,EV-264D9780DA,2026-06-17T23:29:24.489292,True,5,5,mock_images/MCH-P-000228_ec1554.jpg,0.951,0.008,0.017,PASS,OP-001
MCH-P-000229,EV-C01C519FAF,2026-08-22T13:50:24.489555,True,9,9,mock_images/MCH-P-000229_812289.jpg,0.936,0.139,0.037,PASS,OP-006
MCH-P-000229,EV-C1D8DD14AC,2026-05-18T12:22:24.489765,False,6,6,mock_images/MCH-P-000229_0d3e7f.jpg,1.0,0.07,0.023,FAIL,OP-004
MCH-P-000229,EV-1DB6D4FA5E,2026-07-20T20:53:24.489953,True,9,9,mock_images/MCH-P-000229_cbb96d.jpg,0.97,0.051,0.034,PASS,OP-008
MCH-P-000230,EV-82449F0472,2026-04-12T11:38:24.490932,True,5,5,mock_images/MCH-P-000230_334dde.jpg,0.989,0.036,0.067,PASS,OP-010
MCH-P-000230,EV-216AFF252A,2026-07-27T22:09:24.491850,True,5,5,mock_images/MCH-P-000230_887e0e.jpg,0.976,0.0,0.009,PASS,OP-001
MCH-P-000230,EV-16F263AA1A,2026-05-29T13:23:24.492101,True,6,6,mock_images/MCH-P-000230_878dde.jpg,0.902,0.059,0.031,PASS,OP-006
MCH-P-000231,EV-B399F05019,2026-05-09T01:34:24.492554,True,8,8,mock_images/MCH-P-000231_297ddc.jpg,0.958,0.025,0.0,PASS,OP-006
MCH-P-000231,EV-FCB98D3EEF,2026-04-27T14:39:24.492867,True,9,9,mock_images/MCH-P-000231_c349e4.jpg,0.895,0.082,0.08,PASS,OP-002
MCH-P-000231,EV-D887F502A6,2026-04-15T19:45:24.493079,True,6,6,mock_images/MCH-P-000231_ae5fa0.jpg,0.924,0.074,0.0,PASS,OP-008
MCH-P-000232,EV-C1D6C0CD7B,2026-07-27T02:17:24.493393,True,3,3,mock_images/MCH-P-000232_28de00.jpg,0.967,0.088,0.089,PASS,OP-008
MCH-P-000232,EV-EE16D8580A,2026-07-06T12:42:24.493526,True,1,0,mock_images/MCH-P-000232_2c4563.jpg,0.844,0.148,0.05,FAIL,OP-006
MCH-P-000232,EV-720E116714,2026-06-14T18:02:24.493647,True,1,1,mock_images/MCH-P-000232_7238c7.jpg,0.941,0.125,0.028,PASS,OP-005
MCH-P-000233,EV-3F5B0D4C17,2026-05-03T19:44:24.493917,True,3,3,mock_images/MCH-P-000233_df47c4.jpg,0.966,0.016,0.081,PASS,OP-004
MCH-P-000233,EV-30311E7189,2026-04-18T00:47:24.494045,True,6,6,mock_images/MCH-P-000233_407f79.jpg,0.951,0.004,0.036,PASS,OP-001
MCH-P-000233,EV-604A635CC8,2026-04-28T00:00:24.494163,True,1,1,mock_images/MCH-P-000233_ca529a.jpg,1.0,0.064,0.0,PASS,OP-006
MCH-P-000234,EV-E66D4E5F96,2026-07-18T09:51:24.494427,True,3,3,mock_images/MCH-P-000234_8bbe66.jpg,0.933,0.093,0.055,PASS,OP-008
MCH-P-000234,EV-A0A7676006,2026-08-21T16:41:24.494577,True,9,9,mock_images/MCH-P-000234_1c9b35.jpg,1.0,0.064,0.119,PASS,OP-009
MCH-P-000234,EV-B6F5423C06,2026-05-20T14:07:24.494735,True,7,7,mock_images/MCH-P-000234_b1e62d.jpg,0.823,0.026,0.08,PASS,OP-008
MCH-P-000235,EV-389C744A5C,2026-07-24T06:11:24.495517,True,2,2,mock_images/MCH-P-000235_d92489.jpg,0.957,0.048,0.059,PASS,OP-006
MCH-P-000235,EV-9DA14EAE74,2026-06-13T12:15:24.495772,True,6,6,mock_images/MCH-P-000235_dc8c0e.jpg,0.948,0.023,0.044,PASS,OP-001
MCH-P-000235,EV-3FB763115B,2026-04-30T06:06:24.495930,True,6,6,mock_images/MCH-P-000235_bf7f6c.jpg,0.952,0.014,0.018,PASS,OP-007
MCH-P-000236,EV-4210C020DE,2026-04-23T13:39:24.496301,True,2,2,mock_images/MCH-P-000236_e527ee.jpg,0.951,0.092,0.0,PASS,OP-006
MCH-P-000236,EV-29FCB4B16B,2026-04-29T20:53:24.496444,True,6,6,mock_images/MCH-P-000236_8b6e4f.jpg,0.896,0.092,0.071,PASS,OP-003
MCH-P-000236,EV-A825F43CF1,2026-06-16T09:47:24.496570,True,2,2,mock_images/MCH-P-000236_657481.jpg,0.98,0.09,0.025,PASS,OP-005
MCH-P-000237,EV-CA7C839DFD,2026-04-22T09:06:24.496868,True,5,5,mock_images/MCH-P-000237_6dc856.jpg,1.0,0.048,0.03,PASS,OP-003
MCH-P-000237,EV-686B084CF4,2026-04-30T12:45:24.497038,True,5,4,mock_images/MCH-P-000237_e470e1.jpg,0.925,0.119,0.025,FAIL,OP-005
MCH-P-000237,EV-42F42800A0,2026-04-24T17:18:24.497210,True,5,5,mock_images/MCH-P-000237_f864e1.jpg,0.971,0.007,0.0,PASS,OP-002
MCH-P-000238,EV-777856EB7F,2026-07-30T14:08:24.497599,True,9,9,mock_images/MCH-P-000238_58de13.jpg,1.0,0.169,0.044,PASS,OP-004
MCH-P-000238,EV-E09D2529A5,2026-06-24T12:15:24.497976,True,2,2,mock_images/MCH-P-000238_d55951.jpg,0.947,0.0,0.043,PASS,OP-004
MCH-P-000238,EV-F291003EDE,2026-08-05T03:05:24.498383,True,2,2,mock_images/MCH-P-000238_bc3b54.jpg,0.942,0.035,0.061,PASS,OP-001
MCH-P-000239,EV-35C8344F7E,2026-04-18T00:14:24.498806,True,3,3,mock_images/MCH-P-000239_892ee0.jpg,1.0,0.0,0.0,PASS,OP-008
MCH-P-000239,EV-7B19A8C509,2026-06-01T14:01:24.498958,True,4,4,mock_images/MCH-P-000239_f11932.jpg,0.92,0.0,0.055,PASS,OP-009
MCH-P-000239,EV-0237444C73,2026-07-02T21:56:24.499093,True,1,1,mock_images/MCH-P-000239_8bebcc.jpg,0.927,0.014,0.043,PASS,OP-005
MCH-P-000240,EV-AB409B5071,2026-07-30T20:28:24.499426,True,4,4,mock_images/MCH-P-000240_8a3fe2.jpg,0.981,0.037,0.063,PASS,OP-006
MCH-P-000240,EV-D2CDD357F8,2026-05-08T05:57:24.499581,True,1,1,mock_images/MCH-P-000240_0f72bc.jpg,0.944,0.042,0.053,PASS,OP-001
MCH-P-000240,EV-CD47104F5C,2026-06-04T15:46:24.499714,True,5,5,mock_images/MCH-P-000240_621927.jpg,0.941,0.0,0.071,PASS,OP-007
MCH-P-000241,EV-3C45DBF253,2026-05-17T18:15:24.500001,True,7,7,mock_images/MCH-P-000241_150073.jpg,0.94,0.015,0.05,PASS,OP-005
MCH-P-000241,EV-53D9D2729E,2026-04-29T23:30:24.500163,True,1,1,mock_images/MCH-P-000241_df7e4e.jpg,0.962,0.007,0.033,PASS,OP-005
MCH-P-000241,EV-41915D84DC,2026-06-22T16:33:24.500291,True,6,6,mock_images/MCH-P-000241_e8a1ee.jpg,0.996,0.027,0.0,PASS,OP-008
MCH-P-000242,EV-7C95EFD07F,2026-07-07T22:14:24.500557,True,5,5,mock_images/MCH-P-000242_e1f47e.jpg,0.945,0.136,0.082,PASS,OP-002
MCH-P-000242,EV-D8E983CE1F,2026-04-19T19:37:24.500692,True,2,2,mock_images/MCH-P-000242_1a6e0e.jpg,0.855,0.132,0.0,PASS,OP-008
MCH-P-000242,EV-AE8DF8C17D,2026-06-09T14:47:24.500815,True,4,4,mock_images/MCH-P-000242_b368dc.jpg,1.0,0.011,0.141,PASS,OP-009
MCH-P-000243,EV-B605D35644,2026-06-16T10:10:24.501507,True,4,4,mock_images/MCH-P-000243_dc7351.jpg,0.958,0.103,0.014,PASS,OP-010
MCH-P-000243,EV-13197F3416,2026-07-03T12:33:24.501712,True,5,5,mock_images/MCH-P-000243_9f0da0.jpg,0.93,0.14,0.042,PASS,OP-008
MCH-P-000243,EV-499362002F,2026-04-14T08:18:24.501865,True,7,7,mock_images/MCH-P-000243_76665d.jpg,0.945,0.105,0.07,PASS,OP-001
MCH-P-000244,EV-B6F1F44847,2026-08-12T23:19:24.502192,True,1,1,mock_images/MCH-P-000244_fcfdc1.jpg,0.947,0.031,0.0,PASS,OP-006
MCH-P-000244,EV-F9DE5E0F9D,2026-05-31T20:12:24.502343,True,7,7,mock_images/MCH-P-000244_fa0144.jpg,1.0,0.0,0.038,PASS,OP-001
MCH-P-000244,EV-B53DC368FD,2026-04-25T22:16:24.502472,True,9,9,mock_images/MCH-P-000244_39082a.jpg,0.987,0.0,0.092,PASS,OP-008
MCH-P-000245,EV-39FB5B6FE6,2026-08-03T01:33:24.502813,True,9,9,mock_images/MCH-P-000245_06d552.jpg,0.863,0.0,0.0,PASS,OP-007
MCH-P-000245,EV-AD1152D999,2026-07-25T07:08:24.502963,True,2,2,mock_images/MCH-P-000245_5775bf.jpg,0.996,0.07,0.091,PASS,OP-008
MCH-P-000245,EV-731AA11DCA,2026-04-17T01:03:24.503145,True,1,1,mock_images/MCH-P-000245_425df4.jpg,0.942,0.0,0.065,PASS,OP-007
MCH-P-000246,EV-90AC33BF46,2026-06-30T02:32:24.503562,True,4,4,mock_images/MCH-P-000246_c5d1e5.jpg,0.949,0.012,0.023,PASS,OP-002
MCH-P-000246,EV-719E92E41D,2026-05-01T09:06:24.503775,True,2,2,mock_images/MCH-P-000246_bb8131.jpg,0.9,0.144,0.073,PASS,OP-001
MCH-P-000246,EV-E2341C7184,2026-07-21T03:33:24.503948,True,3,3,mock_images/MCH-P-000246_6cdfeb.jpg,0.966,0.015,0.062,PASS,OP-002
MCH-P-000247,EV-8A8D5D5E7E,2026-08-21T04:20:24.504422,True,2,2,mock_images/MCH-P-000247_01b0df.jpg,0.852,0.103,0.048,PASS,OP-009
MCH-P-000247,EV-2E54BAB94E,2026-05-09T02:55:24.504626,True,7,7,mock_images/MCH-P-000247_a8e2f2.jpg,1.0,0.047,0.07,PASS,OP-002
MCH-P-000247,EV-F18CCF9779,2026-07-18T07:14:24.504787,True,9,9,mock_images/MCH-P-000247_a961ef.jpg,0.989,0.118,0.08,PASS,OP-006
MCH-P-000248,EV-11E0EC8D09,2026-06-07T06:32:24.505127,True,8,8,mock_images/MCH-P-000248_42dda9.jpg,1.0,0.169,0.048,PASS,OP-002
MCH-P-000248,EV-1CB2D98939,2026-05-02T14:02:24.505319,True,3,3,mock_images/MCH-P-000248_1654c4.jpg,0.9,0.046,0.032,PASS,OP-002
MCH-P-000248,EV-84D486EEFC,2026-08-15T04:15:24.505465,True,7,7,mock_images/MCH-P-000248_c9ea2a.jpg,0.986,0.064,0.096,PASS,OP-010
MCH-P-000249,EV-F33264571E,2026-08-02T12:14:24.505747,True,4,4,mock_images/MCH-P-000249_29def4.jpg,0.979,0.079,0.005,PASS,OP-003
MCH-P-000249,EV-D9CC551E9F,2026-05-09T19:47:24.505983,True,5,5,mock_images/MCH-P-000249_d6f23f.jpg,0.951,0.129,0.038,PASS,OP-007
MCH-P-000249,EV-06847EEDE9,2026-05-22T11:01:24.506152,True,4,4,mock_images/MCH-P-000249_2fb078.jpg,0.998,0.05,0.037,PASS,OP-007
MCH-P-000250,EV-F0A5B04C4B,2026-07-04T19:54:24.506569,True,9,9,mock_images/MCH-P-000250_59921c.jpg,0.893,0.106,0.014,PASS,OP-003
MCH-P-000250,EV-AA5D81C73D,2026-07-18T07:15:24.506768,True,4,4,mock_images/MCH-P-000250_460b02.jpg,0.979,0.039,0.044,PASS,OP-008
MCH-P-000250,EV-C78DEB9847,2026-04-27T10:17:24.506922,True,9,9,mock_images/MCH-P-000250_730271.jpg,0.972,0.007,0.055,PASS,OP-007
MCH-P-000251,EV-0BAC3B50ED,2026-06-09T08:42:24.507258,True,1,1,mock_images/MCH-P-000251_097096.jpg,0.874,0.044,0.069,PASS,OP-007
MCH-P-000251,EV-2BBB730632,2026-05-21T07:44:24.507434,True,9,9,mock_images/MCH-P-000251_69137b.jpg,1.0,0.077,0.04,PASS,OP-007
MCH-P-000251,EV-E36221063C,2026-08-17T11:40:24.507589,True,9,9,mock_images/MCH-P-000251_db0849.jpg,0.993,0.009,0.09,PASS,OP-005
MCH-P-000252,EV-D7D36C5FB0,2026-04-30T21:04:24.507928,True,9,8,mock_images/MCH-P-000252_2ead2f.jpg,0.928,0.108,0.023,FAIL,OP-007
MCH-P-000252,EV-7CC12ED5AF,2026-04-27T05:20:24.508160,True,5,5,mock_images/MCH-P-000252_020f4f.jpg,1.0,0.116,0.069,PASS,OP-008
MCH-P-000252,EV-9304969387,2026-07-26T01:42:24.508328,True,3,3,mock_images/MCH-P-000252_8d09fd.jpg,0.843,0.099,0.028,PASS,OP-007
MCH-P-000253,EV-7F98F933B7,2026-05-05T21:04:24.508812,True,2,2,mock_images/MCH-P-000253_ce9d34.jpg,0.95,0.045,0.071,PASS,OP-010
MCH-P-000253,EV-7EF7781DBD,2026-07-18T14:02:24.509053,True,9,8,mock_images/MCH-P-000253_f3c50a.jpg,0.931,0.0,0.031,FAIL,OP-010
MCH-P-000253,EV-A09ED288AE,2026-05-29T07:48:24.509326,True,1,1,mock_images/MCH-P-000253_3c2055.jpg,0.991,0.14,0.07,PASS,OP-004
MCH-P-000254,EV-51443374EF,2026-04-29T20:16:24.509957,True,9,9,mock_images/MCH-P-000254_9913dd.jpg,0.949,0.097,0.083,PASS,OP-007
MCH-P-000254,EV-0FC94A3421,2026-04-27T05:37:24.512623,True,6,6,mock_images/MCH-P-000254_44bffd.jpg,0.972,0.142,0.073,PASS,OP-005
MCH-P-000254,EV-48D4AE82EB,2026-08-04T22:02:24.512870,True,7,6,mock_images/MCH-P-000254_590774.jpg,1.0,0.106,0.0,FAIL,OP-006
MCH-P-000255,EV-22E1585457,2026-06-21T15:43:24.513265,True,1,1,mock_images/MCH-P-000255_5d3716.jpg,0.955,0.126,0.057,PASS,OP-007
MCH-P-000255,EV-D417B9086E,2026-04-08T22:01:24.513399,True,4,4,mock_images/MCH-P-000255_5af2f5.jpg,0.883,0.046,0.0,PASS,OP-002
MCH-P-000255,EV-9F0FD5AD62,2026-06-15T13:41:24.513523,True,9,9,mock_images/MCH-P-000255_d52271.jpg,1.0,0.121,0.168,PASS,OP-005
MCH-P-000256,EV-F7E2A71E0B,2026-06-10T17:46:24.513809,True,1,1,mock_images/MCH-P-000256_cab57d.jpg,0.915,0.035,0.053,PASS,OP-003
MCH-P-000256,EV-5945FE2697,2026-04-26T21:40:24.513955,True,2,2,mock_images/MCH-P-000256_0825c0.jpg,0.952,0.057,0.143,PASS,OP-001
MCH-P-000256,EV-EC43B1994D,2026-04-19T13:27:24.514082,True,7,7,mock_images/MCH-P-000256_4d99df.jpg,0.934,0.179,0.0,PASS,OP-005
MCH-P-000257,EV-0EF811235F,2026-07-05T17:19:24.514400,True,7,7,mock_images/MCH-P-000257_a92ee3.jpg,0.971,0.073,0.056,PASS,OP-001
MCH-P-000257,EV-928485E502,2026-07-01T09:44:24.514541,True,6,6,mock_images/MCH-P-000257_ad7a0b.jpg,0.917,0.116,0.095,PASS,OP-005
MCH-P-000257,EV-65A3671412,2026-04-09T16:46:24.514667,True,1,1,mock_images/MCH-P-000257_8c5152.jpg,0.966,0.124,0.061,PASS,OP-010
MCH-P-000258,EV-713745F52A,2026-07-17T11:46:24.514967,True,6,6,mock_images/MCH-P-000258_c41940.jpg,0.936,0.12,0.0,PASS,OP-004
MCH-P-000258,EV-A2B211CB9C,2026-04-07T03:19:24.515156,True,4,4,mock_images/MCH-P-000258_4a312c.jpg,0.942,0.074,0.068,PASS,OP-004
MCH-P-000258,EV-5EEF577960,2026-04-26T21:27:24.515318,True,9,9,mock_images/MCH-P-000258_26fdbe.jpg,0.949,0.007,0.069,PASS,OP-010
MCH-P-000259,EV-FA6C92033D,2026-08-17T12:26:24.515668,True,8,8,mock_images/MCH-P-000259_e1fba5.jpg,0.844,0.085,0.004,PASS,OP-006
MCH-P-000259,EV-28DB4A17D2,2026-06-10T06:40:24.515844,True,1,1,mock_images/MCH-P-000259_6c2dad.jpg,0.974,0.078,0.058,PASS,OP-004
MCH-P-000259,EV-C8E78661C3,2026-04-27T03:32:24.515984,True,4,4,mock_images/MCH-P-000259_d9deb7.jpg,0.934,0.114,0.0,PASS,OP-009
MCH-P-000260,EV-2E3F026DC6,2026-07-09T06:17:24.516338,True,2,2,mock_images/MCH-P-000260_cfb992.jpg,0.866,0.128,0.019,PASS,OP-006
MCH-P-000260,EV-F5E65BA0B5,2026-08-07T11:05:24.516528,True,9,9,mock_images/MCH-P-000260_2d4290.jpg,0.953,0.16,0.012,PASS,OP-008
MCH-P-000260,EV-4FE40A2BED,2026-06-13T23:51:24.516673,True,8,8,mock_images/MCH-P-000260_87a0d6.jpg,0.926,0.086,0.072,PASS,OP-008
MCH-P-000261,EV-1D055908FE,2026-07-20T18:03:24.517437,True,4,4,mock_images/MCH-P-000261_20766d.jpg,1.0,0.078,0.054,PASS,OP-009
MCH-P-000261,EV-680D565CCD,2026-06-23T08:06:24.517773,True,9,8,mock_images/MCH-P-000261_db92c3.jpg,0.896,0.049,0.088,FAIL,OP-005
MCH-P-000261,EV-2236714784,2026-06-11T14:04:24.517947,True,3,3,mock_images/MCH-P-000261_51659b.jpg,0.961,0.044,0.107,PASS,OP-010
MCH-P-000262,EV-097477E429,2026-05-13T02:25:24.518437,True,3,2,mock_images/MCH-P-000262_b5cbca.jpg,0.947,0.036,0.034,FAIL,OP-002
MCH-P-000262,EV-44A87E9879,2026-07-23T07:36:24.518629,True,9,9,mock_images/MCH-P-000262_6ee108.jpg,1.0,0.088,0.069,PASS,OP-010
MCH-P-000262,EV-7F89BA26E1,2026-05-06T09:43:24.518834,True,7,7,mock_images/MCH-P-000262_cbc88d.jpg,0.927,0.041,0.063,PASS,OP-003
MCH-P-000263,EV-2D1A0EC265,2026-07-21T19:45:24.519283,True,6,6,mock_images/MCH-P-000263_5fa88c.jpg,1.0,0.0,0.091,PASS,OP-005
MCH-P-000263,EV-FDF0E7C201,2026-06-02T08:29:24.519581,True,3,3,mock_images/MCH-P-000263_21fb4e.jpg,0.927,0.034,0.067,PASS,OP-010
MCH-P-000263,EV-D9C593B1AC,2026-08-06T16:52:24.519756,True,5,5,mock_images/MCH-P-000263_4603fb.jpg,0.97,0.095,0.074,PASS,OP-009
MCH-P-000264,EV-756723FA8C,2026-08-17T05:35:24.520166,True,8,8,mock_images/MCH-P-000264_b1f633.jpg,0.946,0.061,0.046,PASS,OP-009
MCH-P-000264,EV-E376138911,2026-04-22T17:23:24.520337,True,2,1,mock_images/MCH-P-000264_282c08.jpg,0.992,0.07,0.037,FAIL,OP-009
MCH-P-000264,EV-1CE72C79D7,2026-05-05T19:12:24.520725,True,6,6,mock_images/MCH-P-000264_510122.jpg,1.0,0.122,0.059,PASS,OP-009
MCH-P-000265,EV-50A2E1151C,2026-05-01T05:46:24.521078,True,2,2,mock_images/MCH-P-000265_b43a01.jpg,0.959,0.0,0.0,PASS,OP-002
MCH-P-000265,EV-7014FB63E4,2026-06-19T22:03:24.521222,True,3,3,mock_images/MCH-P-000265_81f0b5.jpg,0.941,0.0,0.103,PASS,OP-009
MCH-P-000265,EV-8431262110,2026-04-19T08:40:24.521353,True,5,5,mock_images/MCH-P-000265_756843.jpg,0.858,0.072,0.009,PASS,OP-007
MCH-P-000266,EV-538B1C9B4E,2026-04-08T03:34:24.521720,True,1,1,mock_images/MCH-P-000266_02e487.jpg,0.927,0.0,0.0,PASS,OP-005
MCH-P-000266,EV-A3334CCCA4,2026-08-15T22:29:24.521871,True,2,2,mock_images/MCH-P-000266_2ccd46.jpg,0.984,0.078,0.019,PASS,OP-003
MCH-P-000266,EV-6FF7E56241,2026-05-29T22:34:24.522011,True,6,6,mock_images/MCH-P-000266_052836.jpg,0.953,0.062,0.035,PASS,OP-006
MCH-P-000267,EV-6F51AC73D0,2026-06-12T05:55:24.522304,True,5,5,mock_images/MCH-P-000267_d45867.jpg,1.0,0.021,0.05,PASS,OP-009
MCH-P-000267,EV-27AC54A4B9,2026-04-26T16:13:24.522442,True,5,5,mock_images/MCH-P-000267_e8096e.jpg,0.944,0.0,0.062,PASS,OP-006
MCH-P-000267,EV-3CD33AAC4C,2026-06-26T14:38:24.522582,True,7,7,mock_images/MCH-P-000267_2b3d46.jpg,0.974,0.0,0.057,PASS,OP-003
MCH-P-000268,EV-73054A2C76,2026-08-01T17:48:24.522960,True,1,1,mock_images/MCH-P-000268_c40e24.jpg,0.963,0.006,0.119,PASS,OP-001
MCH-P-000268,EV-E5933FA8BD,2026-05-29T19:31:24.523172,True,3,3,mock_images/MCH-P-000268_624dc5.jpg,0.973,0.0,0.0,PASS,OP-002
MCH-P-000268,EV-388C31B4B0,2026-05-24T09:03:24.523323,True,8,8,mock_images/MCH-P-000268_624655.jpg,0.968,0.0,0.065,PASS,OP-007
MCH-P-000269,EV-9EE5423B2D,2026-06-19T18:27:24.523699,True,9,9,mock_images/MCH-P-000269_61f4b6.jpg,0.878,0.139,0.066,PASS,OP-004
MCH-P-000269,EV-B86BAB4342,2026-04-27T19:45:24.523883,True,1,1,mock_images/MCH-P-000269_337220.jpg,0.925,0.141,0.084,PASS,OP-006
MCH-P-000269,EV-D3847257F9,2026-04-22T23:54:24.524068,True,4,4,mock_images/MCH-P-000269_aebc92.jpg,1.0,0.138,0.019,PASS,OP-005
MCH-P-000270,EV-0790E82973,2026-07-04T07:51:24.524499,True,5,5,mock_images/MCH-P-000270_2a2d04.jpg,0.942,0.054,0.067,PASS,OP-007
MCH-P-000270,EV-443EB5A62F,2026-08-22T18:40:24.524709,True,1,1,mock_images/MCH-P-000270_641864.jpg,0.967,0.02,0.084,PASS,OP-006
MCH-P-000270,EV-6F69DAE19E,2026-08-20T03:43:24.524844,True,3,3,mock_images/MCH-P-000270_2ae6f3.jpg,0.945,0.069,0.107,PASS,OP-008
MCH-P-000271,EV-486DF794CB,2026-07-25T02:50:24.527170,True,3,3,mock_images/MCH-P-000271_7c39c5.jpg,0.987,0.22,0.06,PASS,OP-009
MCH-P-000271,EV-8C83F3F3DF,2026-06-25T22:56:24.527810,True,2,2,mock_images/MCH-P-000271_e3a41a.jpg,0.996,0.056,0.021,PASS,OP-002
MCH-P-000271,EV-E357AFC67A,2026-04-08T12:48:24.528033,True,2,2,mock_images/MCH-P-000271_141995.jpg,0.982,0.098,0.026,PASS,OP-009
MCH-P-000272,EV-E4B6305FAF,2026-07-09T11:03:24.528518,True,6,6,mock_images/MCH-P-000272_d4be4e.jpg,0.879,0.035,0.006,PASS,OP-003
MCH-P-000272,EV-12028D5584,2026-05-09T11:54:24.528761,True,8,8,mock_images/MCH-P-000272_14cd19.jpg,1.0,0.0,0.101,PASS,OP-009
MCH-P-000272,EV-61A89A5B42,2026-06-22T07:52:24.528928,True,4,4,mock_images/MCH-P-000272_382e37.jpg,1.0,0.018,0.036,PASS,OP-004
MCH-P-000273,EV-663C6DF70F,2026-06-10T10:44:24.529342,True,9,9,mock_images/MCH-P-000273_9cb0fd.jpg,0.965,0.012,0.016,PASS,OP-002
MCH-P-000273,EV-52C5A7E7DE,2026-08-02T21:32:24.529536,True,8,8,mock_images/MCH-P-000273_04a994.jpg,0.935,0.006,0.061,PASS,OP-004
MCH-P-000273,EV-32D84EC24D,2026-05-09T03:17:24.529688,True,5,5,mock_images/MCH-P-000273_a6a1cf.jpg,1.0,0.073,0.084,PASS,OP-009
MCH-P-000274,EV-9542E0651C,2026-07-16T17:46:24.530358,False,2,2,mock_images/MCH-P-000274_4a55fe.jpg,0.891,0.046,0.0,FAIL,OP-010
MCH-P-000274,EV-5CDD79E583,2026-05-14T03:30:24.530611,True,8,8,mock_images/MCH-P-000274_e1eafe.jpg,1.0,0.065,0.02,PASS,OP-003
MCH-P-000274,EV-E21A7A9F1F,2026-07-13T01:57:24.530805,True,7,7,mock_images/MCH-P-000274_09501e.jpg,0.939,0.011,0.059,PASS,OP-003
MCH-P-000275,EV-C5BB842418,2026-06-14T17:50:24.531295,True,1,1,mock_images/MCH-P-000275_d6e916.jpg,0.941,0.025,0.042,PASS,OP-003
MCH-P-000275,EV-088EB37911,2026-07-05T21:38:24.531544,True,1,0,mock_images/MCH-P-000275_abba13.jpg,0.931,0.029,0.044,FAIL,OP-004
MCH-P-000275,EV-0CD5F82290,2026-05-08T15:59:24.531918,True,5,5,mock_images/MCH-P-000275_10aa5c.jpg,0.977,0.056,0.09,PASS,OP-007
MCH-P-000276,EV-780BC91E96,2026-04-11T12:23:24.532635,True,4,4,mock_images/MCH-P-000276_38a089.jpg,0.928,0.0,0.005,PASS,OP-003
MCH-P-000276,EV-5819BE474A,2026-05-21T23:34:24.532876,True,4,4,mock_images/MCH-P-000276_26d4ca.jpg,0.98,0.053,0.049,PASS,OP-004
MCH-P-000276,EV-3C4C193FF2,2026-08-14T13:04:24.533083,True,9,9,mock_images/MCH-P-000276_be46d0.jpg,0.944,0.0,0.041,PASS,OP-001
MCH-P-000277,EV-7FA3AD51C4,2026-06-08T16:46:24.533835,True,6,6,mock_images/MCH-P-000277_8ed03b.jpg,0.885,0.081,0.06,PASS,OP-009
MCH-P-000277,EV-00C8854C59,2026-08-16T23:13:24.535512,True,4,4,mock_images/MCH-P-000277_351a7c.jpg,0.934,0.0,0.147,PASS,OP-007
MCH-P-000277,EV-C5B9CD933B,2026-05-13T13:56:24.535800,True,3,3,mock_images/MCH-P-000277_13674d.jpg,0.9,0.047,0.0,PASS,OP-002
MCH-P-000278,EV-7BF754CFF6,2026-05-31T09:11:24.536341,True,3,3,mock_images/MCH-P-000278_bcedc9.jpg,0.988,0.0,0.098,PASS,OP-006
MCH-P-000278,EV-0D7FF073EB,2026-05-21T04:53:24.536523,True,3,3,mock_images/MCH-P-000278_742619.jpg,1.0,0.0,0.03,PASS,OP-010
MCH-P-000278,EV-427F910C86,2026-07-18T22:06:24.536688,True,7,7,mock_images/MCH-P-000278_7bffd5.jpg,0.858,0.053,0.096,PASS,OP-007
MCH-P-000279,EV-78E411B6F9,2026-08-17T11:47:24.537176,True,1,1,mock_images/MCH-P-000279_0f0e7b.jpg,0.888,0.0,0.028,PASS,OP-004
MCH-P-000279,EV-D09ED9C6B1,2026-06-16T10:26:24.537403,True,2,2,mock_images/MCH-P-000279_870fb3.jpg,0.992,0.03,0.005,PASS,OP-008
MCH-P-000279,EV-5FFCC1B4AE,2026-07-12T07:01:24.537613,True,6,6,mock_images/MCH-P-000279_1bb78c.jpg,0.965,0.08,0.054,PASS,OP-004
MCH-P-000280,EV-FDEF9631A4,2026-07-23T13:41:24.539049,True,2,2,mock_images/MCH-P-000280_fe1a00.jpg,0.853,0.273,0.024,PASS,OP-001
MCH-P-000280,EV-2AC25CCD9B,2026-08-22T19:14:24.539341,True,7,7,mock_images/MCH-P-000280_e0b739.jpg,0.876,0.119,0.048,PASS,OP-002
MCH-P-000280,EV-A18A8B4559,2026-04-18T04:29:24.539550,True,9,9,mock_images/MCH-P-000280_a04179.jpg,0.915,0.059,0.0,PASS,OP-009
MCH-P-000281,EV-416CB6CBDF,2026-04-23T11:51:24.540369,True,1,1,mock_images/MCH-P-000281_3817aa.jpg,0.929,0.095,0.015,PASS,OP-008
MCH-P-000281,EV-B26192D82E,2026-07-05T19:52:24.540654,True,1,1,mock_images/MCH-P-000281_2a3e86.jpg,0.914,0.0,0.0,PASS,OP-009
MCH-P-000281,EV-0F5BD4580A,2026-06-10T04:45:24.540892,True,2,2,mock_images/MCH-P-000281_da51b4.jpg,0.945,0.142,0.0,PASS,OP-003
MCH-P-000282,EV-8E202112E3,2026-07-31T08:03:24.541417,True,9,9,mock_images/MCH-P-000282_bd2b90.jpg,0.837,0.09,0.02,PASS,OP-003
MCH-P-000282,EV-4C0B43287A,2026-07-06T03:27:24.541660,True,6,6,mock_images/MCH-P-000282_ac4e36.jpg,0.897,0.111,0.036,PASS,OP-007
MCH-P-000282,EV-61C089B5F0,2026-04-23T07:29:24.541892,True,7,7,mock_images/MCH-P-000282_ed4fb5.jpg,0.917,0.091,0.006,PASS,OP-004
MCH-P-000283,EV-9BD86C96E6,2026-07-20T23:43:24.542365,True,3,3,mock_images/MCH-P-000283_8efe66.jpg,1.0,0.137,0.068,PASS,OP-009
MCH-P-000283,EV-9277967054,2026-06-18T12:06:24.542612,True,3,3,mock_images/MCH-P-000283_098898.jpg,1.0,0.0,0.014,PASS,OP-001
MCH-P-000283,EV-E49B027180,2026-08-07T08:34:24.542845,True,2,2,mock_images/MCH-P-000283_5c434e.jpg,1.0,0.099,0.081,PASS,OP-008
MCH-P-000284,EV-407D8967FB,2026-06-15T18:22:24.543339,True,2,2,mock_images/MCH-P-000284_e326c1.jpg,0.967,0.083,0.032,PASS,OP-006
MCH-P-000284,EV-2B01EB4273,2026-06-09T23:42:24.543605,True,3,3,mock_images/MCH-P-000284_3b9cfe.jpg,0.922,0.006,0.065,PASS,OP-003
MCH-P-000284,EV-ABD2236B5C,2026-08-04T01:14:24.543841,True,8,8,mock_images/MCH-P-000284_1ccbc5.jpg,0.881,0.067,0.036,PASS,OP-009
MCH-P-000285,EV-1848F0CCFC,2026-08-14T06:25:24.544291,True,8,8,mock_images/MCH-P-000285_39f23b.jpg,0.958,0.044,0.0,PASS,OP-002
MCH-P-000285,EV-DDD466C255,2026-05-05T09:32:24.544529,True,2,2,mock_images/MCH-P-000285_eefb01.jpg,0.872,0.045,0.032,PASS,OP-002
MCH-P-000285,EV-BE81601178,2026-08-08T02:27:24.544734,True,9,9,mock_images/MCH-P-000285_b2d062.jpg,0.98,0.052,0.054,PASS,OP-004
MCH-P-000286,EV-3BB21721CA,2026-04-30T23:11:24.545368,True,1,1,mock_images/MCH-P-000286_476d7a.jpg,0.926,0.093,0.078,PASS,OP-010
MCH-P-000286,EV-654E8C65C3,2026-05-07T14:12:24.545667,True,6,6,mock_images/MCH-P-000286_cada96.jpg,0.954,0.045,0.058,PASS,OP-007
MCH-P-000286,EV-EF450D0D76,2026-07-07T05:34:24.545933,True,6,6,mock_images/MCH-P-000286_a433d0.jpg,0.96,0.005,0.008,PASS,OP-004
MCH-P-000287,EV-3FC3FBF4F5,2026-07-18T16:16:24.546636,True,7,7,mock_images/MCH-P-000287_3ac002.jpg,0.975,0.052,0.079,PASS,OP-002
MCH-P-000287,EV-2119280896,2026-07-08T12:53:24.546932,True,1,1,mock_images/MCH-P-000287_fc6f90.jpg,1.0,0.036,0.08,PASS,OP-006
MCH-P-000287,EV-5E96632693,2026-08-17T05:04:24.547301,True,3,3,mock_images/MCH-P-000287_41dc33.jpg,0.967,0.024,0.054,PASS,OP-003
MCH-P-000288,EV-BE9BFD3B8B,2026-07-12T17:36:24.547990,True,1,1,mock_images/MCH-P-000288_2f2f08.jpg,0.929,0.007,0.094,PASS,OP-004
MCH-P-000288,EV-68595757EF,2026-08-05T06:25:24.548243,True,1,1,mock_images/MCH-P-000288_e78302.jpg,0.964,0.024,0.04,PASS,OP-001
MCH-P-000288,EV-FC3B61AE51,2026-05-25T14:49:24.548446,True,9,9,mock_images/MCH-P-000288_83f92c.jpg,0.991,0.0,0.069,PASS,OP-010
MCH-P-000289,EV-3FF2E404E3,2026-05-25T03:52:24.549013,True,6,6,mock_images/MCH-P-000289_983109.jpg,0.886,0.082,0.0,PASS,OP-006
MCH-P-000289,EV-327EC6CAB9,2026-07-03T16:05:24.549279,True,3,3,mock_images/MCH-P-000289_47aeaf.jpg,1.0,0.195,0.077,PASS,OP-005
MCH-P-000289,EV-706222557A,2026-06-30T05:36:24.549480,True,2,2,mock_images/MCH-P-000289_646ab9.jpg,0.978,0.059,0.031,PASS,OP-006
MCH-P-000290,EV-B9E85C7B9B,2026-05-22T11:47:24.549989,True,5,5,mock_images/MCH-P-000290_879b69.jpg,0.958,0.0,0.032,PASS,OP-010
MCH-P-000290,EV-73B817488D,2026-05-29T03:05:24.550222,True,6,6,mock_images/MCH-P-000290_a45e5a.jpg,1.0,0.0,0.048,PASS,OP-007
MCH-P-000290,EV-99F6BEEAC3,2026-05-13T00:43:24.550445,True,3,3,mock_images/MCH-P-000290_afa339.jpg,0.957,0.0,0.034,PASS,OP-007
MCH-P-000291,EV-EC17FFC5BD,2026-07-16T00:21:24.550995,True,8,8,mock_images/MCH-P-000291_197022.jpg,0.891,0.047,0.011,PASS,OP-008
MCH-P-000291,EV-A31896ADD3,2026-07-04T05:44:24.551270,True,7,7,mock_images/MCH-P-000291_06de85.jpg,1.0,0.017,0.052,PASS,OP-009
MCH-P-000291,EV-4989676BE4,2026-05-09T04:57:24.551473,False,2,1,mock_images/MCH-P-000291_630396.jpg,0.951,0.0,0.068,FAIL,OP-005
MCH-P-000292,EV-DBA31B6A96,2026-07-25T22:56:24.551953,True,5,5,mock_images/MCH-P-000292_f11008.jpg,0.927,0.092,0.027,PASS,OP-010
MCH-P-000292,EV-3316C98227,2026-08-15T03:55:24.552177,True,6,6,mock_images/MCH-P-000292_f73662.jpg,0.957,0.125,0.067,PASS,OP-001
MCH-P-000292,EV-C8545CE6AC,2026-07-17T22:31:24.552379,True,9,9,mock_images/MCH-P-000292_e39fef.jpg,0.956,0.228,0.083,PASS,OP-001
MCH-P-000293,EV-52437A0DBC,2026-08-12T08:02:24.552778,True,8,8,mock_images/MCH-P-000293_b34033.jpg,0.966,0.018,0.043,PASS,OP-007
MCH-P-000293,EV-DFE22EB723,2026-07-15T10:41:24.552981,True,1,1,mock_images/MCH-P-000293_d98b7c.jpg,0.912,0.096,0.061,PASS,OP-001
MCH-P-000293,EV-877140399F,2026-07-26T03:12:24.553206,True,2,2,mock_images/MCH-P-000293_a8e3cc.jpg,0.861,0.064,0.0,PASS,OP-008
MCH-P-000294,EV-42634E900C,2026-07-04T02:51:24.553674,True,3,3,mock_images/MCH-P-000294_72ba16.jpg,0.948,0.055,0.052,PASS,OP-002
MCH-P-000294,EV-DDB242EA40,2026-06-09T20:45:24.553943,True,6,6,mock_images/MCH-P-000294_dffda2.jpg,0.902,0.043,0.086,PASS,OP-005
MCH-P-000294,EV-B10581FF53,2026-07-01T21:32:24.554271,True,1,1,mock_images/MCH-P-000294_9d3f1e.jpg,1.0,0.1,0.02,PASS,OP-006
MCH-P-000295,EV-166F5737C6,2026-08-16T11:57:24.554941,True,9,9,mock_images/MCH-P-000295_fc80da.jpg,0.991,0.059,0.03,PASS,OP-003
MCH-P-000295,EV-D3A974A9B5,2026-07-20T02:32:24.555191,True,8,8,mock_images/MCH-P-000295_5fda57.jpg,0.997,0.058,0.11,PASS,OP-006
MCH-P-000295,EV-88D2C9297D,2026-07-12T01:07:24.555543,True,8,8,mock_images/MCH-P-000295_b7f6b9.jpg,0.908,0.0,0.082,PASS,OP-006
MCH-P-000296,EV-D3E467FB60,2026-07-06T07:02:24.556151,True,3,3,mock_images/MCH-P-000296_2f25af.jpg,0.885,0.0,0.052,PASS,OP-010
MCH-P-000296,EV-2F8D7DF983,2026-06-21T17:50:24.556624,True,4,4,mock_images/MCH-P-000296_72426f.jpg,0.971,0.109,0.093,PASS,OP-002
MCH-P-000296,EV-62B76E1C55,2026-05-10T03:00:24.556877,True,1,1,mock_images/MCH-P-000296_270c57.jpg,0.997,0.02,0.036,PASS,OP-005
MCH-P-000297,EV-764DABBEAB,2026-05-07T17:51:24.557488,True,4,4,mock_images/MCH-P-000297_a1fee5.jpg,0.977,0.0,0.067,PASS,OP-008
MCH-P-000297,EV-CC8594F2C1,2026-06-22T17:44:24.557720,True,4,4,mock_images/MCH-P-000297_bc4fe2.jpg,0.913,0.024,0.078,PASS,OP-007
MCH-P-000297,EV-6EEFABE7A5,2026-05-18T04:45:24.557903,True,1,1,mock_images/MCH-P-000297_741589.jpg,1.0,0.024,0.057,PASS,OP-001
MCH-P-000298,EV-2F4E11DE4A,2026-04-16T19:08:24.558349,True,7,6,mock_images/MCH-P-000298_c4e7f5.jpg,0.932,0.088,0.063,FAIL,OP-010
MCH-P-000298,EV-9A84E67CDC,2026-07-06T18:59:24.558537,True,1,1,mock_images/MCH-P-000298_14cd46.jpg,0.917,0.046,0.051,PASS,OP-006
MCH-P-000298,EV-994A121912,2026-05-03T14:53:24.558696,True,8,8,mock_images/MCH-P-000298_c83f4f.jpg,0.895,0.0,0.106,PASS,OP-006
MCH-P-000299,EV-04365D4846,2026-07-10T09:11:24.559259,True,9,9,mock_images/MCH-P-000299_22ce59.jpg,0.909,0.0,0.04,PASS,OP-009
MCH-P-000299,EV-28121C1719,2026-04-20T15:22:24.559566,True,3,3,mock_images/MCH-P-000299_b7f654.jpg,0.912,0.046,0.031,PASS,OP-009
MCH-P-000299,EV-20D481779B,2026-04-26T06:55:24.559867,True,6,6,mock_images/MCH-P-000299_02fb12.jpg,0.886,0.083,0.143,PASS,OP-002
MCH-P-000300,EV-3963A6895D,2026-08-01T18:18:24.560363,True,6,6,mock_images/MCH-P-000300_25bf11.jpg,1.0,0.172,0.084,PASS,OP-003
MCH-P-000300,EV-571C4ACD4D,2026-04-21T10:55:24.560614,True,6,6,mock_images/MCH-P-000300_953eb1.jpg,1.0,0.028,0.029,PASS,OP-008
MCH-P-000300,EV-C1CFA20D45,2026-05-12T03:37:24.560844,True,9,9,mock_images/MCH-P-000300_91c6ea.jpg,0.913,0.094,0.013,PASS,OP-009
MCH-P-000301,EV-DC36790315,2026-08-18T14:57:24.561354,True,3,3,mock_images/MCH-P-000301_02dd2a.jpg,0.948,0.046,0.081,PASS,OP-006
MCH-P-000301,EV-EC70A6B997,2026-06-29T21:45:24.561630,True,4,4,mock_images/MCH-P-000301_8763ca.jpg,0.982,0.021,0.038,PASS,OP-009
MCH-P-000301,EV-62E23C34DD,2026-07-24T12:03:24.561836,True,5,5,mock_images/MCH-P-000301_5031d7.jpg,0.924,0.055,0.007,PASS,OP-006
MCH-P-000302,EV-7721FD3E1B,2026-08-18T03:10:24.562345,True,4,4,mock_images/MCH-P-000302_056b13.jpg,0.918,0.0,0.055,PASS,OP-008
MCH-P-000302,EV-51A841127D,2026-05-05T18:08:24.562588,True,9,9,mock_images/MCH-P-000302_505bac.jpg,0.877,0.14,0.142,PASS,OP-006
MCH-P-000302,EV-83D9C5AB87,2026-05-17T07:57:24.562836,True,1,1,mock_images/MCH-P-000302_8b3491.jpg,1.0,0.038,0.019,PASS,OP-003
MCH-P-000303,EV-8A925D49E8,2026-08-14T10:06:24.563384,True,4,4,mock_images/MCH-P-000303_a3fcbd.jpg,1.0,0.049,0.002,PASS,OP-007
MCH-P-000303,EV-1EAEA55150,2026-07-19T00:14:24.563688,True,6,6,mock_images/MCH-P-000303_cc0524.jpg,0.924,0.078,0.007,PASS,OP-006
MCH-P-000303,EV-752F18973A,2026-07-05T14:16:24.563909,True,4,4,mock_images/MCH-P-000303_172d1f.jpg,0.92,0.013,0.0,PASS,OP-006
MCH-P-000304,EV-A433995646,2026-04-17T03:54:24.564324,True,5,5,mock_images/MCH-P-000304_5cd632.jpg,1.0,0.059,0.078,PASS,OP-009
MCH-P-000304,EV-5C0132A793,2026-07-05T13:15:24.564547,True,8,7,mock_images/MCH-P-000304_b2a7ec.jpg,1.0,0.025,0.047,FAIL,OP-008
MCH-P-000304,EV-88F58B5593,2026-06-03T17:45:24.564747,True,5,5,mock_images/MCH-P-000304_d228fb.jpg,1.0,0.116,0.022,PASS,OP-001
MCH-P-000305,EV-85182850E1,2026-07-21T03:02:24.565276,True,9,9,mock_images/MCH-P-000305_fddd9b.jpg,0.824,0.0,0.105,PASS,OP-009
MCH-P-000305,EV-E74FCD214A,2026-04-14T08:35:24.565497,True,4,4,mock_images/MCH-P-000305_bde4cb.jpg,0.972,0.001,0.031,PASS,OP-002
MCH-P-000305,EV-EB0B323B99,2026-04-21T03:18:24.565719,True,4,4,mock_images/MCH-P-000305_d0da13.jpg,1.0,0.13,0.0,PASS,OP-004
MCH-P-000306,EV-91E7C298DE,2026-07-19T19:35:24.566219,True,6,6,mock_images/MCH-P-000306_55d798.jpg,1.0,0.103,0.046,PASS,OP-005
MCH-P-000306,EV-2D70B32EEB,2026-05-23T18:16:24.566479,True,5,4,mock_images/MCH-P-000306_2bb2ff.jpg,0.939,0.021,0.064,FAIL,OP-010
MCH-P-000306,EV-1D28405767,2026-04-09T11:07:24.566687,True,2,2,mock_images/MCH-P-000306_6984ae.jpg,0.963,0.167,0.035,PASS,OP-001
MCH-P-000307,EV-DBF501F5C7,2026-04-15T16:02:24.567252,True,4,4,mock_images/MCH-P-000307_244aa2.jpg,0.94,0.106,0.056,PASS,OP-006
MCH-P-000307,EV-10E0666AFD,2026-05-05T13:13:24.567771,False,8,8,mock_images/MCH-P-000307_b99270.jpg,0.851,0.122,0.126,FAIL,OP-002
MCH-P-000307,EV-ECB7C5E13E,2026-04-21T01:02:24.568142,True,6,6,mock_images/MCH-P-000307_5254ed.jpg,1.0,0.155,0.164,PASS,OP-009
MCH-P-000308,EV-821ECFEEF1,2026-05-19T15:24:24.568926,True,9,9,mock_images/MCH-P-000308_8ff839.jpg,0.936,0.032,0.057,PASS,OP-001
MCH-P-000308,EV-1A6A97A005,2026-07-12T19:24:24.569915,True,9,9,mock_images/MCH-P-000308_958c9c.jpg,0.793,0.0,0.0,PASS,OP-003
MCH-P-000308,EV-E0F89B9C10,2026-06-26T12:57:24.570254,True,2,2,mock_images/MCH-P-000308_fc1f1b.jpg,1.0,0.049,0.042,PASS,OP-006
MCH-P-000309,EV-E40F5F1FC5,2026-08-23T19:52:24.571059,True,9,9,mock_images/MCH-P-000309_7449b7.jpg,1.0,0.012,0.084,PASS,OP-005
MCH-P-000309,EV-FDC9C74F80,2026-05-16T23:14:24.571610,True,8,8,mock_images/MCH-P-000309_85387c.jpg,0.861,0.113,0.047,PASS,OP-001
MCH-P-000309,EV-308CA15920,2026-08-09T07:50:24.571925,True,8,8,mock_images/MCH-P-000309_1cc2ad.jpg,0.954,0.048,0.005,PASS,OP-001
MCH-P-000310,EV-448BD186B4,2026-05-31T15:56:24.576511,True,8,8,mock_images/MCH-P-000310_9a13a7.jpg,0.94,0.022,0.017,PASS,OP-010
MCH-P-000310,EV-585488B618,2026-06-13T17:33:24.576799,True,5,5,mock_images/MCH-P-000310_545a43.jpg,0.989,0.101,0.0,PASS,OP-010
MCH-P-000310,EV-0F33147408,2026-08-03T12:28:24.577222,True,1,1,mock_images/MCH-P-000310_0500d3.jpg,0.935,0.073,0.044,PASS,OP-009
MCH-P-000311,EV-1BAA823EE1,2026-06-03T05:28:24.579302,True,6,6,mock_images/MCH-P-000311_734eea.jpg,0.975,0.122,0.058,PASS,OP-002
MCH-P-000311,EV-6A137E1FBE,2026-05-30T18:09:24.579631,True,2,2,mock_images/MCH-P-000311_5fbc34.jpg,0.966,0.066,0.029,PASS,OP-010
MCH-P-000311,EV-4E575E7EF3,2026-04-17T11:48:24.579888,True,9,9,mock_images/MCH-P-000311_c9ba0a.jpg,0.956,0.063,0.055,PASS,OP-001
MCH-P-000312,EV-C5DE5FF5F6,2026-08-10T17:12:24.580469,True,2,2,mock_images/MCH-P-000312_ccb2b8.jpg,1.0,0.043,0.051,PASS,OP-004
MCH-P-000312,EV-39A6BD5334,2026-05-05T21:52:24.580754,True,4,4,mock_images/MCH-P-000312_7bdb37.jpg,0.963,0.109,0.0,PASS,OP-009
MCH-P-000312,EV-B87E15683D,2026-04-29T10:37:24.580917,True,9,9,mock_images/MCH-P-000312_8a42ca.jpg,0.959,0.106,0.063,PASS,OP-007
MCH-P-000313,EV-938899B6A7,2026-06-08T02:09:24.581338,False,6,6,mock_images/MCH-P-000313_585977.jpg,0.969,0.141,0.0,FAIL,OP-008
MCH-P-000313,EV-DFF51F6A09,2026-05-08T01:35:24.581573,True,8,8,mock_images/MCH-P-000313_c818bf.jpg,0.907,0.123,0.05,PASS,OP-009
MCH-P-000313,EV-DBA8512E51,2026-07-08T07:17:24.581767,True,7,7,mock_images/MCH-P-000313_b8eeae.jpg,0.974,0.053,0.0,PASS,OP-001
MCH-P-000314,EV-622510177D,2026-06-03T14:20:24.582303,True,9,9,mock_images/MCH-P-000314_3ec503.jpg,0.924,0.176,0.109,PASS,OP-005
MCH-P-000314,EV-DE19365EE7,2026-08-10T17:57:24.582500,True,6,6,mock_images/MCH-P-000314_0df093.jpg,1.0,0.077,0.069,PASS,OP-001
MCH-P-000314,EV-6FBBADA7AD,2026-07-08T06:04:24.582662,True,8,8,mock_images/MCH-P-000314_e45d7f.jpg,0.888,0.116,0.043,PASS,OP-009
MCH-P-000315,EV-CA2CB3B731,2026-08-04T11:30:24.583303,True,2,2,mock_images/MCH-P-000315_727610.jpg,0.956,0.117,0.0,PASS,OP-004
MCH-P-000315,EV-B4EE11EA2C,2026-06-07T20:03:24.584108,True,4,4,mock_images/MCH-P-000315_52c6a0.jpg,0.995,0.055,0.026,PASS,OP-010
MCH-P-000315,EV-B7ECFBFE7C,2026-07-04T13:25:24.585620,True,9,9,mock_images/MCH-P-000315_af11a5.jpg,0.967,0.0,0.071,PASS,OP-004
MCH-P-000316,EV-1E1B8A8965,2026-08-11T05:33:24.586265,True,3,3,mock_images/MCH-P-000316_dd5b3a.jpg,0.964,0.038,0.023,PASS,OP-003
MCH-P-000316,EV-98E71E5580,2026-06-13T02:10:24.586461,True,7,7,mock_images/MCH-P-000316_3a7c75.jpg,0.947,0.111,0.084,PASS,OP-009
MCH-P-000316,EV-AF48DF276F,2026-06-16T07:28:24.586612,True,4,4,mock_images/MCH-P-000316_36fcfb.jpg,0.903,0.097,0.002,PASS,OP-004
MCH-P-000317,EV-478293FB94,2026-08-07T16:05:24.587030,True,3,3,mock_images/MCH-P-000317_95a8be.jpg,0.99,0.0,0.03,PASS,OP-003
MCH-P-000317,EV-6D45B366C0,2026-05-23T01:50:24.587248,True,8,8,mock_images/MCH-P-000317_bd8003.jpg,0.961,0.004,0.024,PASS,OP-005
MCH-P-000317,EV-48F5116D39,2026-08-13T11:49:24.587405,True,2,2,mock_images/MCH-P-000317_df842e.jpg,1.0,0.085,0.054,PASS,OP-003
MCH-P-000318,EV-ED5B1DF923,2026-06-20T23:06:24.587986,True,6,6,mock_images/MCH-P-000318_d18f7a.jpg,0.941,0.093,0.01,PASS,OP-005
MCH-P-000318,EV-E172ECB455,2026-05-20T15:52:24.591400,True,7,7,mock_images/MCH-P-000318_a83f53.jpg,0.979,0.01,0.0,PASS,OP-004
MCH-P-000318,EV-B27AB31940,2026-05-23T20:19:24.591709,True,5,5,mock_images/MCH-P-000318_a799a1.jpg,0.927,0.099,0.026,PASS,OP-008
MCH-P-000319,EV-2543A805DB,2026-07-02T14:08:24.592243,True,8,8,mock_images/MCH-P-000319_48a2fd.jpg,0.935,0.11,0.096,PASS,OP-001
MCH-P-000319,EV-61DE3B6785,2026-06-15T06:42:24.592445,True,3,3,mock_images/MCH-P-000319_ff19cb.jpg,0.837,0.0,0.046,PASS,OP-006
MCH-P-000319,EV-33577F1CAB,2026-05-27T14:36:24.593045,True,7,7,mock_images/MCH-P-000319_ccf8ee.jpg,0.926,0.087,0.041,PASS,OP-003
MCH-P-000320,EV-DC86AA65A1,2026-04-30T14:38:24.593656,True,9,9,mock_images/MCH-P-000320_874628.jpg,0.854,0.054,0.071,PASS,OP-001
MCH-P-000320,EV-A9BFB21F37,2026-06-29T22:09:24.594164,True,2,2,mock_images/MCH-P-000320_53bc1c.jpg,1.0,0.038,0.071,PASS,OP-002
MCH-P-000320,EV-204C8248B9,2026-07-16T09:38:24.594706,True,8,8,mock_images/MCH-P-000320_b91204.jpg,0.931,0.007,0.094,PASS,OP-002
MCH-P-000321,EV-65CCDBC10D,2026-08-05T19:20:24.595780,True,3,3,mock_images/MCH-P-000321_8992ea.jpg,0.979,0.017,0.055,PASS,OP-005
MCH-P-000321,EV-06287FD1C8,2026-05-27T07:45:24.596105,True,4,4,mock_images/MCH-P-000321_46ac22.jpg,0.789,0.088,0.065,PASS,OP-004
MCH-P-000321,EV-BCB9E26C63,2026-06-27T11:44:24.596699,True,2,2,mock_images/MCH-P-000321_d78186.jpg,1.0,0.0,0.043,PASS,OP-004
MCH-P-000322,EV-3053361ACE,2026-07-18T02:29:24.597600,True,8,8,mock_images/MCH-P-000322_4330b6.jpg,0.961,0.078,0.069,PASS,OP-009
MCH-P-000322,EV-5CEBEB0E5A,2026-04-07T05:36:24.597852,True,5,4,mock_images/MCH-P-000322_f18744.jpg,0.918,0.147,0.024,FAIL,OP-003
MCH-P-000322,EV-193C518904,2026-05-05T08:44:24.598032,True,9,9,mock_images/MCH-P-000322_354748.jpg,0.902,0.092,0.064,PASS,OP-002
MCH-P-000323,EV-7389D8CDA7,2026-07-29T19:53:24.598507,True,9,9,mock_images/MCH-P-000323_6ba55c.jpg,0.962,0.083,0.07,PASS,OP-010
MCH-P-000323,EV-AAF05FFA90,2026-06-14T17:58:24.598803,True,5,5,mock_images/MCH-P-000323_4b26ce.jpg,1.0,0.131,0.073,PASS,OP-009
MCH-P-000323,EV-429473EB83,2026-05-25T22:39:24.599136,True,9,9,mock_images/MCH-P-000323_a2f5e5.jpg,1.0,0.014,0.073,PASS,OP-003
MCH-P-000324,EV-2332968A75,2026-08-13T23:54:24.599644,True,7,7,mock_images/MCH-P-000324_56ca37.jpg,0.914,0.028,0.112,PASS,OP-004
MCH-P-000324,EV-C364057DBE,2026-08-20T21:43:24.600006,True,1,1,mock_images/MCH-P-000324_900bbc.jpg,0.928,0.0,0.018,PASS,OP-006
MCH-P-000324,EV-973F2A5513,2026-05-23T19:03:24.600246,True,3,3,mock_images/MCH-P-000324_2546bf.jpg,0.944,0.048,0.094,PASS,OP-007
MCH-P-000325,EV-212B932D19,2026-05-13T04:53:24.600866,True,6,6,mock_images/MCH-P-000325_022878.jpg,0.936,0.0,0.095,PASS,OP-004
MCH-P-000325,EV-531FC1A895,2026-04-11T22:37:24.601201,True,8,8,mock_images/MCH-P-000325_d9bc73.jpg,0.861,0.158,0.067,PASS,OP-004
MCH-P-000325,EV-F7859E4E41,2026-04-12T08:50:24.601779,True,1,1,mock_images/MCH-P-000325_502686.jpg,0.929,0.037,0.042,PASS,OP-007
MCH-P-000326,EV-AD599998B2,2026-07-03T09:29:24.602571,True,4,4,mock_images/MCH-P-000326_a71a47.jpg,0.894,0.122,0.076,PASS,OP-003
MCH-P-000326,EV-D2D4111886,2026-04-09T09:47:24.602883,True,9,9,mock_images/MCH-P-000326_b27e6d.jpg,0.948,0.098,0.102,PASS,OP-004
MCH-P-000326,EV-DC814DEC73,2026-04-26T11:52:24.603169,True,5,5,mock_images/MCH-P-000326_af1196.jpg,0.983,0.0,0.01,PASS,OP-008
MCH-P-000327,EV-3DD48FF6B9,2026-06-30T04:15:24.603853,True,7,7,mock_images/MCH-P-000327_06e737.jpg,0.958,0.105,0.011,PASS,OP-006
MCH-P-000327,EV-0D75735330,2026-06-29T10:01:24.604112,True,5,5,mock_images/MCH-P-000327_6961f5.jpg,1.0,0.079,0.09,PASS,OP-010
MCH-P-000327,EV-3BEE28181A,2026-06-21T20:42:24.604280,True,3,3,mock_images/MCH-P-000327_c00fbf.jpg,0.928,0.093,0.054,PASS,OP-007
MCH-P-000328,EV-E151A4D893,2026-08-01T14:46:24.604791,True,8,8,mock_images/MCH-P-000328_6dc320.jpg,0.857,0.124,0.086,PASS,OP-005
MCH-P-000328,EV-6A475F25A6,2026-05-26T16:20:24.605012,True,9,9,mock_images/MCH-P-000328_af78cc.jpg,0.998,0.136,0.135,PASS,OP-002
MCH-P-000328,EV-77074E93F8,2026-08-13T23:17:24.605198,True,4,4,mock_images/MCH-P-000328_cfac89.jpg,0.902,0.049,0.087,PASS,OP-007
MCH-P-000329,EV-543BE8718F,2026-04-22T09:30:24.605666,True,1,1,mock_images/MCH-P-000329_cb3ae4.jpg,1.0,0.045,0.029,PASS,OP-005
MCH-P-000329,EV-CE3E1AF087,2026-07-20T21:04:24.606094,True,3,3,mock_images/MCH-P-000329_4a4b1e.jpg,0.937,0.05,0.0,PASS,OP-002
MCH-P-000329,EV-C9132E260F,2026-07-07T19:44:24.606492,True,8,8,mock_images/MCH-P-000329_c6f1ae.jpg,0.983,0.047,0.038,PASS,OP-003
MCH-P-000330,EV-895C5707A8,2026-05-19T04:02:24.607265,True,7,7,mock_images/MCH-P-000330_23361b.jpg,0.874,0.093,0.019,PASS,OP-007
MCH-P-000330,EV-96762B73CE,2026-05-07T00:35:24.607771,True,4,4,mock_images/MCH-P-000330_3c1f41.jpg,0.983,0.073,0.077,PASS,OP-003
MCH-P-000330,EV-772101BE00,2026-04-28T17:53:24.608037,False,8,8,mock_images/MCH-P-000330_b6ef7d.jpg,0.9,0.087,0.089,FAIL,OP-008
MCH-P-000331,EV-4E695FBEC4,2026-07-30T01:50:24.608567,True,6,6,mock_images/MCH-P-000331_e838b6.jpg,0.896,0.025,0.122,PASS,OP-001
MCH-P-000331,EV-5C4FB82B72,2026-04-12T12:20:24.608847,True,6,6,mock_images/MCH-P-000331_9bc8af.jpg,0.879,0.029,0.069,PASS,OP-007
MCH-P-000331,EV-EE6C0D8E8A,2026-07-17T12:33:24.609059,True,7,7,mock_images/MCH-P-000331_0514d0.jpg,0.963,0.087,0.022,PASS,OP-010
MCH-P-000332,EV-183393BDE3,2026-05-24T22:33:24.609786,True,7,7,mock_images/MCH-P-000332_bfda41.jpg,1.0,0.054,0.01,PASS,OP-010
MCH-P-000332,EV-99307E87C4,2026-06-17T23:50:24.610102,True,1,1,mock_images/MCH-P-000332_4f0f13.jpg,0.946,0.027,0.063,PASS,OP-004
MCH-P-000332,EV-5EC48BB4D3,2026-07-13T06:20:24.610332,True,4,4,mock_images/MCH-P-000332_a436e9.jpg,0.937,0.143,0.019,PASS,OP-005
MCH-P-000333,EV-281CF73144,2026-08-09T09:24:24.610865,True,8,8,mock_images/MCH-P-000333_2ed9a4.jpg,0.912,0.115,0.06,PASS,OP-007
MCH-P-000333,EV-4B5AD59A69,2026-05-19T05:18:24.611076,True,7,7,mock_images/MCH-P-000333_7c50fe.jpg,0.898,0.0,0.025,PASS,OP-005
MCH-P-000333,EV-4306650FE7,2026-07-07T07:47:24.611243,True,6,6,mock_images/MCH-P-000333_cdf2b0.jpg,0.923,0.1,0.057,PASS,OP-009
MCH-P-000334,EV-A6344CDEA8,2026-08-21T15:40:24.611703,True,7,7,mock_images/MCH-P-000334_bbe2cc.jpg,0.928,0.034,0.007,PASS,OP-006
MCH-P-000334,EV-13FABF20AF,2026-05-11T06:18:24.611992,True,5,5,mock_images/MCH-P-000334_81bfdc.jpg,0.89,0.062,0.041,PASS,OP-009
MCH-P-000334,EV-F7855367D8,2026-08-08T12:36:24.612203,True,2,2,mock_images/MCH-P-000334_83a215.jpg,0.925,0.113,0.0,PASS,OP-003
MCH-P-000335,EV-42B7AB6A84,2026-06-13T15:03:24.612667,True,7,7,mock_images/MCH-P-000335_0f9411.jpg,1.0,0.094,0.019,PASS,OP-002
MCH-P-000335,EV-4D98A20031,2026-04-24T05:09:24.612930,True,5,4,mock_images/MCH-P-000335_b8e6f2.jpg,0.887,0.007,0.041,FAIL,OP-009
MCH-P-000335,EV-D44848E4C4,2026-04-29T08:48:24.613140,True,2,2,mock_images/MCH-P-000335_8b77a9.jpg,0.905,0.003,0.004,PASS,OP-008
MCH-P-000336,EV-DE2473D118,2026-05-25T06:26:24.613560,True,7,7,mock_images/MCH-P-000336_9cd80f.jpg,0.842,0.094,0.079,PASS,OP-001
MCH-P-000336,EV-5FDCC7E170,2026-06-02T18:56:24.613744,True,5,5,mock_images/MCH-P-000336_10b467.jpg,0.972,0.027,0.0,PASS,OP-008
MCH-P-000336,EV-443419BD26,2026-05-28T17:09:24.613933,True,1,1,mock_images/MCH-P-000336_fd3600.jpg,0.973,0.042,0.022,PASS,OP-010
MCH-P-000337,EV-FE162663C6,2026-07-15T06:52:24.614336,True,5,5,mock_images/MCH-P-000337_49a056.jpg,0.993,0.043,0.103,PASS,OP-003
MCH-P-000337,EV-36FEED831E,2026-07-05T07:20:24.614525,True,9,9,mock_images/MCH-P-000337_0e5be1.jpg,1.0,0.023,0.083,PASS,OP-002
MCH-P-000337,EV-BB9B26D828,2026-05-11T08:16:24.614691,True,2,2,mock_images/MCH-P-000337_d4a335.jpg,0.96,0.107,0.1,PASS,OP-007
MCH-P-000338,EV-1BEE5F5848,2026-07-05T14:52:24.615066,True,6,6,mock_images/MCH-P-000338_e61651.jpg,0.936,0.071,0.073,PASS,OP-006
MCH-P-000338,EV-D1CEC17A75,2026-07-17T14:13:24.615238,True,5,5,mock_images/MCH-P-000338_208dc5.jpg,0.903,0.022,0.028,PASS,OP-006
MCH-P-000338,EV-1D586502D8,2026-07-21T22:53:24.615391,True,3,3,mock_images/MCH-P-000338_74dbee.jpg,0.933,0.027,0.065,PASS,OP-002
MCH-P-000339,EV-99B0DEDAB7,2026-06-17T20:30:24.617508,True,3,3,mock_images/MCH-P-000339_de6f0a.jpg,0.889,0.006,0.002,PASS,OP-001
MCH-P-000339,EV-690560EE0A,2026-05-10T02:49:24.617757,True,1,1,mock_images/MCH-P-000339_e63ffd.jpg,0.919,0.004,0.033,PASS,OP-002
MCH-P-000339,EV-5C3F33C41E,2026-05-10T22:56:24.617912,True,8,8,mock_images/MCH-P-000339_e13a7d.jpg,0.977,0.0,0.1,PASS,OP-006
MCH-P-000340,EV-4D89735C01,2026-05-25T21:19:24.618267,True,5,5,mock_images/MCH-P-000340_ec6c32.jpg,0.896,0.015,0.08,PASS,OP-004
MCH-P-000340,EV-FFACE0E017,2026-07-26T02:51:24.618410,True,3,3,mock_images/MCH-P-000340_01e2c1.jpg,0.921,0.172,0.026,PASS,OP-005
MCH-P-000340,EV-23EA18B4B4,2026-04-26T08:12:24.618542,True,7,7,mock_images/MCH-P-000340_aee476.jpg,0.832,0.093,0.077,PASS,OP-005
MCH-P-000341,EV-3E8EF9103B,2026-07-12T11:54:24.618841,True,5,5,mock_images/MCH-P-000341_b8977a.jpg,0.958,0.028,0.061,PASS,OP-006
MCH-P-000341,EV-6BB2856A38,2026-06-02T00:47:24.618985,True,5,5,mock_images/MCH-P-000341_73d7a3.jpg,0.924,0.09,0.064,PASS,OP-009
MCH-P-000341,EV-C7621EBC3A,2026-04-13T22:08:24.619114,True,7,7,mock_images/MCH-P-000341_8611b1.jpg,0.989,0.0,0.002,PASS,OP-002
MCH-P-000342,EV-65BB224530,2026-06-03T03:08:24.619392,True,4,4,mock_images/MCH-P-000342_3d8026.jpg,0.99,0.0,0.056,PASS,OP-005
MCH-P-000342,EV-234D1F301A,2026-05-31T01:11:24.619533,True,3,3,mock_images/MCH-P-000342_41c459.jpg,0.95,0.155,0.115,PASS,OP-009
MCH-P-000342,EV-ED225D967A,2026-04-13T12:32:24.619658,True,4,4,mock_images/MCH-P-000342_2f9608.jpg,0.971,0.01,0.036,PASS,OP-002
MCH-P-000343,EV-DDD2503C19,2026-08-06T03:56:24.619924,True,9,9,mock_images/MCH-P-000343_0fc23f.jpg,0.982,0.007,0.048,PASS,OP-002
MCH-P-000343,EV-E8B6C953F1,2026-04-27T05:41:24.620454,True,4,4,mock_images/MCH-P-000343_8c17a2.jpg,0.865,0.001,0.033,PASS,OP-007
MCH-P-000343,EV-537CE98B21,2026-08-02T07:26:24.620753,True,4,4,mock_images/MCH-P-000343_5f8001.jpg,0.982,0.128,0.024,PASS,OP-005
MCH-P-000344,EV-7CC15CBA31,2026-07-28T15:09:24.621086,True,5,5,mock_images/MCH-P-000344_39f4f5.jpg,0.904,0.0,0.04,PASS,OP-005
MCH-P-000344,EV-7F9B706346,2026-07-11T22:10:24.621261,True,8,8,mock_images/MCH-P-000344_3f9737.jpg,0.931,0.05,0.04,PASS,OP-009
MCH-P-000344,EV-A374DE0285,2026-08-01T09:01:24.621426,True,6,6,mock_images/MCH-P-000344_38e494.jpg,0.919,0.028,0.056,PASS,OP-008
MCH-P-000345,EV-240F079F47,2026-06-06T14:37:24.621827,True,5,5,mock_images/MCH-P-000345_7ae743.jpg,1.0,0.05,0.107,PASS,OP-004
MCH-P-000345,EV-D5600D1242,2026-08-09T05:57:24.622027,True,1,0,mock_images/MCH-P-000345_18359e.jpg,1.0,0.091,0.08,FAIL,OP-006
MCH-P-000345,EV-A2FEAA4B1B,2026-04-14T23:33:24.622169,True,8,8,mock_images/MCH-P-000345_d21d1d.jpg,0.956,0.094,0.044,PASS,OP-005
MCH-P-000346,EV-4CE85724FA,2026-05-06T17:40:24.622506,True,4,4,mock_images/MCH-P-000346_100cd2.jpg,0.928,0.073,0.081,PASS,OP-008
MCH-P-000346,EV-B457C778F7,2026-06-02T05:40:24.622642,True,8,8,mock_images/MCH-P-000346_668f20.jpg,0.982,0.01,0.0,PASS,OP-003
MCH-P-000346,EV-D9EFD10420,2026-07-01T22:35:24.622771,True,3,3,mock_images/MCH-P-000346_152df9.jpg,0.99,0.062,0.127,PASS,OP-002
MCH-P-000347,EV-AD68288E4C,2026-06-09T14:47:24.623044,True,6,6,mock_images/MCH-P-000347_57ce81.jpg,1.0,0.005,0.085,PASS,OP-006
MCH-P-000347,EV-AE9FFBC308,2026-05-12T03:16:24.623203,True,3,3,mock_images/MCH-P-000347_b3ab29.jpg,0.981,0.018,0.06,PASS,OP-005
MCH-P-000347,EV-2BC625944A,2026-05-06T20:51:24.623342,True,1,1,mock_images/MCH-P-000347_251cc9.jpg,0.994,0.073,0.043,PASS,OP-003
MCH-P-000348,EV-A8A445D205,2026-05-14T16:04:24.623616,True,6,6,mock_images/MCH-P-000348_e3fd46.jpg,0.933,0.075,0.011,PASS,OP-001
MCH-P-000348,EV-C7FCA177FA,2026-07-13T05:36:24.623749,True,6,6,mock_images/MCH-P-000348_ca5fd8.jpg,1.0,0.091,0.052,PASS,OP-005
MCH-P-000348,EV-E183F02F23,2026-08-18T08:38:24.623873,True,9,9,mock_images/MCH-P-000348_31dd0e.jpg,0.921,0.083,0.068,PASS,OP-009
MCH-P-000349,EV-F08BFAF14A,2026-07-26T16:39:24.624196,True,3,3,mock_images/MCH-P-000349_506d0e.jpg,1.0,0.0,0.061,PASS,OP-005
MCH-P-000349,EV-C547E8801D,2026-05-04T05:49:24.626039,True,2,2,mock_images/MCH-P-000349_1ef900.jpg,0.911,0.0,0.018,PASS,OP-005
MCH-P-000349,EV-52F234B40F,2026-07-13T04:22:24.626233,True,5,5,mock_images/MCH-P-000349_a6df49.jpg,0.949,0.06,0.0,PASS,OP-002
MCH-P-000350,EV-E647D1C7EA,2026-07-20T14:05:24.626565,True,9,9,mock_images/MCH-P-000350_b842ca.jpg,0.965,0.113,0.077,PASS,OP-001
MCH-P-000350,EV-21882C0B2D,2026-08-19T09:28:24.626700,True,2,2,mock_images/MCH-P-000350_678359.jpg,0.911,0.088,0.122,PASS,OP-010
MCH-P-000350,EV-E6D3E03B13,2026-06-13T13:08:24.626828,True,2,2,mock_images/MCH-P-000350_8e7eb7.jpg,0.969,0.01,0.03,PASS,OP-010
MCH-P-000351,EV-CFAA3F8749,2026-04-11T23:26:24.627090,True,5,5,mock_images/MCH-P-000351_e63dac.jpg,1.0,0.088,0.078,PASS,OP-008
MCH-P-000351,EV-4590FB93B9,2026-05-23T13:54:24.627217,True,3,3,mock_images/MCH-P-000351_f42ae3.jpg,0.951,0.201,0.0,PASS,OP-010
MCH-P-000351,EV-EE80AD2DA3,2026-07-03T22:48:24.627480,True,6,5,mock_images/MCH-P-000351_baaaa9.jpg,0.976,0.076,0.01,FAIL,OP-008
MCH-P-000352,EV-E511D6CE23,2026-06-26T22:48:24.627786,True,9,9,mock_images/MCH-P-000352_34fb73.jpg,0.894,0.11,0.052,PASS,OP-001
MCH-P-000352,EV-70FABDBC64,2026-04-29T00:12:24.627924,True,3,3,mock_images/MCH-P-000352_85457c.jpg,1.0,0.041,0.081,PASS,OP-002
MCH-P-000352,EV-F5924E1DAA,2026-08-06T03:43:24.628053,True,6,6,mock_images/MCH-P-000352_a81402.jpg,0.971,0.121,0.074,PASS,OP-007
MCH-P-000353,EV-66C944CECA,2026-04-29T11:26:24.628326,True,5,5,mock_images/MCH-P-000353_6fc8f2.jpg,0.891,0.111,0.112,PASS,OP-004
MCH-P-000353,EV-C574E6272C,2026-06-06T05:37:24.628467,True,2,2,mock_images/MCH-P-000353_18cf4c.jpg,0.982,0.091,0.104,PASS,OP-009
MCH-P-000353,EV-D7AC4623F4,2026-07-03T17:58:24.628591,True,8,8,mock_images/MCH-P-000353_72b56d.jpg,1.0,0.115,0.06,PASS,OP-008
MCH-P-000354,EV-EA33C433B3,2026-04-10T23:01:24.628863,True,7,7,mock_images/MCH-P-000354_3f2d56.jpg,0.961,0.079,0.032,PASS,OP-004
MCH-P-000354,EV-BD47836CB2,2026-05-23T14:47:24.628995,True,9,9,mock_images/MCH-P-000354_ee2d44.jpg,0.888,0.027,0.125,PASS,OP-004
MCH-P-000354,EV-8A05C2EEDC,2026-06-11T17:08:24.629121,True,7,7,mock_images/MCH-P-000354_7ba21d.jpg,0.936,0.061,0.03,PASS,OP-005
MCH-P-000355,EV-8C05EBD69F,2026-05-21T11:27:24.629530,True,6,6,mock_images/MCH-P-000355_0e1b05.jpg,0.933,0.033,0.06,PASS,OP-003
MCH-P-000355,EV-2682CA7268,2026-08-01T08:59:24.629675,True,1,1,mock_images/MCH-P-000355_04089f.jpg,0.884,0.0,0.09,PASS,OP-003
MCH-P-000355,EV-0E786EA025,2026-07-19T04:16:24.629997,True,8,8,mock_images/MCH-P-000355_eb2f12.jpg,0.996,0.0,0.044,PASS,OP-009
MCH-P-000356,EV-B85181B402,2026-05-03T08:40:24.630476,True,8,8,mock_images/MCH-P-000356_3efde4.jpg,0.892,0.168,0.029,PASS,OP-004
MCH-P-000356,EV-510100CAB3,2026-06-25T17:33:24.630661,True,3,3,mock_images/MCH-P-000356_f932e7.jpg,0.913,0.013,0.016,PASS,OP-005
MCH-P-000356,EV-5DE8EA6AE6,2026-05-14T12:12:24.630787,True,5,5,mock_images/MCH-P-000356_c242c9.jpg,0.892,0.026,0.026,PASS,OP-006
MCH-P-000357,EV-58B890FFF6,2026-07-25T22:16:24.631062,True,7,7,mock_images/MCH-P-000357_3c202c.jpg,0.927,0.0,0.103,PASS,OP-006
MCH-P-000357,EV-5426392F59,2026-08-05T05:11:24.631202,True,8,8,mock_images/MCH-P-000357_3f41a6.jpg,0.883,0.091,0.042,PASS,OP-007
MCH-P-000357,EV-895C7DD400,2026-04-17T10:40:24.631323,True,5,5,mock_images/MCH-P-000357_59fbbe.jpg,1.0,0.0,0.016,PASS,OP-005
MCH-P-000358,EV-D386F35C15,2026-08-18T21:32:24.631574,True,8,8,mock_images/MCH-P-000358_76965f.jpg,0.988,0.065,0.071,PASS,OP-003
MCH-P-000358,EV-8597175EFE,2026-08-21T00:07:24.631696,True,6,6,mock_images/MCH-P-000358_f7a6c9.jpg,0.923,0.0,0.054,PASS,OP-010
MCH-P-000358,EV-B482A6BDE3,2026-04-14T15:07:24.631808,True,1,1,mock_images/MCH-P-000358_79de12.jpg,0.948,0.0,0.072,PASS,OP-004
MCH-P-000359,EV-F0E7B990F9,2026-08-15T09:49:24.634162,True,1,1,mock_images/MCH-P-000359_478a36.jpg,1.0,0.128,0.102,PASS,OP-001
MCH-P-000359,EV-192B1C0D76,2026-07-13T11:03:24.634367,True,8,8,mock_images/MCH-P-000359_af3dcf.jpg,0.925,0.125,0.106,PASS,OP-006
MCH-P-000359,EV-03A86E7EC7,2026-08-06T08:14:24.634507,True,6,6,mock_images/MCH-P-000359_206f75.jpg,0.914,0.035,0.025,PASS,OP-010
MCH-P-000360,EV-B3D62B179F,2026-07-15T09:19:24.634860,True,5,5,mock_images/MCH-P-000360_1e67be.jpg,0.932,0.047,0.057,PASS,OP-009
MCH-P-000360,EV-284009670E,2026-05-26T01:29:24.635015,True,5,5,mock_images/MCH-P-000360_f1d2f5.jpg,0.906,0.035,0.045,PASS,OP-007
MCH-P-000360,EV-5EA1DC99B3,2026-07-27T17:17:24.635148,True,8,8,mock_images/MCH-P-000360_221e72.jpg,0.943,0.093,0.031,PASS,OP-001
MCH-P-000361,EV-7659279EFA,2026-04-26T17:19:24.635465,True,5,5,mock_images/MCH-P-000361_8c1bcf.jpg,0.997,0.078,0.055,PASS,OP-006
MCH-P-000361,EV-54C2E4B200,2026-07-03T23:07:24.635614,True,4,4,mock_images/MCH-P-000361_c6e277.jpg,1.0,0.032,0.065,PASS,OP-004
MCH-P-000361,EV-9CF2128937,2026-07-20T03:59:24.635742,True,4,3,mock_images/MCH-P-000361_c3a784.jpg,1.0,0.04,0.031,FAIL,OP-002
MCH-P-000362,EV-FC2C94E6E8,2026-07-05T22:59:24.636038,True,6,6,mock_images/MCH-P-000362_5abd29.jpg,0.924,0.113,0.065,PASS,OP-001
MCH-P-000362,EV-95BA51B6A3,2026-06-30T03:24:24.636172,True,3,3,mock_images/MCH-P-000362_0d6caf.jpg,1.0,0.059,0.071,PASS,OP-009
MCH-P-000362,EV-27A90CDF4E,2026-08-16T19:47:24.636299,True,9,9,mock_images/MCH-P-000362_c2a59b.jpg,0.914,0.118,0.061,PASS,OP-004
MCH-P-000363,EV-C2344E627C,2026-04-13T18:56:24.636588,True,6,6,mock_images/MCH-P-000363_749965.jpg,0.987,0.0,0.064,PASS,OP-005
MCH-P-000363,EV-F1B999DB54,2026-05-23T19:03:24.636733,True,8,8,mock_images/MCH-P-000363_a09a0e.jpg,0.963,0.013,0.048,PASS,OP-008
MCH-P-000363,EV-A4F0F8A50F,2026-07-18T12:23:24.636861,True,5,5,mock_images/MCH-P-000363_2b0297.jpg,0.943,0.0,0.052,PASS,OP-008
MCH-P-000364,EV-29EFCB6250,2026-04-26T14:31:24.637191,False,5,5,mock_images/MCH-P-000364_e2c98a.jpg,1.0,0.124,0.0,FAIL,OP-001
MCH-P-000364,EV-73D3FE3CDB,2026-05-10T11:21:24.637397,True,1,1,mock_images/MCH-P-000364_d3cf61.jpg,0.98,0.006,0.013,PASS,OP-004
MCH-P-000364,EV-2B2A567A3A,2026-08-14T23:35:24.637579,True,2,2,mock_images/MCH-P-000364_eb1b04.jpg,0.91,0.119,0.044,PASS,OP-007
MCH-P-000365,EV-62BAF0CEA9,2026-05-13T13:54:24.637961,True,8,8,mock_images/MCH-P-000365_0e0190.jpg,0.974,0.014,0.032,PASS,OP-009
MCH-P-000365,EV-E36E1C77D3,2026-04-19T21:55:24.638159,True,3,3,mock_images/MCH-P-000365_1db942.jpg,0.862,0.136,0.038,PASS,OP-004
MCH-P-000365,EV-F6B28A416A,2026-05-29T12:50:24.638306,True,9,9,mock_images/MCH-P-000365_bb6f77.jpg,0.918,0.104,0.037,PASS,OP-009
MCH-P-000366,EV-C21915D494,2026-05-04T15:15:24.638655,True,2,2,mock_images/MCH-P-000366_f813af.jpg,0.888,0.17,0.104,PASS,OP-003
MCH-P-000366,EV-27AB6C27B0,2026-05-14T23:57:24.638808,True,6,6,mock_images/MCH-P-000366_425326.jpg,1.0,0.052,0.013,PASS,OP-006
MCH-P-000366,EV-D783957538,2026-05-13T10:27:24.638944,True,4,4,mock_images/MCH-P-000366_37cecc.jpg,1.0,0.056,0.059,PASS,OP-010
MCH-P-000367,EV-407A7EB3C7,2026-07-22T16:17:24.639239,True,1,1,mock_images/MCH-P-000367_4edfcb.jpg,0.926,0.078,0.055,PASS,OP-009
MCH-P-000367,EV-3AA9C7F39D,2026-05-03T06:41:24.639400,True,8,8,mock_images/MCH-P-000367_3fd0d2.jpg,0.966,0.121,0.0,PASS,OP-002
MCH-P-000367,EV-5450D38509,2026-07-09T21:46:24.640233,True,1,1,mock_images/MCH-P-000367_a6a5ad.jpg,0.983,0.124,0.042,PASS,OP-009
MCH-P-000368,EV-3F347AE75B,2026-07-19T05:01:24.641019,True,3,3,mock_images/MCH-P-000368_fc52a9.jpg,0.816,0.05,0.064,PASS,OP-002
MCH-P-000368,EV-860E8D40F5,2026-07-27T15:38:24.641309,True,9,9,mock_images/MCH-P-000368_ae75fd.jpg,0.998,0.051,0.063,PASS,OP-006
MCH-P-000368,EV-4F66B547F3,2026-05-20T23:58:24.641518,True,9,9,mock_images/MCH-P-000368_83c372.jpg,0.99,0.0,0.049,PASS,OP-006
MCH-P-000369,EV-DADA4E610C,2026-05-03T23:21:24.641918,True,1,1,mock_images/MCH-P-000369_30d442.jpg,0.929,0.1,0.063,PASS,OP-003
MCH-P-000369,EV-197B605AFA,2026-07-18T02:16:24.642091,True,2,2,mock_images/MCH-P-000369_ee4869.jpg,0.954,0.117,0.0,PASS,OP-008
MCH-P-000369,EV-C6F8D6249F,2026-04-08T05:35:24.642223,True,3,3,mock_images/MCH-P-000369_f71803.jpg,0.898,0.08,0.113,PASS,OP-001
MCH-P-000370,EV-5682751803,2026-04-07T21:44:24.642956,True,8,8,mock_images/MCH-P-000370_a3d097.jpg,0.858,0.122,0.041,PASS,OP-010
MCH-P-000370,EV-0C046E469D,2026-07-03T21:46:24.643883,True,1,1,mock_images/MCH-P-000370_717ce7.jpg,0.921,0.022,0.026,PASS,OP-001
MCH-P-000370,EV-C8A59FA39A,2026-06-21T07:55:24.644354,True,1,1,mock_images/MCH-P-000370_33729d.jpg,0.998,0.064,0.094,PASS,OP-003
MCH-P-000371,EV-49A4F8EB31,2026-06-12T17:42:24.644775,True,1,1,mock_images/MCH-P-000371_34cc8d.jpg,1.0,0.046,0.029,PASS,OP-005
MCH-P-000371,EV-8233228E2A,2026-06-30T10:55:24.644934,True,4,4,mock_images/MCH-P-000371_ed5acf.jpg,0.929,0.107,0.082,PASS,OP-005
MCH-P-000371,EV-9B78F5E4A2,2026-05-04T15:37:24.645100,True,6,6,mock_images/MCH-P-000371_15624a.jpg,0.987,0.08,0.068,PASS,OP-006
MCH-P-000372,EV-A82E5A662D,2026-06-07T17:13:24.645403,True,9,9,mock_images/MCH-P-000372_ce41e0.jpg,0.893,0.059,0.092,PASS,OP-007
MCH-P-000372,EV-8374715659,2026-04-27T06:06:24.645547,True,3,3,mock_images/MCH-P-000372_6db915.jpg,0.922,0.064,0.004,PASS,OP-006
MCH-P-000372,EV-27FA4D0C22,2026-07-06T15:16:24.645681,True,4,4,mock_images/MCH-P-000372_552f3f.jpg,0.939,0.09,0.04,PASS,OP-007
MCH-P-000373,EV-FAC040FFD3,2026-05-31T04:42:24.645965,True,7,7,mock_images/MCH-P-000373_a879c9.jpg,0.954,0.026,0.05,PASS,OP-004
MCH-P-000373,EV-2985A7ABAF,2026-04-25T08:32:24.646167,True,8,8,mock_images/MCH-P-000373_c4ff2a.jpg,0.971,0.017,0.124,PASS,OP-006
MCH-P-000373,EV-A3CA15D79B,2026-04-16T07:47:24.646310,True,7,6,mock_images/MCH-P-000373_5cb185.jpg,0.951,0.086,0.098,FAIL,OP-009
MCH-P-000374,EV-096545CAB1,2026-06-16T17:17:24.646585,True,8,8,mock_images/MCH-P-000374_229443.jpg,1.0,0.056,0.061,PASS,OP-010
MCH-P-000374,EV-BB6564033B,2026-05-29T19:11:24.646722,False,8,8,mock_images/MCH-P-000374_516df9.jpg,0.971,0.079,0.059,FAIL,OP-002
MCH-P-000374,EV-7634BCF90F,2026-05-01T15:47:24.646843,True,6,6,mock_images/MCH-P-000374_976305.jpg,0.907,0.137,0.086,PASS,OP-001
MCH-P-000375,EV-457676FF39,2026-05-18T10:59:24.647103,True,3,3,mock_images/MCH-P-000375_12fdc1.jpg,0.863,0.014,0.025,PASS,OP-004
MCH-P-000375,EV-4C1A45E4C8,2026-04-25T14:09:24.647226,True,4,4,mock_images/MCH-P-000375_a6b0cf.jpg,0.894,0.097,0.113,PASS,OP-010
MCH-P-000375,EV-40D464F631,2026-05-16T18:40:24.647352,True,2,2,mock_images/MCH-P-000375_8ff888.jpg,0.956,0.058,0.086,PASS,OP-005
MCH-P-000376,EV-E780C622FD,2026-05-06T02:27:24.647620,True,3,3,mock_images/MCH-P-000376_2b7f5e.jpg,0.934,0.043,0.071,PASS,OP-002
MCH-P-000376,EV-59D6D49F72,2026-04-09T12:00:24.647763,True,4,4,mock_images/MCH-P-000376_41b144.jpg,0.994,0.031,0.065,PASS,OP-007
MCH-P-000376,EV-B74EBCA629,2026-06-14T12:32:24.647887,True,6,6,mock_images/MCH-P-000376_2cc517.jpg,0.905,0.118,0.14,PASS,OP-007
MCH-P-000377,EV-FDBD43A91C,2026-07-08T20:25:24.648181,True,2,2,mock_images/MCH-P-000377_e07853.jpg,0.972,0.101,0.034,PASS,OP-003
MCH-P-000377,EV-2B4B0FED89,2026-07-24T10:37:24.648315,True,3,3,mock_images/MCH-P-000377_a336c0.jpg,1.0,0.154,0.096,PASS,OP-008
MCH-P-000377,EV-C9AC8E0053,2026-04-25T17:15:24.648444,True,7,7,mock_images/MCH-P-000377_c0ffde.jpg,0.986,0.058,0.093,PASS,OP-010
MCH-P-000378,EV-5C1BDBA669,2026-07-06T18:40:24.648703,True,9,8,mock_images/MCH-P-000378_840676.jpg,0.945,0.0,0.072,FAIL,OP-005
MCH-P-000378,EV-E100E19041,2026-06-04T00:28:24.648841,True,4,4,mock_images/MCH-P-000378_c2b81b.jpg,0.964,0.038,0.043,PASS,OP-001
MCH-P-000378,EV-93C18D66EF,2026-04-12T20:13:24.648963,True,3,3,mock_images/MCH-P-000378_b31193.jpg,0.91,0.052,0.126,PASS,OP-008
MCH-P-000379,EV-048780203D,2026-04-23T01:05:24.649287,True,4,3,mock_images/MCH-P-000379_53ef95.jpg,0.911,0.098,0.018,FAIL,OP-004
MCH-P-000379,EV-62799B9CB8,2026-07-06T11:33:24.649421,True,7,7,mock_images/MCH-P-000379_b022bf.jpg,0.9,0.055,0.025,PASS,OP-010
MCH-P-000379,EV-4CF5A36C5F,2026-05-30T11:59:24.649542,True,4,4,mock_images/MCH-P-000379_a8fb40.jpg,0.968,0.046,0.0,PASS,OP-006
MCH-P-000380,EV-C6D3CFEC69,2026-05-14T08:08:24.649797,True,8,8,mock_images/MCH-P-000380_770879.jpg,0.839,0.007,0.11,PASS,OP-008
MCH-P-000380,EV-3C08CAB418,2026-08-15T18:28:24.649929,True,9,9,mock_images/MCH-P-000380_68455c.jpg,0.948,0.029,0.054,PASS,OP-007
MCH-P-000380,EV-1F8CEAB098,2026-07-15T20:49:24.650048,True,9,9,mock_images/MCH-P-000380_ea9f83.jpg,0.843,0.009,0.028,PASS,OP-003
MCH-P-000381,EV-F715993E66,2026-06-12T11:15:24.650302,True,6,6,mock_images/MCH-P-000381_c40a2a.jpg,0.967,0.123,0.046,PASS,OP-005
MCH-P-000381,EV-2B0F1E50A6,2026-08-09T09:16:24.650435,True,4,4,mock_images/MCH-P-000381_3b39cd.jpg,0.978,0.031,0.032,PASS,OP-009
MCH-P-000381,EV-0D0BF6DC52,2026-05-30T09:44:24.650596,True,7,7,mock_images/MCH-P-000381_d95ec5.jpg,0.965,0.083,0.117,PASS,OP-005
MCH-P-000382,EV-7684EF8DC0,2026-06-01T00:56:24.650874,True,4,4,mock_images/MCH-P-000382_7b0f35.jpg,0.987,0.001,0.058,PASS,OP-001
MCH-P-000382,EV-386D4CAC20,2026-07-04T16:37:24.651027,True,4,4,mock_images/MCH-P-000382_6d1a74.jpg,0.947,0.0,0.073,PASS,OP-007
MCH-P-000382,EV-149248F92C,2026-05-26T17:26:24.651159,True,6,6,mock_images/MCH-P-000382_74ffab.jpg,0.961,0.0,0.0,PASS,OP-008
MCH-P-000383,EV-6EBDC3C91B,2026-05-25T18:47:24.651437,True,3,3,mock_images/MCH-P-000383_d03551.jpg,0.948,0.193,0.02,PASS,OP-004
MCH-P-000383,EV-BC6CB92D9B,2026-08-21T08:41:24.651600,True,9,9,mock_images/MCH-P-000383_37994f.jpg,1.0,0.132,0.052,PASS,OP-009
MCH-P-000383,EV-BFC7F7B162,2026-05-31T04:42:24.651725,True,7,7,mock_images/MCH-P-000383_f394ad.jpg,0.923,0.0,0.079,PASS,OP-003
MCH-P-000384,EV-419CB184CF,2026-06-12T20:35:24.651980,True,2,2,mock_images/MCH-P-000384_ac90b3.jpg,0.864,0.024,0.046,PASS,OP-005
MCH-P-000384,EV-AE30E8F395,2026-05-12T13:43:24.652105,True,3,3,mock_images/MCH-P-000384_8e5771.jpg,0.9,0.196,0.01,PASS,OP-005
MCH-P-000384,EV-DC5BBFFAB4,2026-08-16T17:55:24.652240,True,4,4,mock_images/MCH-P-000384_ae4cdc.jpg,0.888,0.15,0.093,PASS,OP-006
MCH-P-000385,EV-F12CAB5662,2026-05-10T17:32:24.652490,True,7,7,mock_images/MCH-P-000385_2eb4e3.jpg,1.0,0.055,0.024,PASS,OP-002
MCH-P-000385,EV-5537E38566,2026-04-07T20:00:24.652618,True,5,5,mock_images/MCH-P-000385_895146.jpg,0.896,0.0,0.024,PASS,OP-003
MCH-P-000385,EV-72B98DC52B,2026-04-26T08:50:24.652743,False,8,8,mock_images/MCH-P-000385_38dc43.jpg,0.929,0.03,0.041,FAIL,OP-005
MCH-P-000386,EV-A7155750A8,2026-07-11T17:40:24.652988,False,5,5,mock_images/MCH-P-000386_5b2af8.jpg,0.954,0.062,0.062,FAIL,OP-004
MCH-P-000386,EV-5831D1EBD8,2026-07-10T11:45:24.653135,True,5,5,mock_images/MCH-P-000386_ef07ba.jpg,0.971,0.052,0.085,PASS,OP-001
MCH-P-000386,EV-0D319F1D50,2026-05-03T09:24:24.653264,True,7,7,mock_images/MCH-P-000386_34081a.jpg,0.966,0.0,0.018,PASS,OP-005
MCH-P-000387,EV-76323F4BB5,2026-08-05T19:42:24.653509,False,5,5,mock_images/MCH-P-000387_e4635f.jpg,0.994,0.047,0.129,FAIL,OP-005
MCH-P-000387,EV-EFCD09AAA7,2026-04-25T04:08:24.653634,True,9,9,mock_images/MCH-P-000387_0744e4.jpg,0.849,0.063,0.121,PASS,OP-001
MCH-P-000387,EV-865509F975,2026-08-22T13:48:24.653758,True,1,1,mock_images/MCH-P-000387_3c2853.jpg,0.973,0.075,0.006,PASS,OP-001
MCH-P-000388,EV-A3D3D8B691,2026-04-27T07:43:24.653999,True,5,5,mock_images/MCH-P-000388_ea42ec.jpg,0.918,0.0,0.018,PASS,OP-008
MCH-P-000388,EV-9BFF9DF5BE,2026-08-15T07:20:24.654128,True,1,1,mock_images/MCH-P-000388_967ac9.jpg,0.947,0.0,0.016,PASS,OP-008
MCH-P-000388,EV-B30F59A756,2026-05-11T16:38:24.654277,True,5,5,mock_images/MCH-P-000388_71f0d7.jpg,0.911,0.086,0.043,PASS,OP-006
MCH-P-000389,EV-305987DCDC,2026-07-04T23:28:24.654521,True,2,2,mock_images/MCH-P-000389_a405ef.jpg,0.953,0.0,0.049,PASS,OP-009
MCH-P-000389,EV-3BBC83E049,2026-06-10T16:19:24.654655,True,6,6,mock_images/MCH-P-000389_9a7971.jpg,1.0,0.0,0.055,PASS,OP-001
MCH-P-000389,EV-F93B8D929A,2026-05-10T06:42:24.654779,True,9,9,mock_images/MCH-P-000389_b51fb7.jpg,0.925,0.056,0.016,PASS,OP-008
MCH-P-000390,EV-F3D04FC333,2026-08-23T07:52:24.655026,True,9,9,mock_images/MCH-P-000390_dff570.jpg,0.903,0.038,0.107,PASS,OP-004
MCH-P-000390,EV-106AC90A59,2026-05-01T13:25:24.655147,True,7,7,mock_images/MCH-P-000390_2992de.jpg,0.906,0.106,0.014,PASS,OP-009
MCH-P-000390,EV-67D2E224E5,2026-04-29T10:10:24.655359,True,1,1,mock_images/MCH-P-000390_b0eb2f.jpg,0.934,0.058,0.075,PASS,OP-002
MCH-P-000391,EV-B477535FF5,2026-08-12T21:16:24.657445,True,6,5,mock_images/MCH-P-000391_bae060.jpg,0.937,0.068,0.041,FAIL,OP-009
MCH-P-000391,EV-3833C58986,2026-06-29T12:50:24.657965,True,5,4,mock_images/MCH-P-000391_a1f4c9.jpg,0.995,0.05,0.001,FAIL,OP-002
MCH-P-000391,EV-CB2140DEB9,2026-08-13T12:28:24.659422,True,3,3,mock_images/MCH-P-000391_63f104.jpg,0.944,0.0,0.061,PASS,OP-008
MCH-P-000392,EV-262ADD6DA7,2026-04-23T04:55:24.659841,True,5,5,mock_images/MCH-P-000392_a05457.jpg,0.906,0.131,0.009,PASS,OP-003
MCH-P-000392,EV-A8E1216AA5,2026-08-14T13:45:24.659987,True,7,7,mock_images/MCH-P-000392_d70e3e.jpg,0.964,0.026,0.069,PASS,OP-008
MCH-P-000392,EV-113E9E769F,2026-07-16T05:59:24.660135,True,7,7,mock_images/MCH-P-000392_7e9359.jpg,0.957,0.048,0.046,PASS,OP-004
MCH-P-000393,EV-CBF022F3EC,2026-08-17T20:58:24.660491,True,4,4,mock_images/MCH-P-000393_8e6a98.jpg,0.934,0.1,0.066,PASS,OP-007
MCH-P-000393,EV-DEDCFBDA77,2026-05-07T04:15:24.660629,True,1,1,mock_images/MCH-P-000393_d67bf8.jpg,0.847,0.146,0.007,PASS,OP-008
MCH-P-000393,EV-0CCFE36EB8,2026-07-09T03:06:24.660750,True,5,5,mock_images/MCH-P-000393_b18fea.jpg,0.872,0.103,0.117,PASS,OP-009
MCH-P-000394,EV-F87F30D84C,2026-06-17T08:43:24.661013,True,4,4,mock_images/MCH-P-000394_123d1a.jpg,0.916,0.121,0.061,PASS,OP-003
MCH-P-000394,EV-5EBEBD3FE8,2026-08-15T17:43:24.661444,True,6,6,mock_images/MCH-P-000394_36e433.jpg,0.943,0.04,0.009,PASS,OP-001
MCH-P-000394,EV-B18F1942A6,2026-08-11T10:20:24.661579,True,1,1,mock_images/MCH-P-000394_a78206.jpg,0.925,0.153,0.142,PASS,OP-006
MCH-P-000395,EV-533289DB96,2026-07-07T17:07:24.661860,True,2,2,mock_images/MCH-P-000395_8c0c5c.jpg,0.992,0.032,0.021,PASS,OP-004
MCH-P-000395,EV-C509F8E567,2026-08-05T10:12:24.661997,True,7,7,mock_images/MCH-P-000395_bf8587.jpg,0.968,0.14,0.012,PASS,OP-002
MCH-P-000395,EV-645F12DBE7,2026-08-01T20:05:24.662124,True,9,9,mock_images/MCH-P-000395_ff98de.jpg,1.0,0.154,0.0,PASS,OP-001
MCH-P-000396,EV-415A5231D4,2026-07-17T19:01:24.662406,True,6,6,mock_images/MCH-P-000396_0981e6.jpg,1.0,0.13,0.054,PASS,OP-004
MCH-P-000396,EV-AB102FEDF4,2026-05-25T08:30:24.662535,True,4,4,mock_images/MCH-P-000396_ec883d.jpg,0.911,0.151,0.065,PASS,OP-008
MCH-P-000396,EV-9C708445D5,2026-07-02T19:10:24.662655,True,4,4,mock_images/MCH-P-000396_910a67.jpg,1.0,0.0,0.039,PASS,OP-004
MCH-P-000397,EV-1FD026CC9E,2026-06-20T05:52:24.663008,True,1,1,mock_images/MCH-P-000397_a88b07.jpg,0.846,0.135,0.162,PASS,OP-004
MCH-P-000397,EV-27B9BC824B,2026-07-13T16:32:24.663147,False,7,7,mock_images/MCH-P-000397_c8e0f4.jpg,1.0,0.135,0.08,FAIL,OP-009
MCH-P-000397,EV-71CAB4C7DA,2026-08-11T06:19:24.663282,True,6,6,mock_images/MCH-P-000397_d177c5.jpg,0.891,0.111,0.051,PASS,OP-010
MCH-P-000398,EV-5F6B5B4EEA,2026-06-08T22:57:24.663568,True,7,7,mock_images/MCH-P-000398_c0f54f.jpg,0.965,0.07,0.059,PASS,OP-001
MCH-P-000398,EV-6865E54C3A,2026-07-29T03:50:24.663708,False,7,7,mock_images/MCH-P-000398_c580b6.jpg,0.95,0.073,0.0,FAIL,OP-002
MCH-P-000398,EV-47DB89001A,2026-06-08T20:54:24.663829,True,5,5,mock_images/MCH-P-000398_af75e2.jpg,0.947,0.066,0.107,PASS,OP-004
MCH-P-000399,EV-3C5493DDFB,2026-07-30T10:01:24.664244,True,7,7,mock_images/MCH-P-000399_739eed.jpg,0.878,0.042,0.047,PASS,OP-002
MCH-P-000399,EV-3A6FE4B678,2026-06-16T19:43:24.664421,True,2,2,mock_images/MCH-P-000399_293308.jpg,0.945,0.0,0.083,PASS,OP-009
MCH-P-000399,EV-8DD1B18370,2026-04-25T03:02:24.664549,True,7,7,mock_images/MCH-P-000399_fad774.jpg,0.956,0.052,0.085,PASS,OP-010
MCH-P-000400,EV-7309E7FA84,2026-05-28T04:14:24.664951,True,1,1,mock_images/MCH-P-000400_df7bb3.jpg,0.88,0.0,0.043,PASS,OP-007
MCH-P-000400,EV-58EEBD6C24,2026-08-09T23:42:24.665106,True,9,9,mock_images/MCH-P-000400_5b0d8a.jpg,0.936,0.0,0.002,PASS,OP-003
MCH-P-000400,EV-AF2B528C7C,2026-05-04T13:12:24.665246,True,6,6,mock_images/MCH-P-000400_964666.jpg,0.961,0.055,0.045,PASS,OP-003
MCH-P-000401,EV-7D780AFEC2,2026-08-20T05:26:24.665970,True,3,3,mock_images/MCH-P-000401_f34486.jpg,0.957,0.083,0.103,PASS,OP-005
MCH-P-000401,EV-9409049BE4,2026-06-21T01:51:24.666129,True,2,2,mock_images/MCH-P-000401_6ef7a3.jpg,0.973,0.022,0.0,PASS,OP-009
MCH-P-000401,EV-778A25E728,2026-06-14T06:46:24.666251,True,8,8,mock_images/MCH-P-000401_a470c6.jpg,1.0,0.0,0.07,PASS,OP-009
MCH-P-000402,EV-A566FE10B9,2026-04-23T17:23:24.666551,True,9,9,mock_images/MCH-P-000402_402e31.jpg,1.0,0.0,0.004,PASS,OP-004
MCH-P-000402,EV-30833B6E89,2026-07-04T08:33:24.666682,True,9,9,mock_images/MCH-P-000402_5cef82.jpg,0.95,0.06,0.08,PASS,OP-005
MCH-P-000402,EV-2F3FE5967F,2026-04-15T02:00:24.666811,True,6,6,mock_images/MCH-P-000402_8911ac.jpg,1.0,0.041,0.036,PASS,OP-005
MCH-P-000403,EV-DC212FFCB2,2026-04-26T21:22:24.667091,True,6,6,mock_images/MCH-P-000403_427423.jpg,0.882,0.099,0.0,PASS,OP-007
MCH-P-000403,EV-B7A2A8595A,2026-04-08T05:32:24.667232,True,8,8,mock_images/MCH-P-000403_714e5c.jpg,0.875,0.062,0.057,PASS,OP-004
MCH-P-000403,EV-83013B8186,2026-05-25T05:31:24.667378,True,3,3,mock_images/MCH-P-000403_791e8e.jpg,0.926,0.012,0.038,PASS,OP-005
MCH-P-000404,EV-3DBCC897F1,2026-06-23T15:08:24.667657,True,9,9,mock_images/MCH-P-000404_bb7b09.jpg,0.968,0.026,0.0,PASS,OP-006
MCH-P-000404,EV-123AF1416E,2026-08-20T04:58:24.667788,True,7,7,mock_images/MCH-P-000404_946940.jpg,0.94,0.189,0.102,PASS,OP-003
MCH-P-000404,EV-236EC99D87,2026-07-21T06:32:24.667910,True,5,5,mock_images/MCH-P-000404_e4d732.jpg,0.927,0.003,0.087,PASS,OP-010
MCH-P-000405,EV-BAEDA64381,2026-08-05T14:05:24.668184,True,2,2,mock_images/MCH-P-000405_f4c635.jpg,0.945,0.145,0.025,PASS,OP-005
MCH-P-000405,EV-83D9AB4F1C,2026-07-17T16:54:24.668323,True,2,2,mock_images/MCH-P-000405_6c9203.jpg,0.962,0.102,0.006,PASS,OP-008
MCH-P-000405,EV-B3FD2E11C6,2026-06-03T03:58:24.668467,True,4,4,mock_images/MCH-P-000405_60a123.jpg,0.976,0.053,0.036,PASS,OP-005
MCH-P-000406,EV-61923C668C,2026-06-19T18:51:24.668750,True,7,7,mock_images/MCH-P-000406_ff0043.jpg,0.958,0.039,0.036,PASS,OP-003
MCH-P-000406,EV-F24F2C7E86,2026-04-10T00:55:24.668978,True,3,3,mock_images/MCH-P-000406_1f997a.jpg,0.996,0.109,0.064,PASS,OP-009
MCH-P-000406,EV-292407491B,2026-06-09T01:39:24.669119,True,4,4,mock_images/MCH-P-000406_60a6ed.jpg,0.88,0.023,0.039,PASS,OP-003
MCH-P-000407,EV-9EEFC4D528,2026-06-26T09:35:24.669463,True,7,6,mock_images/MCH-P-000407_f0c2d5.jpg,0.912,0.158,0.026,FAIL,OP-009
MCH-P-000407,EV-BF2DF63A58,2026-06-10T06:45:24.669592,True,7,6,mock_images/MCH-P-000407_cc6a30.jpg,0.98,0.046,0.0,FAIL,OP-004
MCH-P-000407,EV-491D43B9C8,2026-06-22T08:16:24.669738,True,4,4,mock_images/MCH-P-000407_bedb2c.jpg,0.919,0.008,0.053,PASS,OP-007
MCH-P-000408,EV-D8771FC316,2026-07-28T10:31:24.670038,True,5,4,mock_images/MCH-P-000408_c5639d.jpg,0.964,0.024,0.0,FAIL,OP-009
MCH-P-000408,EV-44FCF576FB,2026-07-26T22:20:24.670205,True,3,3,mock_images/MCH-P-000408_891e61.jpg,0.97,0.09,0.077,PASS,OP-002
MCH-P-000408,EV-D54ADAA801,2026-07-12T00:28:24.670378,True,7,7,mock_images/MCH-P-000408_f9cf94.jpg,0.969,0.0,0.09,PASS,OP-009
MCH-P-000409,EV-A9772AE149,2026-06-10T09:32:24.670735,True,4,4,mock_images/MCH-P-000409_fe7324.jpg,0.937,0.011,0.053,PASS,OP-009
MCH-P-000409,EV-3676E596B7,2026-06-27T02:23:24.670918,True,9,9,mock_images/MCH-P-000409_92d84e.jpg,1.0,0.081,0.078,PASS,OP-003
MCH-P-000409,EV-1E1387550D,2026-07-08T11:47:24.671282,True,7,7,mock_images/MCH-P-000409_fc41f3.jpg,0.857,0.108,0.026,PASS,OP-010
MCH-P-000410,EV-AC3779D94F,2026-04-16T09:54:24.672623,True,8,8,mock_images/MCH-P-000410_4672bf.jpg,1.0,0.083,0.055,PASS,OP-004
MCH-P-000410,EV-D6545E52AD,2026-06-20T17:20:24.673020,True,6,6,mock_images/MCH-P-000410_f21c58.jpg,0.997,0.107,0.071,PASS,OP-002
MCH-P-000410,EV-B64EF7DAFF,2026-08-20T21:16:24.673349,True,9,9,mock_images/MCH-P-000410_ad9119.jpg,1.0,0.105,0.064,PASS,OP-003
MCH-P-000411,EV-7E7D9BFECA,2026-05-04T01:29:24.673912,True,4,4,mock_images/MCH-P-000411_06a99e.jpg,0.987,0.128,0.072,PASS,OP-006
MCH-P-000411,EV-3AA04ADBEF,2026-07-31T08:59:24.674238,True,6,6,mock_images/MCH-P-000411_7e48f0.jpg,0.948,0.138,0.019,PASS,OP-009
MCH-P-000411,EV-F1862C7B69,2026-04-19T17:27:24.674652,True,5,5,mock_images/MCH-P-000411_9779e7.jpg,0.955,0.005,0.056,PASS,OP-005
MCH-P-000412,EV-00B3AA4E0C,2026-05-30T11:54:24.675255,True,7,7,mock_images/MCH-P-000412_2cd52d.jpg,0.791,0.026,0.026,PASS,OP-009
MCH-P-000412,EV-08265A76F0,2026-04-11T23:46:24.675527,True,4,3,mock_images/MCH-P-000412_b11063.jpg,0.988,0.076,0.112,FAIL,OP-007
MCH-P-000412,EV-B6A4393B5F,2026-06-07T16:25:24.675782,True,3,3,mock_images/MCH-P-000412_415091.jpg,0.916,0.08,0.093,PASS,OP-008
MCH-P-000413,EV-EA2D13989E,2026-05-31T17:18:24.676316,True,3,3,mock_images/MCH-P-000413_56edf0.jpg,1.0,0.121,0.065,PASS,OP-004
MCH-P-000413,EV-E869D913C6,2026-08-07T03:17:24.676519,True,7,7,mock_images/MCH-P-000413_2d07cb.jpg,1.0,0.155,0.07,PASS,OP-008
MCH-P-000413,EV-2B6D6BD540,2026-04-29T08:25:24.676767,True,8,8,mock_images/MCH-P-000413_ccb387.jpg,0.979,0.118,0.071,PASS,OP-006
MCH-P-000414,EV-1945F8B379,2026-05-06T22:53:24.677208,True,3,3,mock_images/MCH-P-000414_30b779.jpg,0.9,0.024,0.039,PASS,OP-001
MCH-P-000414,EV-3798E792F9,2026-05-15T14:13:24.677369,True,8,8,mock_images/MCH-P-000414_84a032.jpg,0.969,0.023,0.073,PASS,OP-005
MCH-P-000414,EV-5369AA915D,2026-04-28T12:54:24.677509,True,6,5,mock_images/MCH-P-000414_06bc0c.jpg,0.957,0.0,0.037,FAIL,OP-002
MCH-P-000415,EV-38841E295A,2026-05-16T01:19:24.677823,True,6,6,mock_images/MCH-P-000415_f3dd8b.jpg,0.913,0.044,0.044,PASS,OP-008
MCH-P-000415,EV-2C6354CE3B,2026-08-23T02:41:24.677966,True,8,8,mock_images/MCH-P-000415_2f6e92.jpg,0.955,0.064,0.082,PASS,OP-002
MCH-P-000415,EV-88EF0CC676,2026-06-05T01:11:24.678105,True,3,3,mock_images/MCH-P-000415_862541.jpg,0.937,0.162,0.089,PASS,OP-005
MCH-P-000416,EV-58681D5AB9,2026-04-22T17:18:24.678395,True,4,4,mock_images/MCH-P-000416_f39425.jpg,0.866,0.117,0.035,PASS,OP-001
MCH-P-000416,EV-706AF10BA0,2026-04-25T20:09:24.678543,True,4,4,mock_images/MCH-P-000416_517bea.jpg,0.973,0.11,0.036,PASS,OP-001
MCH-P-000416,EV-5291EBBF13,2026-05-17T21:15:24.678716,True,2,2,mock_images/MCH-P-000416_a6dba6.jpg,0.945,0.06,0.063,PASS,OP-004
MCH-P-000417,EV-ABC8981D8B,2026-07-31T07:17:24.679066,True,3,3,mock_images/MCH-P-000417_8e615c.jpg,0.927,0.041,0.055,PASS,OP-001
MCH-P-000417,EV-F3F8DE3DEB,2026-04-24T20:06:24.679248,True,5,5,mock_images/MCH-P-000417_05b30e.jpg,0.925,0.087,0.092,PASS,OP-006
MCH-P-000417,EV-437BEBA684,2026-07-01T21:40:24.679379,True,3,3,mock_images/MCH-P-000417_e456aa.jpg,0.933,0.017,0.051,PASS,OP-002
MCH-P-000418,EV-97B2E69807,2026-08-15T05:54:24.679688,True,6,6,mock_images/MCH-P-000418_b11f40.jpg,1.0,0.061,0.0,PASS,OP-007
MCH-P-000418,EV-AAE220B378,2026-07-03T02:48:24.679831,True,9,9,mock_images/MCH-P-000418_a99ed0.jpg,0.959,0.021,0.022,PASS,OP-003
MCH-P-000418,EV-B33A38F033,2026-05-30T22:28:24.679963,True,1,1,mock_images/MCH-P-000418_b8d30a.jpg,0.919,0.077,0.015,PASS,OP-007
MCH-P-000419,EV-E3B0765B5B,2026-05-16T20:18:24.680252,True,7,7,mock_images/MCH-P-000419_63066f.jpg,0.916,0.0,0.08,PASS,OP-010
MCH-P-000419,EV-165C5E34AD,2026-05-23T06:01:24.680387,True,8,8,mock_images/MCH-P-000419_6794f1.jpg,0.858,0.028,0.026,PASS,OP-002
MCH-P-000419,EV-2F7DA7EE92,2026-08-07T20:32:24.680517,True,1,1,mock_images/MCH-P-000419_7e1d57.jpg,0.933,0.015,0.119,PASS,OP-004
MCH-P-000420,EV-D394CA8375,2026-07-04T14:38:24.680786,True,4,4,mock_images/MCH-P-000420_ebaf80.jpg,0.914,0.041,0.023,PASS,OP-003
MCH-P-000420,EV-1DB25C16CA,2026-06-25T16:17:24.680926,True,3,3,mock_images/MCH-P-000420_58ce87.jpg,0.967,0.001,0.053,PASS,OP-010
MCH-P-000420,EV-477D353E2E,2026-07-18T11:16:24.681043,True,4,3,mock_images/MCH-P-000420_d39818.jpg,0.915,0.047,0.087,FAIL,OP-009
MCH-P-000421,EV-646EE7499E,2026-06-21T22:19:24.681381,True,1,1,mock_images/MCH-P-000421_5464a2.jpg,0.939,0.059,0.036,PASS,OP-006
MCH-P-000421,EV-C16697AF05,2026-04-21T22:49:24.681534,True,4,4,mock_images/MCH-P-000421_82e8ff.jpg,0.962,0.126,0.025,PASS,OP-006
MCH-P-000421,EV-F873B98830,2026-04-24T00:16:24.681641,True,9,9,mock_images/MCH-P-000421_8dce02.jpg,0.921,0.134,0.069,PASS,OP-007
MCH-P-000422,EV-A243030F97,2026-07-04T03:47:24.681834,True,7,7,mock_images/MCH-P-000422_8bd5e8.jpg,0.91,0.077,0.084,PASS,OP-005
MCH-P-000422,EV-D61FFE38F1,2026-08-14T21:47:24.681945,True,4,4,mock_images/MCH-P-000422_826fdf.jpg,0.988,0.092,0.031,PASS,OP-010
MCH-P-000422,EV-4E6E6C0AE5,2026-08-07T12:59:24.682109,True,2,2,mock_images/MCH-P-000422_e1da29.jpg,0.889,0.04,0.079,PASS,OP-003
MCH-P-000423,EV-A357F2801A,2026-04-22T05:47:24.682449,True,5,5,mock_images/MCH-P-000423_c46e2b.jpg,0.938,0.113,0.068,PASS,OP-005
MCH-P-000423,EV-45F8D3521C,2026-04-24T17:21:24.682596,True,5,5,mock_images/MCH-P-000423_e2531d.jpg,0.971,0.06,0.072,PASS,OP-010
MCH-P-000423,EV-0AD561C879,2026-04-18T03:14:24.682730,True,6,6,mock_images/MCH-P-000423_ca47fc.jpg,1.0,0.13,0.053,PASS,OP-006
MCH-P-000424,EV-EFAB307BA9,2026-04-29T03:28:24.683396,True,7,7,mock_images/MCH-P-000424_e9c5d7.jpg,0.897,0.08,0.033,PASS,OP-005
MCH-P-000424,EV-B96124578E,2026-07-11T01:56:24.683548,True,4,4,mock_images/MCH-P-000424_22d37f.jpg,1.0,0.051,0.052,PASS,OP-008
MCH-P-000424,EV-D1E0F40CD7,2026-06-22T21:19:24.683678,True,3,3,mock_images/MCH-P-000424_1ed1a3.jpg,0.999,0.063,0.018,PASS,OP-001
MCH-P-000425,EV-292BE91443,2026-06-05T13:37:24.683971,True,5,5,mock_images/MCH-P-000425_70ab46.jpg,1.0,0.076,0.043,PASS,OP-010
MCH-P-000425,EV-058AB13CA9,2026-04-30T23:27:24.684119,True,8,8,mock_images/MCH-P-000425_bbb9db.jpg,0.908,0.0,0.083,PASS,OP-006
MCH-P-000425,EV-80337D1202,2026-08-09T04:47:24.684247,True,7,7,mock_images/MCH-P-000425_3972dd.jpg,1.0,0.0,0.041,PASS,OP-010
MCH-P-000426,EV-1AC225DF45,2026-04-22T15:49:24.684526,True,8,8,mock_images/MCH-P-000426_c258fa.jpg,0.92,0.112,0.077,PASS,OP-005
MCH-P-000426,EV-47A8648BE3,2026-05-22T08:27:24.684665,True,5,5,mock_images/MCH-P-000426_abe2d1.jpg,0.969,0.001,0.094,PASS,OP-002
MCH-P-000426,EV-566C9F1C74,2026-06-12T08:00:24.684788,True,2,2,mock_images/MCH-P-000426_4250e9.jpg,0.981,0.027,0.043,PASS,OP-007
MCH-P-000427,EV-B3A6C2D95F,2026-05-05T04:55:24.685082,True,2,1,mock_images/MCH-P-000427_c4473e.jpg,0.843,0.042,0.033,FAIL,OP-006
MCH-P-000427,EV-39996A94C4,2026-08-22T21:32:24.685256,True,6,6,mock_images/MCH-P-000427_f7b4d9.jpg,1.0,0.034,0.001,PASS,OP-010
MCH-P-000427,EV-70B3D1807C,2026-08-16T01:39:24.685389,True,1,1,mock_images/MCH-P-000427_45e583.jpg,0.931,0.12,0.055,PASS,OP-010
MCH-P-000428,EV-39F5970C0C,2026-06-17T08:41:24.685664,True,3,3,mock_images/MCH-P-000428_4de68b.jpg,0.894,0.086,0.076,PASS,OP-001
MCH-P-000428,EV-346F08B68B,2026-04-17T13:39:24.685805,True,7,7,mock_images/MCH-P-000428_3ae9ef.jpg,0.935,0.013,0.0,PASS,OP-010
MCH-P-000428,EV-DB366A99F7,2026-07-01T12:33:24.685935,True,4,3,mock_images/MCH-P-000428_0e545e.jpg,0.921,0.06,0.0,FAIL,OP-008
MCH-P-000429,EV-C0BB0897BF,2026-07-28T19:06:24.686220,False,7,7,mock_images/MCH-P-000429_e4079b.jpg,0.942,0.093,0.012,FAIL,OP-003
MCH-P-000429,EV-6D435BE651,2026-05-26T22:27:24.686351,True,4,4,mock_images/MCH-P-000429_a5e2e8.jpg,0.918,0.011,0.083,PASS,OP-001
MCH-P-000429,EV-5461A62EEB,2026-04-22T10:56:24.686474,True,1,1,mock_images/MCH-P-000429_b728d2.jpg,0.873,0.13,0.024,PASS,OP-009
MCH-P-000430,EV-E03DD6A975,2026-07-17T02:03:24.686721,True,1,1,mock_images/MCH-P-000430_8e325f.jpg,1.0,0.054,0.054,PASS,OP-003
MCH-P-000430,EV-B706F50D90,2026-08-17T01:54:24.686853,True,2,1,mock_images/MCH-P-000430_c4498e.jpg,1.0,0.075,0.053,FAIL,OP-008
MCH-P-000430,EV-50060EFDA8,2026-07-16T01:51:24.686976,True,5,5,mock_images/MCH-P-000430_caf856.jpg,0.886,0.059,0.118,PASS,OP-008
MCH-P-000431,EV-EAF791D662,2026-06-16T11:28:24.687813,True,9,9,mock_images/MCH-P-000431_ede0e7.jpg,0.911,0.1,0.104,PASS,OP-004
MCH-P-000431,EV-A32620F62A,2026-05-20T14:11:24.688194,True,5,5,mock_images/MCH-P-000431_1a48ce.jpg,1.0,0.096,0.116,PASS,OP-009
MCH-P-000431,EV-39D4399C76,2026-07-12T23:34:24.688352,True,7,7,mock_images/MCH-P-000431_25a858.jpg,1.0,0.062,0.07,PASS,OP-007
MCH-P-000432,EV-3E07BAF076,2026-07-09T03:07:24.688675,True,2,2,mock_images/MCH-P-000432_e3ba70.jpg,0.94,0.042,0.033,PASS,OP-004
MCH-P-000432,EV-0B3F3A0DD5,2026-05-24T21:25:24.688827,True,3,3,mock_images/MCH-P-000432_133753.jpg,0.902,0.141,0.065,PASS,OP-001
MCH-P-000432,EV-EAC60F68A6,2026-05-06T15:00:24.688954,True,3,2,mock_images/MCH-P-000432_393dc0.jpg,0.913,0.001,0.087,FAIL,OP-005
MCH-P-000433,EV-BAA923A905,2026-08-01T14:09:24.689253,True,8,8,mock_images/MCH-P-000433_5b66a7.jpg,0.97,0.072,0.084,PASS,OP-010
MCH-P-000433,EV-0B25C2F4CE,2026-06-18T16:11:24.689398,True,9,9,mock_images/MCH-P-000433_207f56.jpg,0.931,0.078,0.08,PASS,OP-008
MCH-P-000433,EV-490EBE229F,2026-08-12T14:09:24.689565,True,4,4,mock_images/MCH-P-000433_838ef1.jpg,0.933,0.111,0.0,PASS,OP-007
MCH-P-000434,EV-1662B359CE,2026-05-23T13:31:24.690126,True,3,3,mock_images/MCH-P-000434_f4387a.jpg,0.945,0.112,0.025,PASS,OP-008
MCH-P-000434,EV-FEC69822B5,2026-04-26T18:42:24.690305,True,3,3,mock_images/MCH-P-000434_e82b23.jpg,1.0,0.027,0.027,PASS,OP-009
MCH-P-000434,EV-37CC822F30,2026-08-14T16:10:24.690470,True,9,9,mock_images/MCH-P-000434_fe152a.jpg,0.877,0.0,0.036,PASS,OP-010
MCH-P-000435,EV-8E7E959B52,2026-04-25T10:05:24.690827,True,5,5,mock_images/MCH-P-000435_e9b8c1.jpg,0.922,0.013,0.059,PASS,OP-001
MCH-P-000435,EV-0D34628574,2026-05-13T16:01:24.690979,True,4,4,mock_images/MCH-P-000435_29d1f8.jpg,0.948,0.038,0.032,PASS,OP-007
MCH-P-000435,EV-C4EA8161AE,2026-04-14T19:56:24.691115,True,5,5,mock_images/MCH-P-000435_0891ed.jpg,0.918,0.163,0.144,PASS,OP-004
MCH-P-000436,EV-B2E900AD8A,2026-06-02T20:30:24.691424,True,9,9,mock_images/MCH-P-000436_2cf8c0.jpg,0.942,0.028,0.132,PASS,OP-008
MCH-P-000436,EV-DA0B527DE1,2026-07-22T10:54:24.691571,True,3,3,mock_images/MCH-P-000436_d8d236.jpg,0.979,0.016,0.058,PASS,OP-008
MCH-P-000436,EV-35B7EAD38B,2026-07-29T16:42:24.691699,True,2,2,mock_images/MCH-P-000436_736b97.jpg,0.852,0.07,0.066,PASS,OP-001
MCH-P-000437,EV-F8AC5ECEEB,2026-04-16T13:40:24.692023,True,2,2,mock_images/MCH-P-000437_7384e3.jpg,0.905,0.087,0.0,PASS,OP-008
MCH-P-000437,EV-410447BD09,2026-08-07T05:40:24.692167,True,8,8,mock_images/MCH-P-000437_c118d8.jpg,0.921,0.0,0.06,PASS,OP-007
MCH-P-000437,EV-F1A338CE9E,2026-04-28T13:34:24.692298,True,1,1,mock_images/MCH-P-000437_057a83.jpg,0.939,0.104,0.0,PASS,OP-006
MCH-P-000438,EV-BDADD2E91C,2026-07-21T10:59:24.692591,True,8,8,mock_images/MCH-P-000438_18e40e.jpg,0.914,0.087,0.052,PASS,OP-003
MCH-P-000438,EV-0BFBE3E4B4,2026-05-16T15:53:24.692732,True,3,3,mock_images/MCH-P-000438_d10dbd.jpg,0.869,0.016,0.058,PASS,OP-005
MCH-P-000438,EV-EB7F4AB128,2026-06-17T06:53:24.692867,True,5,5,mock_images/MCH-P-000438_188cc5.jpg,0.952,0.144,0.03,PASS,OP-005
MCH-P-000439,EV-3629570286,2026-07-17T08:06:24.693159,True,1,1,mock_images/MCH-P-000439_f45e90.jpg,1.0,0.052,0.11,PASS,OP-008
MCH-P-000439,EV-8398AB5AA2,2026-04-20T20:24:24.693300,True,1,1,mock_images/MCH-P-000439_be0aba.jpg,0.949,0.076,0.099,PASS,OP-008
MCH-P-000439,EV-8332E54068,2026-06-06T01:39:24.693427,True,1,1,mock_images/MCH-P-000439_4151e3.jpg,0.891,0.084,0.079,PASS,OP-010
MCH-P-000440,EV-73BCB1B02E,2026-05-15T02:27:24.693697,True,4,4,mock_images/MCH-P-000440_d00ddd.jpg,0.953,0.009,0.104,PASS,OP-001
MCH-P-000440,EV-376C561E47,2026-04-08T02:29:24.693836,True,7,7,mock_images/MCH-P-000440_6b7a01.jpg,0.93,0.1,0.0,PASS,OP-003
MCH-P-000440,EV-AD90D98B26,2026-04-12T00:01:24.694031,True,8,8,mock_images/MCH-P-000440_b97b71.jpg,0.949,0.072,0.049,PASS,OP-009
MCH-P-000441,EV-25C05BC558,2026-04-08T16:03:24.694769,True,5,5,mock_images/MCH-P-000441_ae5156.jpg,0.948,0.15,0.015,PASS,OP-009
MCH-P-000441,EV-621ECDAF70,2026-04-28T00:36:24.694921,True,1,1,mock_images/MCH-P-000441_93dab4.jpg,0.915,0.079,0.0,PASS,OP-010
MCH-P-000441,EV-825A198B80,2026-05-12T04:57:24.695305,True,2,2,mock_images/MCH-P-000441_5eaa1b.jpg,0.981,0.064,0.02,PASS,OP-005
MCH-P-000442,EV-6AAC17DBE8,2026-04-26T16:58:24.695699,True,9,9,mock_images/MCH-P-000442_e25c7e.jpg,0.913,0.0,0.094,PASS,OP-010
MCH-P-000442,EV-8C52121F17,2026-08-12T05:15:24.695897,True,7,7,mock_images/MCH-P-000442_08addc.jpg,0.944,0.0,0.086,PASS,OP-005
MCH-P-000442,EV-33E9561B68,2026-06-04T09:09:24.696163,True,8,8,mock_images/MCH-P-000442_12d1b8.jpg,1.0,0.048,0.048,PASS,OP-003
MCH-P-000443,EV-F60413255C,2026-06-18T06:18:24.696623,True,1,1,mock_images/MCH-P-000443_22f1fc.jpg,0.867,0.05,0.019,PASS,OP-009
MCH-P-000443,EV-C9FBA3462C,2026-04-19T12:41:24.696813,True,5,5,mock_images/MCH-P-000443_c01309.jpg,0.92,0.036,0.021,PASS,OP-005
MCH-P-000443,EV-CE6AC99196,2026-06-20T19:55:24.696977,True,1,1,mock_images/MCH-P-000443_1fbd97.jpg,0.868,0.041,0.098,PASS,OP-006
MCH-P-000444,EV-5597455E16,2026-07-07T01:35:24.697294,True,2,2,mock_images/MCH-P-000444_9daf90.jpg,0.928,0.0,0.028,PASS,OP-007
MCH-P-000444,EV-9905BE5865,2026-04-24T06:39:24.697434,True,3,3,mock_images/MCH-P-000444_d2ae59.jpg,0.971,0.0,0.05,PASS,OP-006
MCH-P-000444,EV-443E154266,2026-06-29T07:12:24.697574,True,4,3,mock_images/MCH-P-000444_959140.jpg,0.943,0.053,0.063,FAIL,OP-005
MCH-P-000445,EV-A61DE67612,2026-05-10T23:34:24.697904,True,7,7,mock_images/MCH-P-000445_03a43f.jpg,0.887,0.041,0.133,PASS,OP-001
MCH-P-000445,EV-FBB450BFCE,2026-07-22T13:51:24.698058,True,5,5,mock_images/MCH-P-000445_502520.jpg,1.0,0.062,0.028,PASS,OP-003
MCH-P-000445,EV-8DC02701DA,2026-04-11T18:29:24.698197,True,1,1,mock_images/MCH-P-000445_d8267e.jpg,0.876,0.085,0.064,PASS,OP-001
MCH-P-000446,EV-F80547BEF3,2026-08-12T18:17:24.698535,True,9,9,mock_images/MCH-P-000446_b54536.jpg,0.97,0.07,0.046,PASS,OP-009
MCH-P-000446,EV-7B193B14F2,2026-07-03T22:02:24.698747,True,4,4,mock_images/MCH-P-000446_c8a0f1.jpg,0.95,0.124,0.088,PASS,OP-002
MCH-P-000446,EV-BBD5FE6F1F,2026-07-25T15:06:24.698890,True,4,4,mock_images/MCH-P-000446_075282.jpg,0.996,0.168,0.05,PASS,OP-002
MCH-P-000447,EV-ACAC7A2033,2026-04-10T20:53:24.699299,True,7,7,mock_images/MCH-P-000447_25178f.jpg,0.907,0.0,0.009,PASS,OP-003
MCH-P-000447,EV-503D42C1A4,2026-07-28T12:55:24.699482,True,7,7,mock_images/MCH-P-000447_51580b.jpg,0.957,0.132,0.081,PASS,OP-004
MCH-P-000447,EV-CEA0B54DF3,2026-04-16T00:19:24.699625,True,6,6,mock_images/MCH-P-000447_c82107.jpg,1.0,0.065,0.012,PASS,OP-008
MCH-P-000448,EV-07F6E476EB,2026-04-09T12:03:24.699996,True,1,1,mock_images/MCH-P-000448_44ac74.jpg,0.969,0.09,0.077,PASS,OP-009
MCH-P-000448,EV-9AE065E403,2026-08-17T22:39:24.700161,True,6,6,mock_images/MCH-P-000448_c7e181.jpg,0.915,0.156,0.087,PASS,OP-002
MCH-P-000448,EV-9051E88E8B,2026-08-03T05:31:24.700312,True,1,1,mock_images/MCH-P-000448_5e8fdb.jpg,0.921,0.0,0.053,PASS,OP-006
MCH-P-000449,EV-341579BC4E,2026-04-11T08:15:24.700683,True,2,2,mock_images/MCH-P-000449_0afd22.jpg,0.992,0.077,0.079,PASS,OP-005
MCH-P-000449,EV-64FB88D9CF,2026-06-18T11:12:24.700839,True,8,8,mock_images/MCH-P-000449_5a515b.jpg,0.978,0.0,0.066,PASS,OP-006
MCH-P-000449,EV-54CED0D1D5,2026-05-24T02:06:24.700966,True,9,9,mock_images/MCH-P-000449_300fc2.jpg,1.0,0.015,0.016,PASS,OP-010
MCH-P-000450,EV-896C0EEF9F,2026-07-07T22:49:24.701316,True,5,5,mock_images/MCH-P-000450_4b00c5.jpg,0.901,0.038,0.114,PASS,OP-005
MCH-P-000450,EV-5061CC499B,2026-08-04T15:12:24.701464,True,2,2,mock_images/MCH-P-000450_96cae2.jpg,0.829,0.106,0.046,PASS,OP-002
MCH-P-000450,EV-50EFBD9ECD,2026-06-12T01:08:24.701604,True,2,2,mock_images/MCH-P-000450_6aaf25.jpg,0.926,0.0,0.124,PASS,OP-007
MCH-P-000451,EV-821DACE94F,2026-08-14T11:53:24.701947,True,9,9,mock_images/MCH-P-000451_298180.jpg,0.981,0.05,0.01,PASS,OP-010
MCH-P-000451,EV-BAE77FE1B2,2026-07-13T23:09:24.702106,True,7,7,mock_images/MCH-P-000451_a10108.jpg,0.959,0.079,0.074,PASS,OP-003
MCH-P-000451,EV-F04FF07350,2026-08-06T13:29:24.702272,True,6,6,mock_images/MCH-P-000451_1ad88c.jpg,0.89,0.0,0.064,PASS,OP-009
MCH-P-000452,EV-7619FE71F5,2026-08-02T01:05:24.704638,True,5,5,mock_images/MCH-P-000452_5692c9.jpg,0.911,0.009,0.024,PASS,OP-007
MCH-P-000452,EV-4E39465A56,2026-07-19T05:10:24.705076,True,5,5,mock_images/MCH-P-000452_dc85d1.jpg,0.966,0.054,0.034,PASS,OP-006
MCH-P-000452,EV-9DE10DB532,2026-06-18T18:25:24.705272,True,5,5,mock_images/MCH-P-000452_d7694a.jpg,0.921,0.123,0.0,PASS,OP-002
MCH-P-000453,EV-5540F25CC4,2026-04-24T13:29:24.705666,True,7,7,mock_images/MCH-P-000453_35df33.jpg,0.95,0.105,0.075,PASS,OP-004
MCH-P-000453,EV-1C11973904,2026-05-15T17:21:24.705853,True,5,5,mock_images/MCH-P-000453_0fa9bb.jpg,0.941,0.112,0.1,PASS,OP-003
MCH-P-000453,EV-70ACCB3280,2026-07-23T16:14:24.706027,True,8,8,mock_images/MCH-P-000453_740c11.jpg,0.806,0.096,0.077,PASS,OP-010
MCH-P-000454,EV-BAD29F8F70,2026-06-15T09:05:24.706637,True,2,2,mock_images/MCH-P-000454_129f48.jpg,0.966,0.049,0.039,PASS,OP-004
MCH-P-000454,EV-0E747B12E1,2026-06-28T18:04:24.707271,True,5,4,mock_images/MCH-P-000454_11f7c3.jpg,1.0,0.132,0.094,FAIL,OP-005
MCH-P-000454,EV-BAEED1BF22,2026-04-23T09:43:24.707511,True,6,6,mock_images/MCH-P-000454_4d22cd.jpg,0.911,0.0,0.108,PASS,OP-006
MCH-P-000455,EV-397ECA83EC,2026-06-29T19:36:24.707969,True,7,7,mock_images/MCH-P-000455_cf51ab.jpg,0.934,0.047,0.005,PASS,OP-002
MCH-P-000455,EV-09233F676E,2026-06-02T09:45:24.708220,True,5,5,mock_images/MCH-P-000455_1eb550.jpg,0.987,0.0,0.056,PASS,OP-005
MCH-P-000455,EV-FC539DE267,2026-08-21T17:04:24.708476,True,4,4,mock_images/MCH-P-000455_eb8e5d.jpg,0.973,0.065,0.102,PASS,OP-007
MCH-P-000456,EV-855222BE1F,2026-04-14T15:02:24.708963,True,1,1,mock_images/MCH-P-000456_215752.jpg,0.954,0.099,0.041,PASS,OP-007
MCH-P-000456,EV-5F2BB4BA24,2026-06-23T15:04:24.709167,True,3,3,mock_images/MCH-P-000456_e00736.jpg,0.895,0.038,0.051,PASS,OP-005
MCH-P-000456,EV-DB40B9F938,2026-07-19T22:34:24.709339,True,6,6,mock_images/MCH-P-000456_5ed31a.jpg,0.969,0.084,0.086,PASS,OP-008
MCH-P-000457,EV-785E0DD439,2026-06-28T06:28:24.709965,True,1,0,mock_images/MCH-P-000457_11d4d5.jpg,0.962,0.056,0.062,FAIL,OP-007
MCH-P-000457,EV-FC5982F22F,2026-04-12T13:04:24.710247,True,1,1,mock_images/MCH-P-000457_679939.jpg,0.896,0.152,0.103,PASS,OP-008
MCH-P-000457,EV-C8CA8DF87D,2026-05-02T15:21:24.710429,True,2,1,mock_images/MCH-P-000457_8c6ab5.jpg,0.994,0.111,0.143,FAIL,OP-005
MCH-P-000458,EV-91E5C538D6,2026-04-29T04:25:24.711031,False,4,4,mock_images/MCH-P-000458_79fafb.jpg,0.94,0.11,0.078,FAIL,OP-005
MCH-P-000458,EV-500D029B52,2026-07-22T16:58:24.711291,True,9,9,mock_images/MCH-P-000458_dde6d5.jpg,0.928,0.054,0.009,PASS,OP-001
MCH-P-000458,EV-298769DE7B,2026-07-29T13:29:24.711652,True,6,6,mock_images/MCH-P-000458_01635e.jpg,0.947,0.0,0.011,PASS,OP-003
MCH-P-000459,EV-81CB3AE794,2026-04-19T18:26:24.712369,True,6,6,mock_images/MCH-P-000459_860612.jpg,0.994,0.092,0.06,PASS,OP-003
MCH-P-000459,EV-EA16D68CAC,2026-05-10T14:54:24.712641,True,1,1,mock_images/MCH-P-000459_ca69c0.jpg,1.0,0.103,0.073,PASS,OP-010
MCH-P-000459,EV-77A28F7C85,2026-08-08T04:48:24.712835,True,2,2,mock_images/MCH-P-000459_1c3400.jpg,0.938,0.034,0.066,PASS,OP-001
MCH-P-000460,EV-D92BD40DD6,2026-05-02T09:39:24.713301,True,7,7,mock_images/MCH-P-000460_50aadb.jpg,0.847,0.114,0.113,PASS,OP-003
MCH-P-000460,EV-77BCFBCB50,2026-07-10T13:24:24.713507,True,5,5,mock_images/MCH-P-000460_36259f.jpg,1.0,0.05,0.0,PASS,OP-003
MCH-P-000460,EV-535A12585D,2026-06-13T04:27:24.713695,True,8,8,mock_images/MCH-P-000460_190c01.jpg,0.863,0.13,0.06,PASS,OP-009
MCH-P-000461,EV-13D0AA030D,2026-07-31T00:58:24.714123,True,4,4,mock_images/MCH-P-000461_788815.jpg,0.989,0.11,0.058,PASS,OP-010
MCH-P-000461,EV-67ED2D9BCF,2026-05-05T09:36:24.714305,True,7,7,mock_images/MCH-P-000461_560fd1.jpg,0.89,0.057,0.078,PASS,OP-009
MCH-P-000461,EV-B02663B9FD,2026-07-29T12:31:24.714471,True,4,4,mock_images/MCH-P-000461_fcc86e.jpg,0.957,0.115,0.05,PASS,OP-005
MCH-P-000462,EV-5FB10EC351,2026-06-02T09:17:24.714904,True,1,1,mock_images/MCH-P-000462_12b19d.jpg,0.868,0.0,0.001,PASS,OP-002
MCH-P-000462,EV-2EEB3C3CAA,2026-08-12T07:41:24.715070,True,1,1,mock_images/MCH-P-000462_bddf44.jpg,0.987,0.004,0.124,PASS,OP-003
MCH-P-000462,EV-AE332AEE85,2026-06-06T19:12:24.715223,True,8,8,mock_images/MCH-P-000462_8e5007.jpg,0.918,0.072,0.092,PASS,OP-003
MCH-P-000463,EV-4448246A12,2026-05-12T09:09:24.715558,True,7,7,mock_images/MCH-P-000463_12a812.jpg,0.882,0.029,0.026,PASS,OP-002
MCH-P-000463,EV-93795C67D1,2026-08-03T22:51:24.715712,True,2,2,mock_images/MCH-P-000463_494116.jpg,0.961,0.081,0.02,PASS,OP-006
MCH-P-000463,EV-DAFFB5DA54,2026-04-18T22:42:24.715846,True,5,5,mock_images/MCH-P-000463_e0cc91.jpg,0.978,0.048,0.067,PASS,OP-008
MCH-P-000464,EV-1FCEB0D11A,2026-07-26T08:19:24.716241,True,8,8,mock_images/MCH-P-000464_68c20b.jpg,1.0,0.027,0.002,PASS,OP-002
MCH-P-000464,EV-193B2E6E38,2026-04-18T11:51:24.716498,True,3,3,mock_images/MCH-P-000464_7669da.jpg,0.956,0.0,0.0,PASS,OP-007
MCH-P-000464,EV-F593B05A91,2026-07-30T16:12:24.716706,True,4,4,mock_images/MCH-P-000464_c76891.jpg,0.883,0.126,0.01,PASS,OP-001
MCH-P-000465,EV-10B9601876,2026-05-10T02:35:24.717082,True,7,7,mock_images/MCH-P-000465_d81ed8.jpg,1.0,0.0,0.095,PASS,OP-006
MCH-P-000465,EV-CB93332A07,2026-08-01T05:47:24.717271,True,9,9,mock_images/MCH-P-000465_685f81.jpg,0.834,0.038,0.104,PASS,OP-008
MCH-P-000465,EV-F69C8194D1,2026-04-19T06:11:24.717433,True,8,8,mock_images/MCH-P-000465_e938a5.jpg,0.972,0.076,0.048,PASS,OP-003
MCH-P-000466,EV-AF247B6BE9,2026-05-24T12:18:24.717789,True,5,5,mock_images/MCH-P-000466_742295.jpg,0.964,0.009,0.0,PASS,OP-002
MCH-P-000466,EV-8B9A4B1A77,2026-07-19T05:19:24.717932,True,8,8,mock_images/MCH-P-000466_6f6fbd.jpg,0.973,0.013,0.047,PASS,OP-004
MCH-P-000466,EV-9872D86E61,2026-08-10T11:11:24.718132,True,8,8,mock_images/MCH-P-000466_9f916c.jpg,1.0,0.0,0.037,PASS,OP-009
MCH-P-000467,EV-592154D4DB,2026-05-25T23:56:24.718534,False,4,4,mock_images/MCH-P-000467_d156cc.jpg,1.0,0.062,0.028,FAIL,OP-010
MCH-P-000467,EV-D5D484937E,2026-08-10T08:31:24.718705,True,1,1,mock_images/MCH-P-000467_162e9f.jpg,0.955,0.08,0.058,PASS,OP-006
MCH-P-000467,EV-AF39FF213F,2026-06-08T04:32:24.718856,True,7,7,mock_images/MCH-P-000467_e64550.jpg,1.0,0.0,0.0,PASS,OP-001
MCH-P-000468,EV-197DF12071,2026-08-01T20:45:24.719880,True,2,2,mock_images/MCH-P-000468_8c0acb.jpg,0.885,0.138,0.0,PASS,OP-001
MCH-P-000468,EV-CED238ADD6,2026-05-26T03:49:24.720063,True,9,9,mock_images/MCH-P-000468_fa9d2c.jpg,0.95,0.021,0.071,PASS,OP-005
MCH-P-000468,EV-D7BAAD70B2,2026-06-07T04:51:24.720192,True,3,3,mock_images/MCH-P-000468_237944.jpg,0.947,0.04,0.09,PASS,OP-006
MCH-P-000469,EV-8CF7673240,2026-07-09T13:41:24.720463,True,6,5,mock_images/MCH-P-000469_8fa55d.jpg,0.905,0.084,0.047,FAIL,OP-003
MCH-P-000469,EV-9E9BCC90B1,2026-06-05T11:09:24.720597,True,8,8,mock_images/MCH-P-000469_f4c328.jpg,0.9,0.033,0.047,PASS,OP-006
MCH-P-000469,EV-9341FCB549,2026-06-18T23:10:24.720720,True,4,3,mock_images/MCH-P-000469_535c1d.jpg,0.868,0.104,0.027,FAIL,OP-003
MCH-P-000470,EV-BB4641DCDC,2026-04-26T15:55:24.720990,True,6,6,mock_images/MCH-P-000470_f275c0.jpg,1.0,0.044,0.137,PASS,OP-007
MCH-P-000470,EV-08A5E94663,2026-07-12T13:40:24.721128,True,7,7,mock_images/MCH-P-000470_5ccae5.jpg,0.942,0.085,0.061,PASS,OP-006
MCH-P-000470,EV-9C782AF8AB,2026-06-22T14:44:24.721249,True,5,5,mock_images/MCH-P-000470_99119a.jpg,0.956,0.166,0.063,PASS,OP-001
MCH-P-000471,EV-EACF47E078,2026-04-13T14:52:24.721829,True,9,9,mock_images/MCH-P-000471_c06a72.jpg,1.0,0.023,0.059,PASS,OP-007
MCH-P-000471,EV-EB74F91910,2026-05-07T15:04:24.722264,True,2,2,mock_images/MCH-P-000471_8a4f78.jpg,0.964,0.001,0.014,PASS,OP-004
MCH-P-000471,EV-7A75635556,2026-07-26T10:10:24.722459,True,7,7,mock_images/MCH-P-000471_619e67.jpg,1.0,0.105,0.088,PASS,OP-001
MCH-P-000472,EV-3BAE1DBA7A,2026-06-04T18:57:24.722936,True,4,4,mock_images/MCH-P-000472_888e6e.jpg,0.92,0.007,0.055,PASS,OP-001
MCH-P-000472,EV-053EBF0A89,2026-05-22T07:54:24.723206,True,5,5,mock_images/MCH-P-000472_1c6b9e.jpg,0.926,0.05,0.0,PASS,OP-004
MCH-P-000472,EV-845E3BF3F2,2026-05-21T13:25:24.723431,True,9,9,mock_images/MCH-P-000472_6aa2b2.jpg,1.0,0.04,0.037,PASS,OP-002
MCH-P-000473,EV-9CCF133E3F,2026-07-02T04:13:24.723883,True,3,3,mock_images/MCH-P-000473_18818a.jpg,0.962,0.023,0.018,PASS,OP-010
MCH-P-000473,EV-4529B2E473,2026-08-19T04:00:24.724101,True,8,8,mock_images/MCH-P-000473_8c81f3.jpg,0.918,0.05,0.024,PASS,OP-005
MCH-P-000473,EV-433F9DB4AB,2026-08-12T10:22:24.724269,True,5,4,mock_images/MCH-P-000473_47a953.jpg,0.986,0.139,0.105,FAIL,OP-001
MCH-P-000474,EV-04DF46B542,2026-05-28T04:01:24.724742,True,3,3,mock_images/MCH-P-000474_20259b.jpg,0.943,0.053,0.039,PASS,OP-004
MCH-P-000474,EV-67E7D70853,2026-04-29T09:15:24.724906,True,6,6,mock_images/MCH-P-000474_dc261d.jpg,0.969,0.046,0.028,PASS,OP-004
MCH-P-000474,EV-4275304D57,2026-05-20T10:13:24.725057,True,9,9,mock_images/MCH-P-000474_331806.jpg,0.966,0.021,0.07,PASS,OP-009
MCH-P-000475,EV-D232F897FF,2026-07-12T05:03:24.725364,True,3,2,mock_images/MCH-P-000475_55c305.jpg,0.977,0.0,0.079,FAIL,OP-009
MCH-P-000475,EV-FB49C74E8A,2026-07-17T22:30:24.725499,True,1,1,mock_images/MCH-P-000475_b5e24d.jpg,0.84,0.0,0.067,PASS,OP-004
MCH-P-000475,EV-663F42CB57,2026-08-18T13:53:24.725624,True,7,7,mock_images/MCH-P-000475_6f39a3.jpg,0.878,0.045,0.008,PASS,OP-006
MCH-P-000476,EV-AB5B616F2A,2026-07-25T20:49:24.725889,True,7,7,mock_images/MCH-P-000476_609534.jpg,0.984,0.123,0.091,PASS,OP-004
MCH-P-000476,EV-B2F7CA2499,2026-07-21T11:23:24.726022,True,4,4,mock_images/MCH-P-000476_d316c6.jpg,0.953,0.0,0.073,PASS,OP-006
MCH-P-000476,EV-3B5C18CB40,2026-05-21T01:29:24.726144,True,3,3,mock_images/MCH-P-000476_4b881f.jpg,0.94,0.09,0.055,PASS,OP-004
MCH-P-000477,EV-ED9F38272D,2026-05-11T12:55:24.726404,False,8,8,mock_images/MCH-P-000477_465887.jpg,0.977,0.116,0.099,FAIL,OP-001
MCH-P-000477,EV-CC2A03BD60,2026-04-24T10:32:24.726538,True,1,1,mock_images/MCH-P-000477_985d71.jpg,0.989,0.063,0.03,PASS,OP-003
MCH-P-000477,EV-18CBC8E427,2026-05-18T13:51:24.726661,True,2,2,mock_images/MCH-P-000477_14f271.jpg,0.988,0.139,0.066,PASS,OP-009
MCH-P-000478,EV-DC891C03D9,2026-07-09T07:12:24.726932,True,1,1,mock_images/MCH-P-000478_f7ac91.jpg,0.912,0.054,0.045,PASS,OP-008
MCH-P-000478,EV-0B1953138A,2026-04-30T15:50:24.727080,True,4,4,mock_images/MCH-P-000478_014f91.jpg,0.928,0.162,0.067,PASS,OP-008
MCH-P-000478,EV-2FCAA2EEC4,2026-04-18T10:38:24.727245,True,5,5,mock_images/MCH-P-000478_194448.jpg,0.941,0.138,0.073,PASS,OP-010
MCH-P-000479,EV-614D05B523,2026-05-09T21:08:24.727695,True,7,7,mock_images/MCH-P-000479_3171ca.jpg,0.904,0.13,0.01,PASS,OP-004
MCH-P-000479,EV-44A8606055,2026-06-05T20:05:24.727913,True,7,7,mock_images/MCH-P-000479_3d063e.jpg,0.9,0.139,0.065,PASS,OP-005
MCH-P-000479,EV-702FD4EDFC,2026-08-08T21:29:24.728133,True,9,9,mock_images/MCH-P-000479_22e2a2.jpg,0.921,0.054,0.061,PASS,OP-004
MCH-P-000480,EV-2A1FC67095,2026-05-06T17:50:24.728666,True,7,6,mock_images/MCH-P-000480_3d3fad.jpg,0.988,0.056,0.101,FAIL,OP-005
MCH-P-000480,EV-66BEA89068,2026-08-04T07:18:24.728937,True,7,7,mock_images/MCH-P-000480_b5faba.jpg,0.915,0.066,0.091,PASS,OP-004
MCH-P-000480,EV-FAE2AA1596,2026-06-15T03:26:24.729159,True,6,6,mock_images/MCH-P-000480_17e44b.jpg,0.944,0.085,0.076,PASS,OP-009
MCH-P-000481,EV-341B947BCF,2026-05-09T15:11:24.729633,True,6,6,mock_images/MCH-P-000481_58d9cc.jpg,0.93,0.102,0.102,PASS,OP-007
MCH-P-000481,EV-0D2459ACDB,2026-04-09T07:00:24.729834,True,6,6,mock_images/MCH-P-000481_93e6da.jpg,0.963,0.009,0.02,PASS,OP-007
MCH-P-000481,EV-5E18A84348,2026-08-23T17:55:24.730030,True,4,4,mock_images/MCH-P-000481_685d49.jpg,0.9,0.167,0.099,PASS,OP-002
MCH-P-000482,EV-BA6C9B7EAD,2026-06-12T21:34:24.730563,True,2,2,mock_images/MCH-P-000482_16b9ae.jpg,0.937,0.013,0.001,PASS,OP-008
MCH-P-000482,EV-0EB23639FD,2026-06-20T03:37:24.730788,True,7,7,mock_images/MCH-P-000482_2ef8db.jpg,1.0,0.125,0.035,PASS,OP-008
MCH-P-000482,EV-BA2BB2F429,2026-04-17T23:10:24.730940,True,1,1,mock_images/MCH-P-000482_6608a5.jpg,0.944,0.07,0.092,PASS,OP-008
MCH-P-000483,EV-C0AFE42067,2026-04-29T06:41:24.731458,True,2,2,mock_images/MCH-P-000483_9b2d5c.jpg,0.921,0.041,0.06,PASS,OP-001
MCH-P-000483,EV-85246F7D33,2026-06-29T10:39:24.731674,True,2,2,mock_images/MCH-P-000483_fb0898.jpg,0.929,0.049,0.017,PASS,OP-002
MCH-P-000483,EV-C81B104F5D,2026-07-07T04:39:24.731837,True,8,8,mock_images/MCH-P-000483_6dedb4.jpg,0.975,0.106,0.002,PASS,OP-008
MCH-P-000484,EV-B187595D12,2026-06-04T16:05:24.732308,True,6,6,mock_images/MCH-P-000484_a8b8f2.jpg,0.934,0.039,0.045,PASS,OP-008
MCH-P-000484,EV-3A950E0DDC,2026-05-18T23:44:24.732528,True,8,8,mock_images/MCH-P-000484_0130bd.jpg,0.97,0.124,0.068,PASS,OP-002
MCH-P-000484,EV-DDBEFE192B,2026-04-24T16:41:24.732729,True,2,2,mock_images/MCH-P-000484_910e7b.jpg,0.88,0.085,0.095,PASS,OP-010
MCH-P-000485,EV-F32186DDAF,2026-08-18T15:23:24.733181,True,1,1,mock_images/MCH-P-000485_d7d819.jpg,0.922,0.069,0.0,PASS,OP-006
MCH-P-000485,EV-E30F38085B,2026-07-14T03:30:24.733428,True,5,5,mock_images/MCH-P-000485_05b22e.jpg,0.893,0.056,0.004,PASS,OP-008
MCH-P-000485,EV-8C01C53A45,2026-08-15T03:53:24.733616,True,5,5,mock_images/MCH-P-000485_bf2a01.jpg,0.932,0.093,0.125,PASS,OP-006
MCH-P-000486,EV-03B4B62A95,2026-05-29T04:20:24.734185,True,2,2,mock_images/MCH-P-000486_80684a.jpg,0.975,0.027,0.059,PASS,OP-006
MCH-P-000486,EV-360D7BC29F,2026-05-07T20:18:24.734416,True,4,4,mock_images/MCH-P-000486_01854c.jpg,0.927,0.047,0.108,PASS,OP-005
MCH-P-000486,EV-FF50D027C8,2026-08-18T07:11:24.735005,True,6,6,mock_images/MCH-P-000486_cb7541.jpg,0.972,0.061,0.047,PASS,OP-010
MCH-P-000487,EV-112D499E8E,2026-04-19T17:49:24.735795,True,9,9,mock_images/MCH-P-000487_066cee.jpg,0.99,0.013,0.069,PASS,OP-007
MCH-P-000487,EV-99009B511E,2026-07-04T00:13:24.736085,True,5,5,mock_images/MCH-P-000487_723152.jpg,0.915,0.079,0.036,PASS,OP-009
MCH-P-000487,EV-C1C91BCD20,2026-06-19T08:10:24.736286,True,5,5,mock_images/MCH-P-000487_d2df5b.jpg,0.954,0.078,0.096,PASS,OP-005
MCH-P-000488,EV-EDBE24DF10,2026-06-27T01:48:24.736766,True,9,8,mock_images/MCH-P-000488_62af1a.jpg,0.903,0.059,0.034,FAIL,OP-009
MCH-P-000488,EV-01622C5FDD,2026-04-26T05:20:24.737753,True,2,2,mock_images/MCH-P-000488_1b3d04.jpg,0.969,0.112,0.013,PASS,OP-010
MCH-P-000488,EV-A0B382EFEE,2026-07-08T21:27:24.738298,True,2,2,mock_images/MCH-P-000488_416cae.jpg,0.965,0.0,0.013,PASS,OP-006
MCH-P-000489,EV-8F35FE5066,2026-07-09T17:35:24.738922,True,6,6,mock_images/MCH-P-000489_65b80d.jpg,0.988,0.018,0.039,PASS,OP-005
MCH-P-000489,EV-19F84C82B0,2026-07-02T12:34:24.739164,True,8,8,mock_images/MCH-P-000489_885d80.jpg,0.938,0.055,0.047,PASS,OP-007
MCH-P-000489,EV-F174D1B91C,2026-04-21T09:05:24.739311,True,3,3,mock_images/MCH-P-000489_8be17a.jpg,0.901,0.003,0.117,PASS,OP-009
MCH-P-000490,EV-808FAC7352,2026-04-23T13:38:24.739770,True,9,9,mock_images/MCH-P-000490_0ea6d0.jpg,0.95,0.108,0.023,PASS,OP-004
MCH-P-000490,EV-CE646E87F8,2026-05-14T07:32:24.739948,True,5,5,mock_images/MCH-P-000490_66c3c4.jpg,0.896,0.098,0.121,PASS,OP-002
MCH-P-000490,EV-A4C47C52B8,2026-06-13T20:50:24.740096,True,5,5,mock_images/MCH-P-000490_f38c93.jpg,0.995,0.126,0.012,PASS,OP-002
MCH-P-000491,EV-7D37C564D3,2026-07-10T16:24:24.740495,True,7,7,mock_images/MCH-P-000491_d2e21a.jpg,0.922,0.181,0.068,PASS,OP-010
MCH-P-000491,EV-64758BD7EA,2026-08-18T10:59:24.740684,True,4,4,mock_images/MCH-P-000491_da05e6.jpg,0.956,0.078,0.0,PASS,OP-009
MCH-P-000491,EV-6B7AE1BF7B,2026-04-14T13:03:24.740815,True,3,3,mock_images/MCH-P-000491_ffa38d.jpg,1.0,0.058,0.068,PASS,OP-002
MCH-P-000492,EV-549116E94B,2026-08-15T19:44:24.741118,True,4,4,mock_images/MCH-P-000492_193a5d.jpg,0.974,0.072,0.034,PASS,OP-001
MCH-P-000492,EV-B309463F7E,2026-07-13T01:59:24.741260,True,7,7,mock_images/MCH-P-000492_31f986.jpg,0.932,0.105,0.099,PASS,OP-004
MCH-P-000492,EV-1169686191,2026-07-27T23:09:24.741392,True,1,1,mock_images/MCH-P-000492_521c6d.jpg,1.0,0.088,0.064,PASS,OP-010
MCH-P-000493,EV-0917A92C78,2026-04-10T11:02:24.741619,True,6,6,mock_images/MCH-P-000493_072500.jpg,1.0,0.04,0.0,PASS,OP-005
MCH-P-000493,EV-E560C24E33,2026-07-04T15:04:24.741702,True,2,2,mock_images/MCH-P-000493_eca1ad.jpg,0.967,0.064,0.053,PASS,OP-001
MCH-P-000493,EV-F6CA86A3C5,2026-04-10T06:03:24.741771,True,5,5,mock_images/MCH-P-000493_ea0062.jpg,1.0,0.065,0.014,PASS,OP-004
MCH-P-000494,EV-4F6711D60E,2026-04-12T16:56:24.741927,True,7,7,mock_images/MCH-P-000494_adfb67.jpg,0.971,0.133,0.002,PASS,OP-001
MCH-P-000494,EV-FB600BB47B,2026-05-29T08:02:24.742004,True,6,6,mock_images/MCH-P-000494_c5ee55.jpg,0.961,0.117,0.078,PASS,OP-003
MCH-P-000494,EV-D8FA9BBF1F,2026-07-20T22:48:24.742074,True,3,3,mock_images/MCH-P-000494_5f5ba6.jpg,0.958,0.203,0.064,PASS,OP-002
MCH-P-000495,EV-C0BA380D29,2026-06-22T17:55:24.742225,True,5,5,mock_images/MCH-P-000495_1dfe2f.jpg,0.972,0.057,0.046,PASS,OP-007
MCH-P-000495,EV-8782806F2D,2026-08-22T22:21:24.742305,True,7,7,mock_images/MCH-P-000495_c5938d.jpg,0.958,0.037,0.054,PASS,OP-007
MCH-P-000495,EV-B7BC63CE8B,2026-06-28T04:30:24.742383,True,6,6,mock_images/MCH-P-000495_1fd499.jpg,0.853,0.0,0.062,PASS,OP-003
MCH-P-000496,EV-A47281D1F9,2026-08-13T02:46:24.742570,True,5,5,mock_images/MCH-P-000496_f24f48.jpg,0.924,0.031,0.048,PASS,OP-008
MCH-P-000496,EV-9916A2F5A7,2026-07-22T20:44:24.742653,True,8,8,mock_images/MCH-P-000496_721c20.jpg,0.923,0.07,0.078,PASS,OP-009
MCH-P-000496,EV-9BCE796FB0,2026-04-21T03:00:24.742749,True,9,9,mock_images/MCH-P-000496_b8e483.jpg,0.924,0.125,0.058,PASS,OP-006
MCH-P-000497,EV-608670F061,2026-06-04T17:09:24.742912,True,4,4,mock_images/MCH-P-000497_cf6519.jpg,0.964,0.045,0.08,PASS,OP-005
MCH-P-000497,EV-852C785782,2026-07-29T07:19:24.742993,True,9,9,mock_images/MCH-P-000497_38347e.jpg,0.988,0.107,0.049,PASS,OP-006
MCH-P-000497,EV-96ED93CB05,2026-07-07T20:55:24.743063,True,5,5,mock_images/MCH-P-000497_02aadf.jpg,0.981,0.09,0.119,PASS,OP-007
MCH-P-000498,EV-3F72809FE6,2026-06-02T16:07:24.743210,True,5,5,mock_images/MCH-P-000498_57f8d9.jpg,0.883,0.089,0.054,PASS,OP-003
MCH-P-000498,EV-A0ADE31469,2026-05-01T20:07:24.743290,True,6,6,mock_images/MCH-P-000498_a0cf67.jpg,0.879,0.0,0.003,PASS,OP-007
MCH-P-000498,EV-2C161B33A6,2026-08-08T21:04:24.743360,True,2,2,mock_images/MCH-P-000498_66d1aa.jpg,0.982,0.014,0.051,PASS,OP-007
MCH-P-000499,EV-1D877B77E0,2026-04-07T09:45:24.743504,True,6,6,mock_images/MCH-P-000499_e0fe4f.jpg,0.991,0.143,0.048,PASS,OP-009
MCH-P-000499,EV-2516EC1415,2026-05-02T10:10:24.743582,True,8,8,mock_images/MCH-P-000499_787bcb.jpg,0.932,0.066,0.114,PASS,OP-003
MCH-P-000499,EV-682333FF07,2026-07-13T12:52:24.743656,True,2,2,mock_images/MCH-P-000499_1217d3.jpg,0.961,0.18,0.096,PASS,OP-005
MCH-P-000500,EV-8B39D8AD12,2026-07-19T08:02:24.743804,True,6,6,mock_images/MCH-P-000500_6db6fd.jpg,0.99,0.002,0.091,PASS,OP-001
MCH-P-000500,EV-3CD457D2D8,2026-08-15T21:59:24.743931,True,1,1,mock_images/MCH-P-000500_95870b.jpg,0.95,0.05,0.073,PASS,OP-003
MCH-P-000500,EV-F9DA316863,2026-05-02T01:07:24.744071,True,4,4,mock_images/MCH-P-000500_13b34a.jpg,0.957,0.136,0.045,PASS,OP-004
